data,ru,refeicao,preparacao,otimo,otimo_pct,regular,regular_pct,ruim,ruim_pct,isc,sheet_origem,mes
2026-01-05,P1,Jantar,Sobrecoxa Desossada ao M.,22.0,0.6285714286,6.0,0.1714285714,7.0,0.2,7.342857143,ISC jan,2026-01
2026-01-05,B,Jantar,Sobrecoxa Desossada ao M.,30.0,0.612244898,8.0,0.1632653061,11.0,0.2244897959,7.163265306,ISC jan,2026-01
2026-01-05,P1,Jantar,Cubos Suíno ao molho barbecue,28.0,0.9032258064516129,2.0,0.06451612903225806,1.0,0.03225806451612903,9.387096774193548,ISC jan,2026-01
2026-01-05,B,Jantar,Cubos Suíno ao molho barbecue,28.0,0.875,2.0,0.0625,2.0,0.0625,9.125,ISC jan,2026-01
2026-01-05,P1,Jantar,Bolinha de grão de bico,7.0,0.875,1.0,0.125,0.0,0.0,9.375,ISC jan,2026-01
2026-01-05,B,Jantar,Bolinha de grão de bico,3.0,0.6,1.0,0.2,1.0,0.2,7.2,ISC jan,2026-01
2026-01-06,P1,Jantar,Cubos de Frango com Batata Rústica,31.0,0.6326530612244898,12.0,0.24489795918367346,6.0,0.12244897959183673,7.673469387755102,ISC jan,2026-01
2026-01-06,B,Jantar,Cubos de Frango com Batata Rústica,23.0,0.6764705882352942,11.0,0.3235294117647059,0.0,0.0,8.382352941176471,ISC jan,2026-01
2026-01-06,P1,Jantar,Carne Moída ao Molho,46.0,0.8214285714285714,6.0,0.10714285714285714,4.0,0.07142857142857142,8.821428571428571,ISC jan,2026-01
2026-01-06,B,Jantar,Carne Moída ao Molho,33.0,0.717391304347826,7.0,0.15217391304347827,6.0,0.13043478260869565,8.065217391304348,ISC jan,2026-01
2026-01-06,P1,Jantar,Jardineira de Soja,12.0,0.48,3.0,0.12,10.0,0.4,5.8,ISC jan,2026-01
2026-01-06,B,Jantar,Jardineira de Soja,4.0,0.5714285714285714,3.0,0.42857142857142855,0.0,0.0,7.857142857142857,ISC jan,2026-01
2026-01-07,P1,Jantar,Sobrecoxa Assada/ ao Forno,33.0,0.868421052631579,3.0,0.07894736842105263,2.0,0.05263157894736842,9.131578947368421,ISC jan,2026-01
2026-01-07,B,Jantar,Sobrecoxa Assada/ ao Forno,20.0,0.6451612903225806,5.0,0.16129032258064516,6.0,0.1935483870967742,7.451612903225806,ISC jan,2026-01
2026-01-07,P1,Jantar,Assado de Panela,51.0,0.864406779661017,5.0,0.0847457627118644,3.0,0.05084745762711865,9.11864406779661,ISC jan,2026-01
2026-01-07,B,Jantar,Assado de Panela,50.0,0.819672131147541,10.0,0.16393442622950818,1.0,0.01639344262295082,9.032786885245901,ISC jan,2026-01
2026-01-07,P1,Jantar,Lasanha de Batatas,6.0,0.46153846153846156,5.0,0.38461538461538464,2.0,0.15384615384615385,6.6923076923076925,ISC jan,2026-01
2026-01-07,B,Jantar,Lasanha de Batatas,10.0,0.2222222222222222,15.0,0.3333333333333333,20.0,0.4444444444444444,4.333333333333333,ISC jan,2026-01
2026-01-08,P1,Jantar,Estrogonofe de Frango,67.0,0.8701298701298701,7.0,0.09090909090909091,3.0,0.03896103896103896,9.194805194805195,ISC jan,2026-01
2026-01-08,B,Jantar,Estrogonofe de Frango,60.0,0.9090909090909091,6.0,0.09090909090909091,0.0,0.0,9.545454545454545,ISC jan,2026-01
2026-01-08,P1,Jantar,Suíno Acebolado,42.0,0.8571428571428571,5.0,0.10204081632653061,2.0,0.04081632653061224,9.122448979591837,ISC jan,2026-01
2026-01-08,B,Jantar,Suíno Acebolado,20.0,0.9523809523809523,1.0,0.047619047619047616,0.0,0.0,9.761904761904763,ISC jan,2026-01
2026-01-08,P1,Jantar,Assado de Lentilha,8.0,0.38095238095238093,2.0,0.09523809523809523,11.0,0.5238095238095238,4.809523809523809,ISC jan,2026-01
2026-01-08,B,Jantar,Assado de Lentilha,6.0,0.6666666666666666,2.0,0.2222222222222222,1.0,0.1111111111111111,7.888888888888889,ISC jan,2026-01
2026-01-09,P1,Jantar,Sobrecoxa Desossada,15.0,0.6521739130434783,5.0,0.21739130434782608,3.0,0.13043478260869565,7.739130434782608,ISC jan,2026-01
2026-01-09,B,Jantar,Sobrecoxa Desossada,16.0,0.6956521739130435,0.0,0.0,7.0,0.30434782608695654,7.260869565217392,ISC jan,2026-01
2026-01-09,P1,Jantar,Escondidinho de Carne,79.0,0.8876404494382022,1.0,0.011235955056179775,9.0,0.10112359550561797,9.03370786516854,ISC jan,2026-01
2026-01-09,B,Jantar,Escondidinho de Carne,63.0,0.8181818181818182,6.0,0.07792207792207792,8.0,0.1038961038961039,8.675324675324676,ISC jan,2026-01
2026-01-09,P1,Jantar,Bolinho de Ervilha com Aveia,3.0,0.375,2.0,0.25,3.0,0.375,5.375,ISC jan,2026-01
2026-01-09,B,Jantar,Bolinho de Ervilha com Aveia,1.0,0.5,1.0,0.5,0.0,0.0,7.5,ISC jan,2026-01
2026-01-12,P1,Jantar,Cubos de Frango com Ervas,15.0,0.75,2.0,0.1,3.0,0.15,8.15,ISC jan,2026-01
2026-01-12,B,Jantar,Cubos de Frango com Ervas,18.0,0.782608695652174,5.0,0.21739130434782608,0.0,0.0,8.91304347826087,ISC jan,2026-01
2026-01-12,P1,Jantar,Isca de Carne ao M. Tomate,92.0,0.5859872611464968,41.0,0.2611464968152866,24.0,0.15286624203821655,7.318471337579618,ISC jan,2026-01
2026-01-12,B,Jantar,Isca de Carne ao M. Tomate,48.0,0.8275862068965517,7.0,0.1206896551724138,3.0,0.05172413793103448,8.931034482758621,ISC jan,2026-01
2026-01-12,P1,Jantar,Salpicão vegano,12.0,0.46153846153846156,4.0,0.15384615384615385,10.0,0.38461538461538464,5.769230769230769,ISC jan,2026-01
2026-01-12,B,Jantar,Salpicão vegano,3.0,0.5,3.0,0.5,0.0,0.0,7.5,ISC jan,2026-01
2026-01-13,P1,Jantar,Sobrecoxa Desossada,30.0,0.6818181818181818,12.0,0.2727272727272727,2.0,0.045454545454545456,8.227272727272727,ISC jan,2026-01
2026-01-13,B,Jantar,Sobrecoxa Desossada,45.0,0.9,4.0,0.08,1.0,0.02,9.42,ISC jan,2026-01
2026-01-13,P1,Jantar,Carne Moída à Bolonhesa,90.0,0.7692307692307693,16.0,0.13675213675213677,11.0,0.09401709401709402,8.47008547008547,ISC jan,2026-01
2026-01-13,B,Jantar,Carne Moída à Bolonhesa,36.0,0.8780487804878049,4.0,0.0975609756097561,1.0,0.024390243902439025,9.292682926829269,ISC jan,2026-01
2026-01-13,P1,Jantar,Hambúrguer de Soja,6.0,0.42857142857142855,1.0,0.07142857142857142,7.0,0.5,5.142857142857143,ISC jan,2026-01
2026-01-13,B,Jantar,Hambúrguer de Soja,11.0,0.8461538461538461,1.0,0.07692307692307693,1.0,0.07692307692307693,8.923076923076923,ISC jan,2026-01
2026-01-14,P1,Jantar,Isca de Frango Acebolado,29.0,0.6304347826086957,15.0,0.32608695652173914,2.0,0.043478260869565216,7.978260869565218,ISC jan,2026-01
2026-01-14,B,Jantar,Isca de Frango Acebolado,23.0,0.8846153846153846,2.0,0.07692307692307693,1.0,0.038461538461538464,9.26923076923077,ISC jan,2026-01
2026-01-14,P1,Jantar,Suíno ao M. Escuro,43.0,0.8431372549019608,3.0,0.058823529411764705,5.0,0.09803921568627451,8.823529411764707,ISC jan,2026-01
2026-01-14,B,Jantar,Suíno ao M. Escuro,32.0,0.9142857142857143,2.0,0.05714285714285714,1.0,0.02857142857142857,9.457142857142857,ISC jan,2026-01
2026-01-14,P1,Jantar,Panqueca Vegana ao Molho Branco,12.0,0.5217391304347826,5.0,0.21739130434782608,6.0,0.2608695652173913,6.565217391304348,ISC jan,2026-01
2026-01-14,B,Jantar,Panqueca Vegana ao Molho Branco,17.0,0.8095238095238095,4.0,0.19047619047619047,0.0,0.0,9.047619047619047,ISC jan,2026-01
2026-01-15,P1,Jantar,Peixe à Delícia,42.0,0.8936170212765957,2.0,0.0425531914893617,3.0,0.06382978723404255,9.212765957446809,ISC jan,2026-01
2026-01-15,B,Jantar,Peixe à Delícia,45.0,0.8653846153846154,5.0,0.09615384615384616,2.0,0.038461538461538464,9.173076923076923,ISC jan,2026-01
2026-01-15,P1,Jantar,Cubos Carne ao M. Madeira,53.0,0.5760869565217391,16.0,0.17391304347826086,23.0,0.25,6.880434782608695,ISC jan,2026-01
2026-01-15,B,Jantar,Cubos Carne ao M. Madeira,21.0,0.525,10.0,0.25,9.0,0.225,6.725,ISC jan,2026-01
2026-01-15,P1,Jantar,Suflê de Legumes,4.0,0.3333333333333333,2.0,0.16666666666666666,6.0,0.5,4.666666666666667,ISC jan,2026-01
2026-01-15,B,Jantar,Suflê de Legumes,5.0,0.38461538461538464,0.0,0.0,8.0,0.6153846153846154,4.461538461538462,ISC jan,2026-01
2026-01-16,P1,Jantar,Cubos de Frango ao M. Escuro,30.0,0.5769230769230769,15.0,0.28846153846153844,7.0,0.1346153846153846,7.346153846153846,ISC jan,2026-01
2026-01-16,B,Jantar,Cubos de Frango ao M. Escuro,22.0,0.7586206896551724,5.0,0.1724137931034483,2.0,0.06896551724137931,8.517241379310345,ISC jan,2026-01
2026-01-16,P1,Jantar,Torta de Calabresa,46.0,0.6301369863013698,19.0,0.2602739726027397,8.0,0.1095890410958904,7.712328767123288,ISC jan,2026-01
2026-01-16,B,Jantar,Torta de Calabresa,45.0,0.7627118644067796,9.0,0.15254237288135594,5.0,0.0847457627118644,8.474576271186441,ISC jan,2026-01
2026-01-16,P1,Jantar,Torta de Legumes,7.0,0.25925925925925924,10.0,0.37037037037037035,10.0,0.37037037037037035,4.814814814814815,ISC jan,2026-01
2026-01-16,B,Jantar,Torta de Legumes,2.0,0.4,2.0,0.4,1.0,0.2,6.2,ISC jan,2026-01
2026-01-19,P1,Jantar,Sobrecoxa ao M. de Ervas,20.0,0.7692307692307693,6.0,0.23076923076923078,0.0,0.0,8.846153846153847,ISC jan,2026-01
2026-01-19,B,Jantar,Sobrecoxa ao M. de Ervas,15.0,0.6521739130434783,4.0,0.17391304347826086,4.0,0.17391304347826086,7.565217391304348,ISC jan,2026-01
2026-01-19,P1,Jantar,Isca de Carne Acebolada,45.0,0.8035714285714286,5.0,0.08928571428571429,6.0,0.10714285714285714,8.589285714285714,ISC jan,2026-01
2026-01-19,B,Jantar,Isca de Carne Acebolada,34.0,0.85,2.0,0.05,4.0,0.1,8.85,ISC jan,2026-01
2026-01-19,P1,Jantar,Rocambole de Grão de Bico,26.0,0.7647058823529411,2.0,0.058823529411764705,6.0,0.17647058823529413,8.117647058823529,ISC jan,2026-01
2026-01-19,B,Jantar,Rocambole de Grão de Bico,5.0,0.5555555555555556,1.0,0.1111111111111111,3.0,0.3333333333333333,6.444444444444445,ISC jan,2026-01
2026-01-20,P1,Jantar,Cubos de Frango Acebolado,23.0,0.8214285714285714,3.0,0.10714285714285714,2.0,0.07142857142857142,8.821428571428571,ISC jan,2026-01
2026-01-20,B,Jantar,Cubos de Frango Acebolado,18.0,0.8571428571428571,3.0,0.14285714285714285,0.0,0.0,9.285714285714286,ISC jan,2026-01
2026-01-20,P1,Jantar,Carne Moída Refogada,39.0,0.7358490566037735,8.0,0.1509433962264151,6.0,0.11320754716981132,8.226415094339623,ISC jan,2026-01
2026-01-20,B,Jantar,Carne Moída Refogada,25.0,0.9259259259259259,2.0,0.07407407407407407,0.0,0.0,9.62962962962963,ISC jan,2026-01
2026-01-20,P1,Jantar,Soja Tropical,11.0,0.6875,3.0,0.1875,2.0,0.125,7.9375,ISC jan,2026-01
2026-01-20,B,Jantar,Soja Tropical,2.0,0.6666666666666666,1.0,0.3333333333333333,0.0,0.0,8.333333333333334,ISC jan,2026-01
2026-01-21,P1,Jantar,Sobrecoxa Assada,36.0,0.8,4.0,0.08888888888888889,5.0,0.1111111111111111,8.555555555555555,ISC jan,2026-01
2026-01-21,B,Jantar,Sobrecoxa Assada,19.0,0.8260869565217391,2.0,0.08695652173913043,2.0,0.08695652173913043,8.782608695652174,ISC jan,2026-01
2026-01-21,P1,Jantar,Picadinho com Legumes,31.0,0.8611111111111112,3.0,0.08333333333333333,2.0,0.05555555555555555,9.083333333333334,ISC jan,2026-01
2026-01-21,B,Jantar,Picadinho com Legumes,20.0,0.8,5.0,0.2,0.0,0.0,9.0,ISC jan,2026-01
2026-01-21,P1,Jantar,Bobó de Legumes,5.0,0.5,3.0,0.3,2.0,0.2,6.7,ISC jan,2026-01
2026-01-21,B,Jantar,Bobó de Legumes,2.0,0.6666666666666666,1.0,0.3333333333333333,0.0,0.0,8.333333333333334,ISC jan,2026-01
2026-01-22,P1,Jantar,Cubos de Frango com Ervas,21.0,0.7,5.0,0.16666666666666666,4.0,0.13333333333333333,7.966666666666667,ISC jan,2026-01
2026-01-22,B,Jantar,Cubos de Frango com Ervas,14.0,0.7777777777777778,2.0,0.1111111111111111,2.0,0.1111111111111111,8.444444444444445,ISC jan,2026-01
2026-01-22,P1,Jantar,Cubo suíno acebolado,36.0,0.782608695652174,5.0,0.10869565217391304,5.0,0.10869565217391304,8.478260869565217,ISC jan,2026-01
2026-01-22,B,Jantar,Cubo suíno acebolado,20.0,0.8333333333333334,3.0,0.125,1.0,0.041666666666666664,9.0,ISC jan,2026-01
2026-01-22,P1,Jantar,Bolo Salgado Vegano,2.0,0.2222222222222222,4.0,0.4444444444444444,3.0,0.3333333333333333,4.777777777777778,ISC jan,2026-01
2026-01-22,B,Jantar,Bolo Salgado Vegano,4.0,0.8,1.0,0.2,0.0,0.0,9.0,ISC jan,2026-01
2026-01-23,P1,Jantar,Sobrecoxa Assada,11.0,0.7333333333333333,4.0,0.26666666666666666,0.0,0.0,8.666666666666666,ISC jan,2026-01
2026-01-23,B,Jantar,Sobrecoxa Assada,8.0,0.6666666666666666,2.0,0.16666666666666666,2.0,0.16666666666666666,7.666666666666667,ISC jan,2026-01
2026-01-23,P1,Jantar,Lasanha de Calabresa,76.0,0.8837209302325582,9.0,0.10465116279069768,1.0,0.011627906976744186,9.372093023255815,ISC jan,2026-01
2026-01-23,B,Jantar,Lasanha de Calabresa,23.0,0.92,2.0,0.08,0.0,0.0,9.6,ISC jan,2026-01
2026-01-23,P1,Jantar,Lasanha de Brócolis,8.0,0.8888888888888888,1.0,0.1111111111111111,0.0,0.0,9.444444444444445,ISC jan,2026-01
2026-01-23,B,Jantar,Lasanha de Brócolis,2.0,1.0,0.0,0.0,0.0,0.0,10.0,ISC jan,2026-01
2026-01-26,P1,Jantar,Cubos de Frango ao M. de Ervas,15.0,0.6818181818181818,5.0,0.22727272727272727,2.0,0.09090909090909091,8.045454545454545,ISC jan,2026-01
2026-01-26,B,Jantar,Cubos de Frango ao M. de Ervas,15.0,0.75,3.0,0.15,2.0,0.1,8.35,ISC jan,2026-01
2026-01-26,P1,Jantar,Suíno à Carioca,38.0,0.9047619047619048,1.0,0.023809523809523808,3.0,0.07142857142857142,9.238095238095237,ISC jan,2026-01
2026-01-26,B,Jantar,Suíno à Carioca,10.0,0.8333333333333334,2.0,0.16666666666666666,0.0,0.0,9.166666666666666,ISC jan,2026-01
2026-01-26,P1,Jantar,Estrogonofe de Legumes,6.0,0.75,0.0,0.0,2.0,0.25,7.75,ISC jan,2026-01
2026-01-26,B,Jantar,Estrogonofe de Legumes,2.0,0.6666666666666666,1.0,0.3333333333333333,0.0,0.0,8.333333333333334,ISC jan,2026-01
2026-01-27,P1,Jantar,Sobrecoxa Desosssada Crocante,18.0,0.6666666666666666,4.0,0.14814814814814814,5.0,0.18518518518518517,7.592592592592593,ISC jan,2026-01
2026-01-27,B,Jantar,Sobrecoxa Desosssada Crocante,8.0,1.0,0.0,0.0,0.0,0.0,10.0,ISC jan,2026-01
2026-01-27,P1,Jantar,Carne Moída ao M. Tomate,29.0,0.9354838709677419,2.0,0.06451612903225806,0.0,0.0,9.67741935483871,ISC jan,2026-01
2026-01-27,B,Jantar,Carne Moída ao M. Tomate,12.0,0.8,1.0,0.06666666666666667,2.0,0.13333333333333333,8.466666666666667,ISC jan,2026-01
2026-01-27,P1,Jantar,Soja à Bolonhesa,4.0,0.6666666666666666,2.0,0.3333333333333333,0.0,0.0,8.333333333333334,ISC jan,2026-01
2026-01-27,B,Jantar,Soja à Bolonhesa,1.0,0.038461538461538464,1.0,0.038461538461538464,24.0,0.9230769230769231,1.5,ISC jan,2026-01
2026-01-28,P1,Jantar,Cubos de Frango ao M. de Legumes,12.0,0.8,3.0,0.2,0.0,0.0,9.0,ISC jan,2026-01
2026-01-28,B,Jantar,Cubos de Frango ao M. de Legumes,7.0,0.7777777777777778,1.0,0.1111111111111111,1.0,0.1111111111111111,8.444444444444445,ISC jan,2026-01
2026-01-28,P1,Jantar,Estrogonofe de Carne,35.0,0.7142857142857143,10.0,0.20408163265306123,4.0,0.08163265306122448,8.244897959183673,ISC jan,2026-01
2026-01-28,B,Jantar,Estrogonofe de Carne,6.0,0.8571428571428571,1.0,0.14285714285714285,0.0,0.0,9.285714285714286,ISC jan,2026-01
2026-01-28,P1,Jantar,Almôndegas de Lentilha,4.0,0.8,1.0,0.2,0.0,0.0,9.0,ISC jan,2026-01
2026-01-28,B,Jantar,Almôndegas de Lentilha,0.0,0.0,1.0,0.5,1.0,0.5,3.0,ISC jan,2026-01
2026-01-29,P1,Jantar,Peixe ao M. Branco,18.0,0.782608695652174,2.0,0.08695652173913043,3.0,0.13043478260869565,8.391304347826088,ISC jan,2026-01
2026-01-29,B,Jantar,Peixe ao M. Branco,33.0,0.9428571428571428,1.0,0.02857142857142857,1.0,0.02857142857142857,9.6,ISC jan,2026-01
2026-01-29,P1,Jantar,Isca de Carne Chinesa,27.0,0.84375,3.0,0.09375,2.0,0.0625,8.96875,ISC jan,2026-01
2026-01-29,B,Jantar,Isca de Carne Chinesa,14.0,0.875,1.0,0.0625,1.0,0.0625,9.125,ISC jan,2026-01
2026-01-29,P1,Jantar,Yakissoba Vegetariano,9.0,1.0,0.0,0.0,0.0,0.0,10.0,ISC jan,2026-01
2026-01-29,B,Jantar,Yakissoba Vegetariano,1.0,0.5,1.0,0.5,0.0,0.0,7.5,ISC jan,2026-01
2026-01-30,P1,Jantar,Creme de Frango,11.0,0.6470588235294118,6.0,0.35294117647058826,0.0,0.0,8.235294117647058,ISC jan,2026-01
2026-01-30,B,Jantar,Creme de Frango,15.0,0.75,3.0,0.15,2.0,0.1,8.35,ISC jan,2026-01
2026-01-30,P1,Jantar,Cubo suíno acebolado,9.0,0.9,1.0,0.1,0.0,0.0,9.5,ISC jan,2026-01
2026-01-30,B,Jantar,Cubo suíno acebolado,10.0,0.8333333333333334,2.0,0.16666666666666666,0.0,0.0,9.166666666666666,ISC jan,2026-01
2026-01-30,P1,Jantar,Escondidinho de Legumes,0.0,0.0,0.0,0.0,2.0,1.0,1.0,ISC jan,2026-01
2026-01-30,B,Jantar,Escondidinho de Legumes,2.0,0.6666666666666666,1.0,0.3333333333333333,0.0,0.0,8.333333333333334,ISC jan,2026-01
2026-02-02,P1,Jantar,Sobrecoxa ao M. de Ervas,9.0,0.8181818181818182,2.0,0.18181818181818182,0.0,0.0,9.090909090909092,ISC jan,2026-02
2026-02-02,B,Jantar,Sobrecoxa ao M. de Ervas,7.0,1.0,0.0,0.0,0.0,0.0,10.0,ISC jan,2026-02
2026-02-02,P1,Jantar,Cubos Suíno ao molho barbecue,11.0,0.9166666666666666,1.0,0.08333333333333333,0.0,0.0,9.583333333333334,ISC jan,2026-02
2026-02-02,B,Jantar,Cubos Suíno ao molho barbecue,10.0,0.9090909090909091,1.0,0.09090909090909091,0.0,0.0,9.545454545454545,ISC jan,2026-02
2026-02-02,P1,Jantar,Bolinha de grão de bico,0.0,0.0,1.0,1.0,0.0,0.0,5.0,ISC jan,2026-02
2026-02-02,B,Jantar,Bolinha de grão de bico,1.0,1.0,0.0,0.0,0.0,0.0,10.0,ISC jan,2026-02
2026-02-03,P1,Jantar,Cubos de Frango com Batata Rústica,14.0,0.9333333333333333,1.0,0.06666666666666667,0.0,0.0,9.666666666666666,ISC jan,2026-02
2026-02-03,B,Jantar,Cubos de Frango com Batata Rústica,12.0,0.8571428571428571,1.0,0.07142857142857142,1.0,0.07142857142857142,9.0,ISC jan,2026-02
2026-02-03,P1,Jantar,Carne Moída Refogada,13.0,0.9285714285714286,1.0,0.07142857142857142,0.0,0.0,9.642857142857142,ISC jan,2026-02
2026-02-03,B,Jantar,Carne Moída Refogada,17.0,0.9444444444444444,0.0,0.0,1.0,0.05555555555555555,9.5,ISC jan,2026-02
2026-02-03,P1,Jantar,Jardineira de Soja,2.0,1.0,0.0,0.0,0.0,0.0,10.0,ISC jan,2026-02
2026-02-03,B,Jantar,Jardineira de Soja,5.0,0.3333333333333333,0.0,0.0,10.0,0.6666666666666666,4.0,ISC jan,2026-02
2026-02-04,P1,Jantar,Sobrecoxa Assada,2.0,1.0,0.0,0.0,0.0,0.0,10.0,ISC jan,2026-02
2026-02-04,B,Jantar,Sobrecoxa Assada,1.0,0.3333333333333333,1.0,0.3333333333333333,1.0,0.3333333333333333,5.333333333333333,ISC jan,2026-02
2026-02-04,P1,Jantar,Assado de Panela,14.0,0.875,2.0,0.125,0.0,0.0,9.375,ISC jan,2026-02
2026-02-04,B,Jantar,Assado de Panela,8.0,0.8888888888888888,1.0,0.1111111111111111,0.0,0.0,9.444444444444445,ISC jan,2026-02
2026-02-04,P1,Jantar,Lasanha de Batatas,3.0,1.0,0.0,0.0,0.0,0.0,10.0,ISC jan,2026-02
2026-02-04,B,Jantar,Lasanha de Batatas,3.0,0.75,0.0,0.0,1.0,0.25,7.75,ISC jan,2026-02
2026-02-05,P1,Jantar,Estrogonofe de Frango,3.0,1.0,0.0,0.0,0.0,0.0,10.0,ISC jan,2026-02
2026-02-05,B,Jantar,Estrogonofe de Frango,9.0,0.9,1.0,0.1,0.0,0.0,9.5,ISC jan,2026-02
2026-02-05,P1,Jantar,Cubos Suíno Acebolado,2.0,1.0,0.0,0.0,0.0,0.0,10.0,ISC jan,2026-02
2026-02-05,B,Jantar,Cubos Suíno Acebolado,7.0,1.0,0.0,0.0,0.0,0.0,10.0,ISC jan,2026-02
2026-02-05,P1,Jantar,Assado de Lentilha,0.0,,0.0,,0.0,,,ISC jan,2026-02
2026-02-05,B,Jantar,Assado de Lentilha,0.0,,0.0,,0.0,,,ISC jan,2026-02
2026-02-06,P1,Jantar,Sobrecoxa Assada,6.0,0.8571428571428571,1.0,0.14285714285714285,0.0,0.0,9.285714285714286,ISC jan,2026-02
2026-02-06,B,Jantar,Sobrecoxa Assada,2.0,1.0,0.0,0.0,0.0,0.0,10.0,ISC jan,2026-02
2026-02-06,P1,Jantar,Escondidinho de Carne,21.0,0.875,2.0,0.08333333333333333,1.0,0.041666666666666664,9.208333333333334,ISC jan,2026-02
2026-02-06,B,Jantar,Escondidinho de Carne,12.0,0.9230769230769231,1.0,0.07692307692307693,0.0,0.0,9.615384615384615,ISC jan,2026-02
2026-02-06,P1,Jantar,Bolinho de Ervilha com Aveia,0.0,,0.0,,0.0,,,ISC jan,2026-02
2026-02-06,B,Jantar,Bolinho de Ervilha com Aveia,0.0,,0.0,,0.0,,,ISC jan,2026-02
2026-02-09,P1,Jantar,Isca de Frango com Ervas,9.0,0.9,1.0,0.1,0.0,0.0,9.5,ISC jan,2026-02
2026-02-09,B,Jantar,Isca de Frango com Ervas,6.0,0.6666666666666666,1.0,0.1111111111111111,2.0,0.2222222222222222,7.444444444444445,ISC jan,2026-02
2026-02-09,P1,Jantar,Cubo suíno acebolado,15.0,0.8823529411764706,2.0,0.11764705882352941,0.0,0.0,9.411764705882353,ISC jan,2026-02
2026-02-09,B,Jantar,Cubo suíno acebolado,6.0,1.0,0.0,0.0,0.0,0.0,10.0,ISC jan,2026-02
2026-02-09,P1,Jantar,Salpicão vegano,0.0,,0.0,,0.0,,,ISC jan,2026-02
2026-02-09,B,Jantar,Salpicão vegano,0.0,,0.0,,0.0,,,ISC jan,2026-02
2026-02-10,P1,Jantar,Sobrecoxa Desossada,5.0,1.0,0.0,0.0,0.0,0.0,10.0,ISC jan,2026-02
2026-02-10,B,Jantar,Sobrecoxa Desossada,2.0,0.5,0.0,0.0,2.0,0.5,5.5,ISC jan,2026-02
2026-02-10,P1,Jantar,Isca Carne ao M. Tomate,25.0,1.0,0.0,0.0,0.0,0.0,10.0,ISC jan,2026-02
2026-02-10,B,Jantar,Isca Carne ao M. Tomate,7.0,0.7777777777777778,2.0,0.2222222222222222,0.0,0.0,8.88888888888889,ISC jan,2026-02
2026-02-10,P1,Jantar,Hambúrguer de Soja,0.0,,0.0,,0.0,,,ISC jan,2026-02
2026-02-10,B,Jantar,Hambúrguer de Soja,0.0,,0.0,,0.0,,,ISC jan,2026-02
2026-02-11,P1,Jantar,Isca de Frango Acebolado,6.0,0.8571428571428571,1.0,0.14285714285714285,0.0,0.0,9.285714285714286,ISC jan,2026-02
2026-02-11,B,Jantar,Isca de Frango Acebolado,15.0,1.0,0.0,0.0,0.0,0.0,10.0,ISC jan,2026-02
2026-02-11,P1,Jantar,Cubo Suíno ao M. Escuro,11.0,0.9166666666666666,1.0,0.08333333333333333,0.0,0.0,9.583333333333334,ISC jan,2026-02
2026-02-11,B,Jantar,Cubo Suíno ao M. Escuro,11.0,1.0,0.0,0.0,0.0,0.0,10.0,ISC jan,2026-02
2026-02-11,P1,Jantar,Panqueca Vegana ao Molho Branco,2.0,1.0,0.0,0.0,0.0,0.0,10.0,ISC jan,2026-02
2026-02-11,B,Jantar,Panqueca Vegana ao Molho Branco,2.0,1.0,0.0,0.0,0.0,0.0,10.0,ISC jan,2026-02
2026-02-12,P1,Jantar,Peixe à Delícia,1.0,1.0,0.0,0.0,0.0,0.0,10.0,ISC jan,2026-02
2026-02-12,B,Jantar,Peixe à Delícia,11.0,0.7857142857142857,2.0,0.14285714285714285,1.0,0.07142857142857142,8.642857142857142,ISC jan,2026-02
2026-02-12,P1,Jantar,Cubos de Carne ao M. Madeira,12.0,0.8,2.0,0.13333333333333333,1.0,0.06666666666666667,8.733333333333333,ISC jan,2026-02
2026-02-12,B,Jantar,Cubos de Carne ao M. Madeira,6.0,0.8571428571428571,0.0,0.0,1.0,0.14285714285714285,8.714285714285714,ISC jan,2026-02
2026-02-12,P1,Jantar,Suflê de Legumes,0.0,,0.0,,0.0,,,ISC jan,2026-02
2026-02-12,B,Jantar,Suflê de Legumes,1.0,1.0,0.0,0.0,0.0,0.0,10.0,ISC jan,2026-02
2026-02-13,P1,Jantar,Cubos de Frango ao M. Escuro,3.0,0.75,1.0,0.25,0.0,0.0,8.75,ISC jan,2026-02
2026-02-13,B,Jantar,Cubos de Frango ao M. Escuro,7.0,0.875,1.0,0.125,0.0,0.0,9.375,ISC jan,2026-02
2026-02-13,P1,Jantar,Torta de Calabresa,9.0,0.6428571428571429,1.0,0.07142857142857142,4.0,0.2857142857142857,7.071428571428571,ISC jan,2026-02
2026-02-13,B,Jantar,Torta de Calabresa,4.0,1.0,0.0,0.0,0.0,0.0,10.0,ISC jan,2026-02
2026-02-13,P1,Jantar,Torta de Legumes,0.0,,0.0,,0.0,,,ISC jan,2026-02
2026-02-13,B,Jantar,Torta de Legumes,0.0,,0.0,,0.0,,,ISC jan,2026-02
2026-02-19,P1,Jantar,Cubos de Frango com Ervas,7.0,1.0,0.0,0.0,0.0,0.0,10.0,ISC jan,2026-02
2026-02-19,B,Jantar,Cubos de Frango com Ervas,2.0,0.25,0.0,0.0,6.0,0.75,3.25,ISC jan,2026-02
2026-02-19,P1,Jantar,Cubo suíno acebolado,15.0,1.0,0.0,0.0,0.0,0.0,10.0,ISC jan,2026-02
2026-02-19,B,Jantar,Cubo suíno acebolado,8.0,0.8,2.0,0.2,0.0,0.0,9.0,ISC jan,2026-02
2026-02-19,P1,Jantar,Bolo Salgado Vegano,0.0,,0.0,,0.0,,,ISC jan,2026-02
2026-02-19,B,Jantar,Bolo Salgado Vegano,0.0,,0.0,,0.0,,,ISC jan,2026-02
2026-02-20,P1,Jantar,Sobrecoxa Assada,2.0,1.0,0.0,0.0,0.0,0.0,10.0,ISC jan,2026-02
2026-02-20,B,Jantar,Sobrecoxa Assada,1.0,1.0,0.0,0.0,0.0,0.0,10.0,ISC jan,2026-02
2026-02-20,P1,Jantar,Lasanha de Calabresa,14.0,1.0,0.0,0.0,0.0,0.0,10.0,ISC jan,2026-02
2026-02-20,B,Jantar,Lasanha de Calabresa,14.0,1.0,0.0,0.0,0.0,0.0,10.0,ISC jan,2026-02
2026-02-20,P1,Jantar,Lasanha de Brócolis,1.0,0.5,0.0,0.0,1.0,0.5,5.5,ISC jan,2026-02
2026-02-20,B,Jantar,Lasanha de Brócolis,2.0,0.6666666666666666,1.0,0.3333333333333333,0.0,0.0,8.333333333333334,ISC jan,2026-02
2026-02-23,P1,Jantar,Frango ao Molho de Ervas,6.0,0.6,3.0,0.3,1.0,0.1,7.6,ISC jan,2026-02
2026-02-23,B,Jantar,Frango ao Molho de Ervas,5.0,0.8333333333333334,1.0,0.16666666666666666,0.0,0.0,9.166666666666666,ISC jan,2026-02
2026-02-23,P1,Jantar,Suíno à Carioca,13.0,0.8666666666666667,2.0,0.13333333333333333,0.0,0.0,9.333333333333334,ISC jan,2026-02
2026-02-23,B,Jantar,Suíno à Carioca,4.0,1.0,0.0,0.0,0.0,0.0,10.0,ISC jan,2026-02
2026-02-23,P1,Jantar,Estrogonofe de Legumes,0.0,,0.0,,0.0,,,ISC jan,2026-02
2026-02-23,B,Jantar,Estrogonofe de Legumes,0.0,,0.0,,0.0,,,ISC jan,2026-02
2026-02-24,P1,Jantar,Sobrecoxa Crocante,5.0,0.625,3.0,0.375,0.0,0.0,8.125,ISC jan,2026-02
2026-02-24,B,Jantar,Sobrecoxa Crocante,1.0,1.0,0.0,0.0,0.0,0.0,10.0,ISC jan,2026-02
2026-02-24,P1,Jantar,Estrogonofe de Carne,13.0,1.0,0.0,0.0,0.0,0.0,10.0,ISC jan,2026-02
2026-02-24,B,Jantar,Estrogonofe de Carne,16.0,0.9411764705882353,1.0,0.058823529411764705,0.0,0.0,9.705882352941176,ISC jan,2026-02
2026-02-24,P1,Jantar,Soja á Bolonhesa,0.0,0.0,1.0,1.0,0.0,0.0,5.0,ISC jan,2026-02
2026-02-24,B,Jantar,Soja á Bolonhesa,0.0,0.0,0.0,0.0,1.0,1.0,1.0,ISC jan,2026-02
2026-02-25,P1,Jantar,Cubos de Frango ao M. de Legumes,8.0,0.6153846153846154,5.0,0.38461538461538464,0.0,0.0,8.076923076923077,ISC jan,2026-02
2026-02-25,B,Jantar,Cubos de Frango ao M. de Legumes,3.0,1.0,0.0,0.0,0.0,0.0,10.0,ISC jan,2026-02
2026-02-25,P1,Jantar,Cubo Suíno ao M. Escuro,12.0,0.8,2.0,0.13333333333333333,1.0,0.06666666666666667,8.733333333333333,ISC jan,2026-02
2026-02-25,B,Jantar,Cubo Suíno ao M. Escuro,0.0,0.0,2.0,1.0,0.0,0.0,5.0,ISC jan,2026-02
2026-02-25,P1,Jantar,Almôndegas de Lentilha,2.0,0.4,1.0,0.2,2.0,0.4,5.4,ISC jan,2026-02
2026-02-25,B,Jantar,Almôndegas de Lentilha,0.0,,0.0,,0.0,,,ISC jan,2026-02
2026-02-26,P1,Jantar,Peixe ao M. Branco,14.0,0.875,2.0,0.125,0.0,0.0,9.375,ISC jan,2026-02
2026-02-26,B,Jantar,Peixe ao M. Branco,5.0,0.8333333333333334,1.0,0.16666666666666666,0.0,0.0,9.166666666666666,ISC jan,2026-02
2026-02-26,P1,Jantar,Isca de Carne Chinesa,23.0,1.0,0.0,0.0,0.0,0.0,10.0,ISC jan,2026-02
2026-02-26,B,Jantar,Isca de Carne Chinesa,10.0,1.0,0.0,0.0,0.0,0.0,10.0,ISC jan,2026-02
2026-02-26,P1,Jantar,Yakissoba Vegetariano,2.0,1.0,0.0,0.0,0.0,0.0,10.0,ISC jan,2026-02
2026-02-26,B,Jantar,Yakissoba Vegetariano,2.0,1.0,0.0,0.0,0.0,0.0,10.0,ISC jan,2026-02
2026-02-27,P1,Jantar,Creme de Frango,13.0,0.9285714285714286,1.0,0.07142857142857142,0.0,0.0,9.642857142857142,ISC jan,2026-02
2026-02-27,B,Jantar,Creme de Frango,12.0,0.8,2.0,0.13333333333333333,1.0,0.06666666666666667,8.733333333333333,ISC jan,2026-02
2026-02-27,P1,Jantar,Cubos Suíno Acebolado,3.0,0.6,2.0,0.4,0.0,0.0,8.0,ISC jan,2026-02
2026-02-27,B,Jantar,Cubos Suíno Acebolado,10.0,0.6666666666666666,5.0,0.3333333333333333,0.0,0.0,8.333333333333334,ISC jan,2026-02
2026-02-27,P1,Jantar,Escondidinho de Legumes,1.0,0.5,0.0,0.0,1.0,0.5,5.5,ISC jan,2026-02
2026-02-27,B,Jantar,Escondidinho de Legumes,1.0,0.16666666666666666,2.0,0.3333333333333333,3.0,0.5,3.8333333333333335,ISC jan,2026-02
2026-03-02,P1,Jantar,Sobrecoxa Desossada ao M.Ervas,20.0,0.40816326530612246,7.0,0.14285714285714285,22.0,0.4489795918367347,5.244897959183674,ISC jan,2026-03
2026-03-02,B,Jantar,Sobrecoxa Desossada ao M.Ervas,27.0,0.7714285714285715,8.0,0.22857142857142856,0.0,0.0,8.857142857142858,ISC jan,2026-03
2026-03-02,P1,Jantar,Cubos Suíno ao molho barbecue,42.0,0.8571428571428571,5.0,0.10204081632653061,2.0,0.04081632653061224,9.122448979591837,ISC jan,2026-03
2026-03-02,B,Jantar,Cubos Suíno ao molho barbecue,55.0,0.9482758620689655,2.0,0.034482758620689655,1.0,0.017241379310344827,9.672413793103448,ISC jan,2026-03
2026-03-02,P1,Jantar,Bolinha de grão de bico,4.0,0.2857142857142857,2.0,0.14285714285714285,8.0,0.5714285714285714,4.142857142857143,ISC jan,2026-03
2026-03-02,B,Jantar,Bolinha de grão de bico,9.0,0.5625,2.0,0.125,5.0,0.3125,6.5625,ISC jan,2026-03
2026-03-03,P1,Jantar,Cubos de Frango com Batata Rústica,30.0,0.6976744186046512,9.0,0.20930232558139536,4.0,0.09302325581395349,8.116279069767442,ISC jan,2026-03
2026-03-03,B,Jantar,Cubos de Frango com Batata Rústica,26.0,0.8666666666666667,4.0,0.13333333333333333,0.0,0.0,9.333333333333334,ISC jan,2026-03
2026-03-03,P1,Jantar,Carne Moída Refogada,36.0,0.8,8.0,0.17777777777777778,1.0,0.022222222222222223,8.911111111111111,ISC jan,2026-03
2026-03-03,B,Jantar,Carne Moída Refogada,12.0,0.8,0.0,0.0,3.0,0.2,8.2,ISC jan,2026-03
2026-03-03,P1,Jantar,Jardineira de Soja,11.0,0.6875,1.0,0.0625,4.0,0.25,7.4375,ISC jan,2026-03
2026-03-03,B,Jantar,Jardineira de Soja,4.0,1.0,0.0,0.0,0.0,0.0,10.0,ISC jan,2026-03
2026-03-04,P1,Jantar,Sobrecoxa Assada,17.0,0.6538461538461539,7.0,0.2692307692307692,2.0,0.07692307692307693,7.961538461538462,ISC jan,2026-03
2026-03-04,B,Jantar,Sobrecoxa Assada,105.0,0.8536585365853658,15.0,0.12195121951219512,3.0,0.024390243902439025,9.170731707317072,ISC jan,2026-03
2026-03-04,P1,Jantar,Assado de Panela,99.0,0.8839285714285714,11.0,0.09821428571428571,2.0,0.017857142857142856,9.348214285714286,ISC jan,2026-03
2026-03-04,B,Jantar,Assado de Panela,98.0,0.7480916030534351,20.0,0.15267175572519084,13.0,0.09923664122137404,8.34351145038168,ISC jan,2026-03
2026-03-04,P1,Jantar,Lasanha de Batatas,19.0,0.5277777777777778,12.0,0.3333333333333333,5.0,0.1388888888888889,7.083333333333333,ISC jan,2026-03
2026-03-04,B,Jantar,Lasanha de Batatas,88.0,0.822429906542056,18.0,0.16822429906542055,1.0,0.009345794392523364,9.074766355140186,ISC jan,2026-03
2026-03-05,P1,Jantar,Estrogonofe de Frango,91.0,0.9479166666666666,5.0,0.052083333333333336,0.0,0.0,9.739583333333334,ISC jan,2026-03
2026-03-05,B,Jantar,Estrogonofe de Frango,88.0,0.8148148148148148,15.0,0.1388888888888889,5.0,0.046296296296296294,8.88888888888889,ISC jan,2026-03
2026-03-05,P1,Jantar,Cubo suíno acebolado,62.0,0.9253731343283582,5.0,0.07462686567164178,0.0,0.0,9.626865671641792,ISC jan,2026-03
2026-03-05,B,Jantar,Cubo suíno acebolado,57.0,0.7215189873417721,12.0,0.1518987341772152,10.0,0.12658227848101267,8.10126582278481,ISC jan,2026-03
2026-03-05,P1,Jantar,Assado de Lentilha,5.0,0.35714285714285715,3.0,0.21428571428571427,6.0,0.42857142857142855,5.071428571428571,ISC jan,2026-03
2026-03-05,B,Jantar,Assado de Lentilha,15.0,0.3,18.0,0.36,17.0,0.34,5.14,ISC jan,2026-03
2026-03-06,P1,Jantar,Sobrecoxa Desossada,20.0,0.8333333333333334,4.0,0.16666666666666666,0.0,0.0,9.166666666666666,ISC jan,2026-03
2026-03-06,B,Jantar,Sobrecoxa Desossada,18.0,0.75,5.0,0.20833333333333334,1.0,0.041666666666666664,8.583333333333334,ISC jan,2026-03
2026-03-06,P1,Jantar,Escondidinho de Carne,66.0,0.7857142857142857,12.0,0.14285714285714285,6.0,0.07142857142857142,8.642857142857142,ISC jan,2026-03
2026-03-06,B,Jantar,Escondidinho de Carne,79.0,0.797979797979798,10.0,0.10101010101010101,10.0,0.10101010101010101,8.585858585858587,ISC jan,2026-03
2026-03-06,P1,Jantar,Bolinho de Ervilha com Aveia,4.0,0.5,1.0,0.125,3.0,0.375,6.0,ISC jan,2026-03
2026-03-06,B,Jantar,Bolinho de Ervilha com Aveia,14.0,0.8235294117647058,2.0,0.11764705882352941,1.0,0.058823529411764705,8.882352941176471,ISC jan,2026-03
2026-03-09,P1,Jantar,Isca de Frango ao M. Ervas,56.0,0.4827586206896552,13.0,0.11206896551724138,47.0,0.4051724137931034,5.793103448275862,ISC jan,2026-03
2026-03-09,B,Jantar,Isca de Frango ao M. Ervas,45.0,0.4838709677419355,23.0,0.24731182795698925,25.0,0.26881720430107525,6.344086021505376,ISC jan,2026-03
2026-03-09,P1,Jantar,Cubo suíno acebolado,66.0,0.8148148148148148,10.0,0.12345679012345678,5.0,0.06172839506172839,8.82716049382716,ISC jan,2026-03
2026-03-09,B,Jantar,Cubo suíno acebolado,38.0,0.4367816091954023,16.0,0.1839080459770115,33.0,0.3793103448275862,5.666666666666667,ISC jan,2026-03
2026-03-09,P1,Jantar,Salpicão vegano,6.0,0.24,7.0,0.28,12.0,0.48,4.28,ISC jan,2026-03
2026-03-09,B,Jantar,Salpicão vegano,15.0,0.32608695652173914,21.0,0.45652173913043476,10.0,0.21739130434782608,5.760869565217392,ISC jan,2026-03
2026-03-10,P1,Jantar,Sobrecoxa Desossada,42.0,0.5675675675675675,12.0,0.16216216216216217,20.0,0.2702702702702703,6.756756756756757,ISC jan,2026-03
2026-03-10,B,Jantar,Sobrecoxa Desossada,32.0,0.6666666666666666,8.0,0.16666666666666666,8.0,0.16666666666666666,7.666666666666667,ISC jan,2026-03
2026-03-10,P1,Jantar,Isca de Carne ao M. Tomate,126.0,0.9197080291970803,8.0,0.058394160583941604,3.0,0.021897810218978103,9.510948905109489,ISC jan,2026-03
2026-03-10,B,Jantar,Isca de Carne ao M. Tomate,86.0,0.9052631578947369,7.0,0.07368421052631578,2.0,0.021052631578947368,9.442105263157895,ISC jan,2026-03
2026-03-10,P1,Jantar,Hambúrguer de Soja,7.0,0.28,5.0,0.2,13.0,0.52,4.32,ISC jan,2026-03
2026-03-10,B,Jantar,Hambúrguer de Soja,16.0,0.45714285714285713,3.0,0.08571428571428572,16.0,0.45714285714285713,5.457142857142857,ISC jan,2026-03
2026-03-11,P1,Jantar,Isca de Frango Acebolado,40.0,0.7843137254901961,10.0,0.19607843137254902,1.0,0.0196078431372549,8.843137254901961,ISC jan,2026-03
2026-03-11,B,Jantar,Isca de Frango Acebolado,32.0,0.6808510638297872,13.0,0.2765957446808511,2.0,0.0425531914893617,8.23404255319149,ISC jan,2026-03
2026-03-11,P1,Jantar,Cubo Suíno ao M. Escuro,71.0,0.8658536585365854,8.0,0.0975609756097561,3.0,0.036585365853658534,9.182926829268293,ISC jan,2026-03
2026-03-11,B,Jantar,Cubo Suíno ao M. Escuro,59.0,0.855072463768116,7.0,0.10144927536231885,3.0,0.043478260869565216,9.101449275362318,ISC jan,2026-03
2026-03-11,P1,Jantar,Panqueca Vegana ao Molho Branco,35.0,0.7954545454545454,7.0,0.1590909090909091,2.0,0.045454545454545456,8.795454545454545,ISC jan,2026-03
2026-03-11,B,Jantar,Panqueca Vegana ao Molho Branco,25.0,0.7575757575757576,2.0,0.06060606060606061,6.0,0.18181818181818182,8.06060606060606,ISC jan,2026-03
2026-03-12,P1,Jantar,Cubos de Frango ao M. Escuro,100.0,0.9090909090909091,9.0,0.08181818181818182,1.0,0.00909090909090909,9.50909090909091,ISC jan,2026-03
2026-03-12,B,Jantar,Cubos de Frango ao M. Escuro,38.0,0.8085106382978723,6.0,0.1276595744680851,3.0,0.06382978723404255,8.787234042553191,ISC jan,2026-03
2026-03-12,P1,Jantar,Cubos de Carne ao M. Madeira,62.0,0.6739130434782609,12.0,0.13043478260869565,18.0,0.1956521739130435,7.586956521739131,ISC jan,2026-03
2026-03-12,B,Jantar,Cubos de Carne ao M. Madeira,50.0,0.7142857142857143,16.0,0.22857142857142856,4.0,0.05714285714285714,8.342857142857143,ISC jan,2026-03
2026-03-12,P1,Jantar,Suflê de Legumes,21.0,0.5833333333333334,2.0,0.05555555555555555,13.0,0.3611111111111111,6.472222222222222,ISC jan,2026-03
2026-03-12,B,Jantar,Suflê de Legumes,9.0,0.6923076923076923,4.0,0.3076923076923077,0.0,0.0,8.461538461538462,ISC jan,2026-03
2026-03-13,P1,Jantar,Peixe à Delícia,35.0,0.813953488372093,5.0,0.11627906976744186,3.0,0.06976744186046512,8.790697674418604,ISC jan,2026-03
2026-03-13,B,Jantar,Peixe à Delícia,98.0,0.7716535433070866,24.0,0.1889763779527559,5.0,0.03937007874015748,8.700787401574804,ISC jan,2026-03
2026-03-13,P1,Jantar,Torta de Calabresa,46.0,0.26285714285714284,16.0,0.09142857142857143,113.0,0.6457142857142857,3.7314285714285713,ISC jan,2026-03
2026-03-13,B,Jantar,Torta de Calabresa,102.0,0.6219512195121951,38.0,0.23170731707317074,24.0,0.14634146341463414,7.524390243902439,ISC jan,2026-03
2026-03-13,P1,Jantar,Torta de Legumes,13.0,0.7222222222222222,2.0,0.1111111111111111,3.0,0.16666666666666666,7.944444444444445,ISC jan,2026-03
2026-03-13,B,Jantar,Torta de Legumes,22.0,0.36666666666666664,4.0,0.06666666666666667,34.0,0.5666666666666667,4.566666666666666,ISC jan,2026-03
2026-03-16,P1,Jantar,Sobrecoxa ao M. de Ervas,52.0,0.7027027027027027,13.0,0.17567567567567569,9.0,0.12162162162162163,8.027027027027026,ISC jan,2026-03
2026-03-16,B,Jantar,Sobrecoxa ao M. de Ervas,28.0,0.56,15.0,0.3,7.0,0.14,7.24,ISC jan,2026-03
2026-03-16,P1,Jantar,Isca de Carne Acebolada,53.0,0.7162162162162162,14.0,0.1891891891891892,7.0,0.0945945945945946,8.202702702702704,ISC jan,2026-03
2026-03-16,B,Jantar,Isca de Carne Acebolada,57.0,0.6333333333333333,19.0,0.2111111111111111,14.0,0.15555555555555556,7.544444444444444,ISC jan,2026-03
2026-03-16,P1,Jantar,Rocambole de Grão de Bico,16.0,0.5714285714285714,4.0,0.14285714285714285,8.0,0.2857142857142857,6.714285714285714,ISC jan,2026-03
2026-03-16,B,Jantar,Rocambole de Grão de Bico,17.0,0.6538461538461539,6.0,0.23076923076923078,3.0,0.11538461538461539,7.8076923076923075,ISC jan,2026-03
2026-03-17,P1,Jantar,Cubos de Frango Acebolado,29.0,0.5686274509803921,16.0,0.3137254901960784,6.0,0.11764705882352941,7.372549019607843,ISC jan,2026-03
2026-03-17,B,Jantar,Cubos de Frango Acebolado,37.0,0.7254901960784313,11.0,0.21568627450980393,3.0,0.058823529411764705,8.392156862745098,ISC jan,2026-03
2026-03-17,P1,Jantar,Carne Moída Refogada,126.0,0.8181818181818182,21.0,0.13636363636363635,7.0,0.045454545454545456,8.909090909090908,ISC jan,2026-03
2026-03-17,B,Jantar,Carne Moída Refogada,63.0,0.8181818181818182,9.0,0.11688311688311688,5.0,0.06493506493506493,8.831168831168831,ISC jan,2026-03
2026-03-17,P1,Jantar,Vatapá Vegano,12.0,0.6666666666666666,3.0,0.16666666666666666,3.0,0.16666666666666666,7.666666666666667,ISC jan,2026-03
2026-03-17,B,Jantar,Vatapá Vegano,27.0,0.4576271186440678,3.0,0.05084745762711865,29.0,0.4915254237288136,5.322033898305085,ISC jan,2026-03
2026-03-18,P1,Jantar,Sobrecoxa Assada,53.0,0.8153846153846154,8.0,0.12307692307692308,4.0,0.06153846153846154,8.830769230769231,ISC jan,2026-03
2026-03-18,B,Jantar,Sobrecoxa Assada,38.0,0.8837209302325582,4.0,0.09302325581395349,1.0,0.023255813953488372,9.325581395348838,ISC jan,2026-03
2026-03-18,P1,Jantar,Picadinho com Legumes,61.0,0.7093023255813954,18.0,0.20930232558139536,7.0,0.08139534883720931,8.220930232558139,ISC jan,2026-03
2026-03-18,B,Jantar,Picadinho com Legumes,45.0,0.8333333333333334,7.0,0.12962962962962962,2.0,0.037037037037037035,9.018518518518519,ISC jan,2026-03
2026-03-18,P1,Jantar,Bobó de Legumes,8.0,0.34782608695652173,1.0,0.043478260869565216,14.0,0.6086956521739131,4.304347826086956,ISC jan,2026-03
2026-03-18,B,Jantar,Bobó de Legumes,11.0,0.8461538461538461,0.0,0.0,2.0,0.15384615384615385,8.615384615384615,ISC jan,2026-03
2026-03-23,P1,Jantar,Cubos de Frango com Ervas,62.0,0.8611111111111112,7.0,0.09722222222222222,3.0,0.041666666666666664,9.13888888888889,ISC jan,2026-03
2026-03-23,B,Jantar,Cubos de Frango com Ervas,45.0,0.6818181818181818,16.0,0.24242424242424243,5.0,0.07575757575757576,8.106060606060606,ISC jan,2026-03
2026-03-23,P1,Jantar,Suíno à Carioca,56.0,0.7671232876712328,13.0,0.1780821917808219,4.0,0.0547945205479452,8.616438356164384,ISC jan,2026-03
2026-03-23,B,Jantar,Suíno à Carioca,47.0,0.7580645161290323,10.0,0.16129032258064516,5.0,0.08064516129032258,8.46774193548387,ISC jan,2026-03
2026-03-23,P1,Jantar,Vatapá Vegano,35.0,0.8974358974358975,4.0,0.10256410256410256,0.0,0.0,9.487179487179487,ISC jan,2026-03
2026-03-23,B,Jantar,Vatapá Vegano,38.0,0.8444444444444444,7.0,0.15555555555555556,0.0,0.0,9.222222222222221,ISC jan,2026-03
2026-03-24,P1,Jantar,Sobrecoxa Crocante,67.0,0.788235294117647,11.0,0.12941176470588237,7.0,0.08235294117647059,8.611764705882353,ISC jan,2026-03
2026-03-24,B,Jantar,Sobrecoxa Crocante,67.0,0.8481012658227848,9.0,0.11392405063291139,3.0,0.0379746835443038,9.08860759493671,ISC jan,2026-03
2026-03-24,P1,Jantar,Estrogonofe de Carne,102.0,0.7727272727272727,22.0,0.16666666666666666,8.0,0.06060606060606061,8.621212121212121,ISC jan,2026-03
2026-03-24,B,Jantar,Estrogonofe de Carne,83.0,0.7410714285714286,26.0,0.23214285714285715,3.0,0.026785714285714284,8.598214285714286,ISC jan,2026-03
2026-03-24,P1,Jantar,Soja à Bolonhesa,15.0,0.7142857142857143,0.0,0.0,6.0,0.2857142857142857,7.428571428571429,ISC jan,2026-03
2026-03-24,B,Jantar,Soja à Bolonhesa,20.0,0.5128205128205128,14.0,0.358974358974359,5.0,0.1282051282051282,7.051282051282051,ISC jan,2026-03
2026-03-26,P1,Jantar,Creme de Frango,78.0,0.8125,6.0,0.0625,12.0,0.125,8.5625,ISC jan,2026-03
2026-03-26,B,Jantar,Creme de Frango,86.0,0.8349514563106796,15.0,0.14563106796116504,2.0,0.019417475728155338,9.097087378640778,ISC jan,2026-03
2026-03-26,P1,Jantar,Isca de Carne Chinesa,106.0,0.8548387096774194,13.0,0.10483870967741936,5.0,0.04032258064516129,9.112903225806452,ISC jan,2026-03
2026-03-26,B,Jantar,Isca de Carne Chinesa,96.0,0.9056603773584906,8.0,0.07547169811320754,2.0,0.018867924528301886,9.452830188679245,ISC jan,2026-03
2026-03-26,P1,Jantar,Yakissoba Vegetariano,16.0,0.5333333333333333,11.0,0.36666666666666664,3.0,0.1,7.266666666666667,ISC jan,2026-03
2026-03-26,B,Jantar,Yakissoba Vegetariano,16.0,0.32,8.0,0.16,26.0,0.52,4.52,ISC jan,2026-03
2026-03-27,P1,Jantar,Peixe ao M. Branco,57.0,0.6404494382022472,13.0,0.14606741573033707,19.0,0.21348314606741572,7.348314606741573,ISC jan,2026-03
2026-03-27,B,Jantar,Peixe ao M. Branco,41.0,0.6119402985074627,15.0,0.22388059701492538,11.0,0.16417910447761194,7.402985074626866,ISC jan,2026-03
2026-03-27,P1,Jantar,Cubo suíno acebolado,39.0,0.75,12.0,0.23076923076923078,1.0,0.019230769230769232,8.673076923076923,ISC jan,2026-03
2026-03-27,B,Jantar,Cubo suíno acebolado,50.0,0.8064516129032258,10.0,0.16129032258064516,2.0,0.03225806451612903,8.903225806451612,ISC jan,2026-03
2026-03-27,P1,Jantar,Escondidinho de Legumes,20.0,0.8333333333333334,0.0,0.0,4.0,0.16666666666666666,8.5,ISC jan,2026-03
2026-03-27,B,Jantar,Escondidinho de Legumes,20.0,0.45454545454545453,2.0,0.045454545454545456,22.0,0.5,5.2727272727272725,ISC jan,2026-03
2026-03-30,P1,Jantar,Sobrecoxa  ao M.Ervas,29.0,0.23387096774193547,17.0,0.13709677419354838,78.0,0.6290322580645161,3.653225806451613,ISC jan,2026-03
2026-03-30,B,Jantar,Sobrecoxa  ao M.Ervas,30.0,0.47619047619047616,18.0,0.2857142857142857,15.0,0.23809523809523808,6.428571428571429,ISC jan,2026-03
2026-03-30,P1,Jantar,Cubos Suíno ao molho barbecue,69.0,0.4423076923076923,80.0,0.5128205128205128,7.0,0.04487179487179487,7.032051282051282,ISC jan,2026-03
2026-03-30,B,Jantar,Cubos Suíno ao molho barbecue,73.0,0.8488372093023255,10.0,0.11627906976744186,3.0,0.03488372093023256,9.104651162790697,ISC jan,2026-03
2026-03-30,P1,Jantar,Bolinha de grão de bico,16.0,0.6153846153846154,0.0,0.0,10.0,0.38461538461538464,6.538461538461538,ISC jan,2026-03
2026-03-30,B,Jantar,Bolinha de grão de bico,18.0,0.6666666666666666,5.0,0.18518518518518517,4.0,0.14814814814814814,7.7407407407407405,ISC jan,2026-03
2026-03-31,P1,Jantar,Cubos de Frango com Batata Rústica,41.0,0.45555555555555555,26.0,0.28888888888888886,23.0,0.25555555555555554,6.2555555555555555,ISC jan,2026-03
2026-03-31,B,Jantar,Cubos de Frango com Batata Rústica,33.0,0.6470588235294118,13.0,0.2549019607843137,5.0,0.09803921568627451,7.8431372549019605,ISC jan,2026-03
2026-03-31,P1,Jantar,Carne Moída Refogada,82.0,0.82,15.0,0.15,3.0,0.03,8.98,ISC jan,2026-03
2026-03-31,B,Jantar,Carne Moída Refogada,61.0,0.8970588235294118,5.0,0.07352941176470588,2.0,0.029411764705882353,9.367647058823529,ISC jan,2026-03
2026-03-31,P1,Jantar,Jardineira de Soja,10.0,0.23809523809523808,0.0,0.0,32.0,0.7619047619047619,3.142857142857143,ISC jan,2026-03
2026-03-31,B,Jantar,Jardineira de Soja,11.0,0.6875,2.0,0.125,3.0,0.1875,7.6875,ISC jan,2026-03
2026-04-01,P1,Jantar,Sobrecoxa Assada,25.0,0.78125,7.0,0.21875,0.0,0.0,8.90625,ISC jan,2026-04
2026-04-01,B,Jantar,Sobrecoxa Assada,30.0,0.8108108108108109,6.0,0.16216216216216217,1.0,0.02702702702702703,8.945945945945946,ISC jan,2026-04
2026-04-01,P1,Jantar,Assado de Panela,61.0,0.8472222222222222,10.0,0.1388888888888889,1.0,0.013888888888888888,9.180555555555555,ISC jan,2026-04
2026-04-01,B,Jantar,Assado de Panela,60.0,0.7894736842105263,11.0,0.14473684210526316,5.0,0.06578947368421052,8.68421052631579,ISC jan,2026-04
2026-04-01,P1,Jantar,Lasanha de Batatas,19.0,0.48717948717948717,13.0,0.3333333333333333,7.0,0.1794871794871795,6.717948717948718,ISC jan,2026-04
2026-04-01,B,Jantar,Lasanha de Batatas,33.0,0.5789473684210527,22.0,0.38596491228070173,2.0,0.03508771929824561,7.754385964912281,ISC jan,2026-04
2026-04-06,P1,Jantar,Isca de Frango ao M. Ervas,93.0,0.5602409638554217,66.0,0.39759036144578314,7.0,0.04216867469879518,7.632530120481928,ISC jan,2026-04
2026-04-06,B,Jantar,Isca de Frango ao M. Ervas,55.0,0.859375,9.0,0.140625,0.0,0.0,9.296875,ISC jan,2026-04
2026-04-06,P1,Jantar,Cubo suíno acebolado,89.0,0.7807017543859649,21.0,0.18421052631578946,4.0,0.03508771929824561,8.763157894736842,ISC jan,2026-04
2026-04-06,B,Jantar,Cubo suíno acebolado,35.0,0.7608695652173914,7.0,0.15217391304347827,4.0,0.08695652173913043,8.456521739130435,ISC jan,2026-04
2026-04-06,P1,Jantar,Salpicão vegano,10.0,0.3448275862068966,8.0,0.27586206896551724,11.0,0.3793103448275862,5.206896551724138,ISC jan,2026-04
2026-04-06,B,Jantar,Salpicão vegano,7.0,0.35,2.0,0.1,11.0,0.55,4.55,ISC jan,2026-04
2026-04-07,P1,Jantar,Sobrecoxa Desossada,50.0,0.684931506849315,11.0,0.1506849315068493,12.0,0.1643835616438356,7.767123287671233,ISC jan,2026-04
2026-04-07,B,Jantar,Sobrecoxa Desossada,32.0,0.7804878048780488,7.0,0.17073170731707318,2.0,0.04878048780487805,8.707317073170731,ISC jan,2026-04
2026-04-07,P1,Jantar,Isca de Carne ao M. Tomate,75.0,0.7575757575757576,18.0,0.18181818181818182,6.0,0.06060606060606061,8.545454545454545,ISC jan,2026-04
2026-04-07,B,Jantar,Isca de Carne ao M. Tomate,76.0,0.7755102040816326,18.0,0.1836734693877551,4.0,0.04081632653061224,8.714285714285714,ISC jan,2026-04
2026-04-07,P1,Jantar,Hambúrguer de Soja,13.0,0.52,9.0,0.36,3.0,0.12,7.12,ISC jan,2026-04
2026-04-07,B,Jantar,Hambúrguer de Soja,25.0,0.8333333333333334,4.0,0.13333333333333333,1.0,0.03333333333333333,9.033333333333333,ISC jan,2026-04
2026-04-08,P1,Jantar,Isca de Frango Acebolado,53.0,0.6973684210526315,16.0,0.21052631578947367,7.0,0.09210526315789473,8.118421052631579,ISC jan,2026-04
2026-04-08,B,Jantar,Isca de Frango Acebolado,10.0,0.7692307692307693,3.0,0.23076923076923078,0.0,0.0,8.846153846153847,ISC jan,2026-04
2026-04-08,P1,Jantar,Carne Moída Refogada,57.0,0.8142857142857143,10.0,0.14285714285714285,3.0,0.04285714285714286,8.9,ISC jan,2026-04
2026-04-08,B,Jantar,Carne Moída Refogada,13.0,0.7222222222222222,5.0,0.2777777777777778,0.0,0.0,8.61111111111111,ISC jan,2026-04
2026-04-08,P1,Jantar,Panqueca Vegana ao Molho Branco,117.0,0.8478260869565217,15.0,0.10869565217391304,6.0,0.043478260869565216,9.065217391304348,ISC jan,2026-04
2026-04-08,B,Jantar,Panqueca Vegana ao Molho Branco,6.0,0.8571428571428571,1.0,0.14285714285714285,0.0,0.0,9.285714285714286,ISC jan,2026-04
2026-04-09,P1,Jantar,Peixe à Delícia,73.0,0.8588235294117647,8.0,0.09411764705882353,4.0,0.047058823529411764,9.105882352941176,ISC jan,2026-04
2026-04-09,B,Jantar,Peixe à Delícia,65.0,0.8227848101265823,10.0,0.12658227848101267,4.0,0.05063291139240506,8.91139240506329,ISC jan,2026-04
2026-04-09,P1,Jantar,Cubos de Carne ao M. Madeira,69.0,0.6272727272727273,24.0,0.21818181818181817,17.0,0.15454545454545454,7.5181818181818185,ISC jan,2026-04
2026-04-09,B,Jantar,Cubos de Carne ao M. Madeira,53.0,0.6091954022988506,17.0,0.19540229885057472,17.0,0.19540229885057472,7.264367816091954,ISC jan,2026-04
2026-04-09,P1,Jantar,Suflê de Legumes,18.0,0.8181818181818182,2.0,0.09090909090909091,2.0,0.09090909090909091,8.727272727272727,ISC jan,2026-04
2026-04-09,B,Jantar,Suflê de Legumes,10.0,0.7142857142857143,3.0,0.21428571428571427,1.0,0.07142857142857142,8.285714285714286,ISC jan,2026-04
2026-04-10,P1,Jantar,Cubos de Frango ao M. Escuro,35.0,0.7,12.0,0.24,3.0,0.06,8.26,ISC jan,2026-04
2026-04-10,B,Jantar,Cubos de Frango ao M. Escuro,40.0,0.7692307692307693,8.0,0.15384615384615385,4.0,0.07692307692307693,8.538461538461538,ISC jan,2026-04
2026-04-10,P1,Jantar,Torta de Calabresa,65.0,0.7142857142857143,20.0,0.21978021978021978,6.0,0.06593406593406594,8.307692307692308,ISC jan,2026-04
2026-04-10,B,Jantar,Torta de Calabresa,51.0,0.7391304347826086,13.0,0.18840579710144928,5.0,0.07246376811594203,8.405797101449275,ISC jan,2026-04
2026-04-10,P1,Jantar,Torta de Legumes,15.0,0.8333333333333334,1.0,0.05555555555555555,2.0,0.1111111111111111,8.722222222222221,ISC jan,2026-04
2026-04-10,B,Jantar,Torta de Legumes,10.0,0.7692307692307693,0.0,0.0,3.0,0.23076923076923078,7.923076923076923,ISC jan,2026-04
2026-04-14,P1,Jantar,Cubos de Frango Acebolado,39.0,0.6724137931034483,16.0,0.27586206896551724,3.0,0.05172413793103448,8.155172413793103,ISC jan,2026-04
2026-04-14,B,Jantar,Cubos de Frango Acebolado,38.0,0.8085106382978723,5.0,0.10638297872340426,4.0,0.0851063829787234,8.702127659574469,ISC jan,2026-04
2026-04-14,P1,Jantar,Carne Moída Refogada,57.0,0.6867469879518072,19.0,0.2289156626506024,7.0,0.08433734939759036,8.096385542168674,ISC jan,2026-04
2026-04-14,B,Jantar,Carne Moída Refogada,44.0,0.8148148148148148,7.0,0.12962962962962962,3.0,0.05555555555555555,8.851851851851851,ISC jan,2026-04
2026-04-14,P1,Jantar,Vatapá Vegano,28.0,0.8,3.0,0.08571428571428572,4.0,0.11428571428571428,8.542857142857143,ISC jan,2026-04
2026-04-14,B,Jantar,Vatapá Vegano,10.0,0.7692307692307693,2.0,0.15384615384615385,1.0,0.07692307692307693,8.538461538461538,ISC jan,2026-04
2026-04-15,P1,Jantar,Sobrecoxa Assada,35.0,0.7608695652173914,8.0,0.17391304347826086,3.0,0.06521739130434782,8.543478260869565,ISC jan,2026-04
2026-04-15,B,Jantar,Sobrecoxa Assada,70.0,0.8235294117647058,14.0,0.16470588235294117,1.0,0.011764705882352941,9.070588235294117,ISC jan,2026-04
2026-04-15,P1,Jantar,Picadinho com Legumes,44.0,0.6470588235294118,13.0,0.19117647058823528,11.0,0.16176470588235295,7.588235294117647,ISC jan,2026-04
2026-04-15,B,Jantar,Picadinho com Legumes,74.0,0.7326732673267327,15.0,0.1485148514851485,12.0,0.1188118811881188,8.188118811881187,ISC jan,2026-04
2026-04-15,P1,Jantar,Bobó de Legumes,5.0,0.29411764705882354,5.0,0.29411764705882354,7.0,0.4117647058823529,4.823529411764706,ISC jan,2026-04
2026-04-15,B,Jantar,Bobó de Legumes,12.0,0.5454545454545454,6.0,0.2727272727272727,4.0,0.18181818181818182,7.0,ISC jan,2026-04
2026-04-16,P1,Jantar,Cubos de Frango com Ervas,52.0,0.7761194029850746,13.0,0.19402985074626866,2.0,0.029850746268656716,8.761194029850746,ISC jan,2026-04
2026-04-16,B,Jantar,Cubos de Frango com Ervas,55.0,0.7746478873239436,11.0,0.15492957746478872,5.0,0.07042253521126761,8.591549295774648,ISC jan,2026-04
2026-04-16,P1,Jantar,Suíno Acebolado,65.0,0.8441558441558441,11.0,0.14285714285714285,1.0,0.012987012987012988,9.168831168831169,ISC jan,2026-04
2026-04-16,B,Jantar,Suíno Acebolado,37.0,0.8809523809523809,5.0,0.11904761904761904,0.0,0.0,9.404761904761905,ISC jan,2026-04
2026-04-16,P1,Jantar,Bolo Salgado Vegano,17.0,0.5151515151515151,2.0,0.06060606060606061,14.0,0.42424242424242425,5.878787878787879,ISC jan,2026-04
2026-04-16,B,Jantar,Bolo Salgado Vegano,18.0,0.8571428571428571,2.0,0.09523809523809523,1.0,0.047619047619047616,9.095238095238095,ISC jan,2026-04
2026-04-17,P1,Jantar,Sobrecoxa Assada,19.0,0.9047619047619048,2.0,0.09523809523809523,0.0,0.0,9.523809523809524,ISC jan,2026-04
2026-04-17,B,Jantar,Sobrecoxa Assada,47.0,0.8703703703703703,6.0,0.1111111111111111,1.0,0.018518518518518517,9.277777777777779,ISC jan,2026-04
2026-04-17,P1,Jantar,Lasanha de Calabresa,147.0,0.9074074074074074,10.0,0.06172839506172839,5.0,0.030864197530864196,9.41358024691358,ISC jan,2026-04
2026-04-17,B,Jantar,Lasanha de Calabresa,81.0,0.9529411764705882,4.0,0.047058823529411764,0.0,0.0,9.764705882352942,ISC jan,2026-04
2026-04-17,P1,Jantar,Lasanha de Brócolis,10.0,1.0,0.0,0.0,,0.0,10.0,ISC jan,2026-04
2026-04-17,B,Jantar,Lasanha de Brócolis,11.0,0.55,8.0,0.4,1.0,0.05,7.55,ISC jan,2026-04
2026-04-22,P1,Jantar,Cubos de Frango ao M. de Legumes,35.0,0.4794520547945205,18.0,0.2465753424657534,20.0,0.273972602739726,6.301369863013699,ISC jan,2026-04
2026-04-22,B,Jantar,Cubos de Frango ao M. de Legumes,44.0,0.6875,15.0,0.234375,5.0,0.078125,8.125,ISC jan,2026-04
2026-04-22,P1,Jantar,Suíno ao M. Escuro,57.0,0.76,12.0,0.16,6.0,0.08,8.48,ISC jan,2026-04
2026-04-22,B,Jantar,Suíno ao M. Escuro,40.0,0.7692307692307693,10.0,0.19230769230769232,2.0,0.038461538461538464,8.692307692307692,ISC jan,2026-04
2026-04-22,P1,Jantar,Almôndegas de Lentilha,11.0,0.34375,3.0,0.09375,18.0,0.5625,4.46875,ISC jan,2026-04
2026-04-22,B,Jantar,Almôndegas de Lentilha,9.0,0.6,1.0,0.06666666666666667,5.0,0.3333333333333333,6.666666666666667,ISC jan,2026-04
2026-04-23,P1,Jantar,Peixe ao M. Branco,103.0,0.5,94.0,0.4563106796116505,9.0,0.043689320388349516,7.325242718446602,ISC jan,2026-04
2026-04-23,B,Jantar,Peixe ao M. Branco,40.0,0.9302325581395349,3.0,0.06976744186046512,0.0,0.0,9.651162790697674,ISC jan,2026-04
2026-04-23,P1,Jantar,Isca de Carne Chinesa,107.0,0.8842975206611571,10.0,0.08264462809917356,4.0,0.03305785123966942,9.289256198347108,ISC jan,2026-04
2026-04-23,B,Jantar,Isca de Carne Chinesa,81.0,0.81,16.0,0.16,3.0,0.03,8.93,ISC jan,2026-04
2026-04-23,P1,Jantar,Yakissoba Vegetariano,31.0,0.7209302325581395,4.0,0.09302325581395349,8.0,0.18604651162790697,7.8604651162790695,ISC jan,2026-04
2026-04-23,B,Jantar,Yakissoba Vegetariano,16.0,0.5333333333333333,5.0,0.16666666666666666,9.0,0.3,6.466666666666667,ISC jan,2026-04
2026-04-24,P1,Jantar,Creme de Frango,72.0,0.9230769230769231,4.0,0.05128205128205128,2.0,0.02564102564102564,9.512820512820513,ISC jan,2026-04
2026-04-24,B,Jantar,Creme de Frango,50.0,0.8620689655172413,6.0,0.10344827586206896,2.0,0.034482758620689655,9.172413793103448,ISC jan,2026-04
2026-04-24,P1,Jantar,Cubo suíno acebolado,31.0,0.7209302325581395,8.0,0.18604651162790697,4.0,0.09302325581395349,8.232558139534884,ISC jan,2026-04
2026-04-24,B,Jantar,Cubo suíno acebolado,22.0,0.9166666666666666,1.0,0.041666666666666664,1.0,0.041666666666666664,9.416666666666666,ISC jan,2026-04
2026-04-24,P1,Jantar,Escondidinho de Legumes,7.0,0.5384615384615384,1.0,0.07692307692307693,5.0,0.38461538461538464,6.153846153846154,ISC jan,2026-04
2026-04-24,B,Jantar,Escondidinho de Legumes,19.0,0.7916666666666666,4.0,0.16666666666666666,1.0,0.041666666666666664,8.791666666666666,ISC jan,2026-04
2026-04-27,P1,Jantar,Sobrecoxa  ao M.Ervas,36.0,0.45569620253164556,16.0,0.20253164556962025,27.0,0.34177215189873417,5.9113924050632916,ISC jan,2026-04
2026-04-27,B,Jantar,Sobrecoxa  ao M.Ervas,33.0,0.5409836065573771,14.0,0.22950819672131148,14.0,0.22950819672131148,6.786885245901639,ISC jan,2026-04
2026-04-27,P1,Jantar,Cubos Suíno ao molho barbecue,83.0,0.8058252427184466,17.0,0.1650485436893204,3.0,0.02912621359223301,8.912621359223301,ISC jan,2026-04
2026-04-27,B,Jantar,Cubos Suíno ao molho barbecue,60.0,0.8571428571428571,5.0,0.07142857142857142,5.0,0.07142857142857142,9.0,ISC jan,2026-04
2026-04-27,P1,Jantar,Bolinha de grão de bico,8.0,0.24242424242424243,10.0,0.30303030303030304,15.0,0.45454545454545453,4.393939393939394,ISC jan,2026-04
2026-04-27,B,Jantar,Bolinha de grão de bico,11.0,0.5238095238095238,5.0,0.23809523809523808,5.0,0.23809523809523808,6.666666666666667,ISC jan,2026-04
2026-04-28,P1,Jantar,Cubos de Frango com Batata Rústica,63.0,0.63,25.0,0.25,12.0,0.12,7.67,ISC jan,2026-04
2026-04-28,B,Jantar,Cubos de Frango com Batata Rústica,41.0,0.7321428571428571,13.0,0.23214285714285715,2.0,0.03571428571428571,8.517857142857142,ISC jan,2026-04
2026-04-28,P1,Jantar,Carne Moída Refogada,83.0,0.9325842696629213,5.0,0.056179775280898875,1.0,0.011235955056179775,9.617977528089888,ISC jan,2026-04
2026-04-28,B,Jantar,Carne Moída Refogada,55.0,0.9016393442622951,5.0,0.08196721311475409,1.0,0.01639344262295082,9.442622950819672,ISC jan,2026-04
2026-04-28,P1,Jantar,Jardineira de Soja,16.0,0.6666666666666666,7.0,0.2916666666666667,1.0,0.041666666666666664,8.166666666666666,ISC jan,2026-04
2026-04-28,B,Jantar,Jardineira de Soja,6.0,0.6666666666666666,2.0,0.2222222222222222,1.0,0.1111111111111111,7.888888888888889,ISC jan,2026-04
2026-04-29,P1,Jantar,Sobrecoxa Assada,32.0,0.7619047619047619,9.0,0.21428571428571427,1.0,0.023809523809523808,8.714285714285714,ISC jan,2026-04
2026-04-29,B,Jantar,Sobrecoxa Assada,32.0,0.6808510638297872,15.0,0.3191489361702128,0.0,0.0,8.404255319148936,ISC jan,2026-04
2026-04-29,P1,Jantar,Isca de Carne ao Molho Escuro,67.0,0.788235294117647,14.0,0.16470588235294117,4.0,0.047058823529411764,8.75294117647059,ISC jan,2026-04
2026-04-29,B,Jantar,Isca de Carne ao Molho Escuro,62.0,0.8266666666666667,10.0,0.13333333333333333,3.0,0.04,8.973333333333333,ISC jan,2026-04
2026-04-29,P1,Jantar,Lasanha Vegetaraiana,26.0,0.6842105263157895,6.0,0.15789473684210525,6.0,0.15789473684210525,7.7894736842105265,ISC jan,2026-04
2026-04-29,B,Jantar,Lasanha Vegetaraiana,48.0,0.8571428571428571,6.0,0.10714285714285714,2.0,0.03571428571428571,9.142857142857142,ISC jan,2026-04
2026-04-30,P1,Jantar,Estrogonofe de Frango,17.0,0.6296296296296297,10.0,0.37037037037037035,0.0,0.0,8.148148148148149,ISC jan,2026-04
2026-04-30,B,Jantar,Estrogonofe de Frango,65.0,0.8333333333333334,10.0,0.1282051282051282,3.0,0.038461538461538464,9.012820512820513,ISC jan,2026-04
2026-04-30,P1,Jantar,Cubo suíno acebolado,49.0,0.8032786885245902,4.0,0.06557377049180328,8.0,0.13114754098360656,8.491803278688524,ISC jan,2026-04
2026-04-30,B,Jantar,Cubo suíno acebolado,55.0,0.9482758620689655,2.0,0.034482758620689655,1.0,0.017241379310344827,9.672413793103448,ISC jan,2026-04
2026-04-30,P1,Jantar,Escondidinho de Soja,17.0,0.7727272727272727,3.0,0.13636363636363635,2.0,0.09090909090909091,8.5,ISC jan,2026-04
2026-04-30,B,Jantar,Escondidinho de Soja,19.0,0.6551724137931034,9.0,0.3103448275862069,1.0,0.034482758620689655,8.137931034482758,ISC jan,2026-04
2026-05-04,P1,Jantar,Fricassê de Frango,105.0,0.7720588235294118,24.0,0.17647058823529413,7.0,0.051470588235294115,8.654411764705882,ISC jan,2026-05
2026-05-04,B,Jantar,Fricassê de Frango,24.0,0.8888888888888888,3.0,0.1111111111111111,0.0,0.0,9.444444444444445,ISC jan,2026-05
2026-05-04,P1,Jantar,Cubo suíno acebolado,36.0,0.8,6.0,0.13333333333333333,3.0,0.06666666666666667,8.733333333333333,ISC jan,2026-05
2026-05-04,B,Jantar,Cubo suíno acebolado,50.0,0.8771929824561403,7.0,0.12280701754385964,0.0,0.0,9.385964912280702,ISC jan,2026-05
2026-05-04,P1,Jantar,Salpicão vegano,9.0,0.45,5.0,0.25,6.0,0.3,6.05,ISC jan,2026-05
2026-05-04,B,Jantar,Salpicão vegano,21.0,0.75,6.0,0.21428571428571427,1.0,0.03571428571428571,8.607142857142858,ISC jan,2026-05
2026-05-05,P1,Jantar,Sobrecoxa Desossada,42.0,0.8235294117647058,5.0,0.09803921568627451,4.0,0.0784313725490196,8.803921568627452,ISC jan,2026-05
2026-05-05,B,Jantar,Sobrecoxa Desossada,63.0,0.7875,13.0,0.1625,4.0,0.05,8.7375,ISC jan,2026-05
2026-05-05,P1,Jantar,Carne Moída Refogada,48.0,0.8135593220338984,8.0,0.13559322033898305,3.0,0.05084745762711865,8.864406779661017,ISC jan,2026-05
2026-05-05,B,Jantar,Carne Moída Refogada,66.0,0.9166666666666666,4.0,0.05555555555555555,2.0,0.027777777777777776,9.472222222222221,ISC jan,2026-05
2026-05-05,P1,Jantar,Hambúrguer de Soja,13.0,0.5909090909090909,4.0,0.18181818181818182,5.0,0.22727272727272727,7.045454545454546,ISC jan,2026-05
2026-05-05,B,Jantar,Hambúrguer de Soja,14.0,0.5384615384615384,6.0,0.23076923076923078,6.0,0.23076923076923078,6.769230769230769,ISC jan,2026-05
2026-05-06,P1,Jantar,Cubos de Frango Acebolado,34.0,0.6666666666666666,12.0,0.23529411764705882,5.0,0.09803921568627451,7.9411764705882355,ISC jan,2026-05
2026-05-06,B,Jantar,Cubos de Frango Acebolado,61.0,0.7261904761904762,19.0,0.2261904761904762,4.0,0.047619047619047616,8.44047619047619,ISC jan,2026-05
2026-05-06,P1,Jantar,Isca de Carne ao M. Tomate,72.0,0.9113924050632911,7.0,0.08860759493670886,0.0,0.0,9.556962025316455,ISC jan,2026-05
2026-05-06,B,Jantar,Isca de Carne ao M. Tomate,53.0,0.5955056179775281,15.0,0.16853932584269662,21.0,0.23595505617977527,7.033707865168539,ISC jan,2026-05
2026-05-06,P1,Jantar,Panqueca Vegana ao Molho Branco,27.0,0.7941176470588235,5.0,0.14705882352941177,2.0,0.058823529411764705,8.735294117647058,ISC jan,2026-05
2026-05-06,B,Jantar,Panqueca Vegana ao Molho Branco,24.0,0.6486486486486487,5.0,0.13513513513513514,8.0,0.21621621621621623,7.378378378378378,ISC jan,2026-05
2026-05-07,P1,Jantar,Peixe à Delícia,65.0,0.7647058823529411,6.0,0.07058823529411765,14.0,0.16470588235294117,8.16470588235294,ISC jan,2026-05
2026-05-07,B,Jantar,Peixe à Delícia,72.0,0.8275862068965517,14.0,0.16091954022988506,1.0,0.011494252873563218,9.091954022988507,ISC jan,2026-05
2026-05-07,P1,Jantar,Cubos de Carne ao M. Madeira,46.0,0.6666666666666666,10.0,0.14492753623188406,13.0,0.18840579710144928,7.579710144927536,ISC jan,2026-05
2026-05-07,B,Jantar,Cubos de Carne ao M. Madeira,57.0,0.6551724137931034,15.0,0.1724137931034483,15.0,0.1724137931034483,7.586206896551724,ISC jan,2026-05
2026-05-07,P1,Jantar,Suflê de Legumes,43.0,0.9347826086956522,3.0,0.06521739130434782,,0.0,9.673913043478262,ISC jan,2026-05
2026-05-07,B,Jantar,Suflê de Legumes,12.0,0.5454545454545454,7.0,0.3181818181818182,3.0,0.13636363636363635,7.181818181818182,ISC jan,2026-05
2026-05-08,P1,Jantar,Cubos de Frango ao M. Escuro,35.0,0.9210526315789473,2.0,0.05263157894736842,1.0,0.02631578947368421,9.5,ISC jan,2026-05
2026-05-08,B,Jantar,Cubos de Frango ao M. Escuro,30.0,0.8108108108108109,6.0,0.16216216216216217,1.0,0.02702702702702703,8.945945945945946,ISC jan,2026-05
2026-05-08,P1,Jantar,Torta de Calabresa,27.0,0.29347826086956524,24.0,0.2608695652173913,41.0,0.44565217391304346,4.684782608695652,ISC jan,2026-05
2026-05-08,B,Jantar,Torta de Calabresa,46.0,0.6865671641791045,8.0,0.11940298507462686,13.0,0.19402985074626866,7.656716417910448,ISC jan,2026-05
2026-05-08,P1,Jantar,Torta de Legumes,4.0,0.4444444444444444,4.0,0.4444444444444444,1.0,0.1111111111111111,6.777777777777778,ISC jan,2026-05
2026-05-08,B,Jantar,Torta de Legumes,12.0,0.7058823529411765,4.0,0.23529411764705882,1.0,0.058823529411764705,8.294117647058824,ISC jan,2026-05
2026-05-11,P1,Jantar,Sobrecoxa ao M. de Legumes,41.0,0.6212121212121212,10.0,0.15151515151515152,15.0,0.22727272727272727,7.196969696969697,ISC jan,2026-05
2026-05-11,B,Jantar,Sobrecoxa ao M. de Legumes,25.0,0.7142857142857143,8.0,0.22857142857142856,2.0,0.05714285714285714,8.342857142857143,ISC jan,2026-05
2026-05-11,P1,Jantar,Isca de Carne Acebolada,69.0,0.8023255813953488,9.0,0.10465116279069768,8.0,0.09302325581395349,8.63953488372093,ISC jan,2026-05
2026-05-11,B,Jantar,Isca de Carne Acebolada,74.0,0.8409090909090909,11.0,0.125,3.0,0.03409090909090909,9.068181818181818,ISC jan,2026-05
2026-05-11,P1,Jantar,Rocambole de Grão de Bico,12.0,0.2727272727272727,5.0,0.11363636363636363,27.0,0.6136363636363636,3.909090909090909,ISC jan,2026-05
2026-05-11,B,Jantar,Rocambole de Grão de Bico,11.0,0.55,5.0,0.25,4.0,0.2,6.95,ISC jan,2026-05
2026-05-12,P1,Jantar,Frango Xadrez,96.0,0.8495575221238938,12.0,0.10619469026548672,5.0,0.04424778761061947,9.070796460176991,ISC jan,2026-05
2026-05-12,B,Jantar,Frango Xadrez,49.0,0.875,5.0,0.08928571428571429,2.0,0.03571428571428571,9.232142857142858,ISC jan,2026-05
2026-05-12,P1,Jantar,Carne Moída Refogada,101.0,0.8938053097345132,4.0,0.035398230088495575,8.0,0.07079646017699115,9.185840707964601,ISC jan,2026-05
2026-05-12,B,Jantar,Carne Moída Refogada,54.0,0.8571428571428571,6.0,0.09523809523809523,3.0,0.047619047619047616,9.095238095238095,ISC jan,2026-05
2026-05-12,P1,Jantar,Bobó de Legumes,15.0,0.75,3.0,0.15,2.0,0.1,8.35,ISC jan,2026-05
2026-05-12,B,Jantar,Bobó de Legumes,13.0,0.8125,2.0,0.125,1.0,0.0625,8.8125,ISC jan,2026-05
2026-05-13,P1,Jantar,Vatapá de Frango,87.0,0.9157894736842105,6.0,0.06315789473684211,2.0,0.021052631578947368,9.494736842105263,ISC jan,2026-05
2026-05-13,B,Jantar,Vatapá de Frango,114.0,0.9193548387096774,8.0,0.06451612903225806,2.0,0.016129032258064516,9.53225806451613,ISC jan,2026-05
2026-05-13,P1,Jantar,Picadinho com Legumes,38.0,0.7755102040816326,8.0,0.16326530612244897,3.0,0.061224489795918366,8.63265306122449,ISC jan,2026-05
2026-05-13,B,Jantar,Picadinho com Legumes,63.0,0.7411764705882353,12.0,0.1411764705882353,10.0,0.11764705882352941,8.235294117647058,ISC jan,2026-05
2026-05-13,P1,Jantar,Bolo Salgado Vegano,9.0,0.5625,0.0,0.0,7.0,0.4375,6.0625,ISC jan,2026-05
2026-05-13,B,Jantar,Bolo Salgado Vegano,8.0,0.6153846153846154,5.0,0.38461538461538464,0.0,0.0,8.076923076923077,ISC jan,2026-05
2026-05-14,P1,Jantar,Cubos de Frango à Chinesa,42.0,0.7924528301886793,8.0,0.1509433962264151,3.0,0.05660377358490566,8.735849056603774,ISC jan,2026-05
2026-05-14,B,Jantar,Cubos de Frango à Chinesa,36.0,0.6923076923076923,14.0,0.2692307692307692,2.0,0.038461538461538464,8.307692307692308,ISC jan,2026-05
2026-05-14,P1,Jantar,Calabresa à Carioca,70.0,0.7954545454545454,12.0,0.13636363636363635,6.0,0.06818181818181818,8.704545454545455,ISC jan,2026-05
2026-05-14,B,Jantar,Calabresa à Carioca,63.0,0.9130434782608695,4.0,0.057971014492753624,2.0,0.028985507246376812,9.44927536231884,ISC jan,2026-05
2026-05-14,P1,Jantar,Vatapá Vegano,33.0,0.7674418604651163,6.0,0.13953488372093023,4.0,0.09302325581395349,8.465116279069768,ISC jan,2026-05
2026-05-14,B,Jantar,Vatapá Vegano,26.0,0.896551724137931,2.0,0.06896551724137931,1.0,0.034482758620689655,9.344827586206897,ISC jan,2026-05
2026-05-15,P1,Jantar,Sobrecoxa com Gergelim,15.0,0.8823529411764706,2.0,0.11764705882352941,0.0,0.0,9.411764705882353,ISC jan,2026-05
2026-05-15,B,Jantar,Sobrecoxa com Gergelim,22.0,0.88,1.0,0.04,2.0,0.08,9.08,ISC jan,2026-05
2026-05-15,P1,Jantar,Lasanha de Carne Moída,120.0,0.9022556390977443,12.0,0.09022556390977443,1.0,0.007518796992481203,9.481203007518797,ISC jan,2026-05
2026-05-15,B,Jantar,Lasanha de Carne Moída,117.0,0.8602941176470589,14.0,0.10294117647058823,5.0,0.03676470588235294,9.154411764705882,ISC jan,2026-05
2026-05-15,P1,Jantar,Lasanha de Brócolis,13.0,0.6190476190476191,7.0,0.3333333333333333,1.0,0.047619047619047616,7.904761904761905,ISC jan,2026-05
2026-05-15,B,Jantar,Lasanha de Brócolis,17.0,0.8095238095238095,3.0,0.14285714285714285,1.0,0.047619047619047616,8.857142857142858,ISC jan,2026-05
2026-05-18,P1,Jantar,Isca de Frango Acebolado,31.0,0.7560975609756098,7.0,0.17073170731707318,3.0,0.07317073170731707,8.487804878048781,ISC jan,2026-05
2026-05-18,B,Jantar,Isca de Frango Acebolado,27.0,0.84375,4.0,0.125,1.0,0.03125,9.09375,ISC jan,2026-05
2026-05-18,P1,Jantar,Paçoca de Carne,73.0,0.7849462365591398,13.0,0.13978494623655913,7.0,0.07526881720430108,8.623655913978494,ISC jan,2026-05
2026-05-18,B,Jantar,Paçoca de Carne,47.0,0.8392857142857143,8.0,0.14285714285714285,1.0,0.017857142857142856,9.125,ISC jan,2026-05
2026-05-18,P1,Jantar,Yakissoba Vegetariano,21.0,0.5526315789473685,5.0,0.13157894736842105,12.0,0.3157894736842105,6.5,ISC jan,2026-05
2026-05-18,B,Jantar,Yakissoba Vegetariano,13.0,0.5652173913043478,8.0,0.34782608695652173,2.0,0.08695652173913043,7.478260869565218,ISC jan,2026-05
2026-05-19,P1,Jantar,Sobrecoxa Crocante,37.0,0.6379310344827587,17.0,0.29310344827586204,4.0,0.06896551724137931,7.913793103448276,ISC jan,2026-05
2026-05-19,B,Jantar,Sobrecoxa Crocante,45.0,0.6521739130434783,15.0,0.21739130434782608,9.0,0.13043478260869565,7.739130434782608,ISC jan,2026-05
2026-05-19,P1,Jantar,Jardineira de Carne Moída,62.0,0.8611111111111112,8.0,0.1111111111111111,2.0,0.027777777777777776,9.194444444444445,ISC jan,2026-05
2026-05-19,B,Jantar,Jardineira de Carne Moída,66.0,0.7951807228915663,14.0,0.1686746987951807,3.0,0.03614457831325301,8.831325301204819,ISC jan,2026-05
2026-05-19,P1,Jantar,Soja à Bolonhesa,28.0,0.7368421052631579,7.0,0.18421052631578946,3.0,0.07894736842105263,8.368421052631579,ISC jan,2026-05
2026-05-19,B,Jantar,Soja à Bolonhesa,19.0,0.8260869565217391,1.0,0.043478260869565216,3.0,0.13043478260869565,8.608695652173912,ISC jan,2026-05
2026-05-20,P1,Jantar,Cubos de Frango ao M. de Legumes,32.0,0.5161290322580645,10.0,0.16129032258064516,20.0,0.3225806451612903,6.290322580645161,ISC jan,2026-05
2026-05-20,B,Jantar,Cubos de Frango ao M. de Legumes,37.0,0.6727272727272727,12.0,0.21818181818181817,6.0,0.10909090909090909,7.927272727272728,ISC jan,2026-05
2026-05-20,P1,Jantar,Estrogonofe de Carne,75.0,0.9036144578313253,7.0,0.08433734939759036,1.0,0.012048192771084338,9.46987951807229,ISC jan,2026-05
2026-05-20,B,Jantar,Estrogonofe de Carne,91.0,0.875,9.0,0.08653846153846154,4.0,0.038461538461538464,9.221153846153847,ISC jan,2026-05
2026-05-20,P1,Jantar,Almôndegas de Lentilha,7.0,0.4375,5.0,0.3125,4.0,0.25,6.1875,ISC jan,2026-05
2026-05-20,B,Jantar,Almôndegas de Lentilha,2.0,0.2857142857142857,5.0,0.7142857142857143,0.0,0.0,6.428571428571429,ISC jan,2026-05
2026-05-21,P1,Jantar,Peixe Assado,58.0,0.9508196721311475,3.0,0.04918032786885246,0.0,0.0,9.754098360655737,ISC jan,2026-05
2026-05-21,B,Jantar,Peixe Assado,66.0,0.8048780487804879,9.0,0.10975609756097561,7.0,0.08536585365853659,8.682926829268293,ISC jan,2026-05
2026-05-21,P1,Jantar,Isca de Carne Acebolada,48.0,0.8571428571428571,8.0,0.14285714285714285,0.0,0.0,9.285714285714286,ISC jan,2026-05
2026-05-21,B,Jantar,Isca de Carne Acebolada,70.0,0.9333333333333333,5.0,0.06666666666666667,0.0,0.0,9.666666666666666,ISC jan,2026-05
2026-05-21,P1,Jantar,Vatapá Vegano,23.0,0.6388888888888888,6.0,0.16666666666666666,7.0,0.19444444444444445,7.416666666666667,ISC jan,2026-05
2026-05-21,B,Jantar,Vatapá Vegano,12.0,0.5454545454545454,7.0,0.3181818181818182,3.0,0.13636363636363635,7.181818181818182,ISC jan,2026-05
2026-05-22,P1,Jantar,Escondidinho de Frango,85.0,0.8095238095238095,15.0,0.14285714285714285,5.0,0.047619047619047616,8.857142857142858,ISC jan,2026-05
2026-05-22,B,Jantar,Escondidinho de Frango,66.0,0.9166666666666666,6.0,0.08333333333333333,0.0,0.0,9.583333333333334,ISC jan,2026-05
2026-05-22,P1,Jantar,Calabresa à Carioca,67.0,0.9436619718309859,3.0,0.04225352112676056,1.0,0.014084507042253521,9.661971830985916,ISC jan,2026-05
2026-05-22,B,Jantar,Calabresa à Carioca,40.0,0.6666666666666666,4.0,0.06666666666666667,16.0,0.26666666666666666,7.266666666666667,ISC jan,2026-05
2026-05-22,P1,Jantar,Escondidinho de Legumes,6.0,0.6666666666666666,1.0,0.1111111111111111,2.0,0.2222222222222222,7.444444444444445,ISC jan,2026-05
2026-05-22,B,Jantar,Escondidinho de Legumes,6.0,0.4,2.0,0.13333333333333333,7.0,0.4666666666666667,5.133333333333334,ISC jan,2026-05
2026-05-25,P1,Jantar,Sobrecoxa Desossada ao M.Ervas,48.0,0.6233766233766234,18.0,0.23376623376623376,11.0,0.14285714285714285,7.545454545454546,ISC jan,2026-05
2026-05-25,B,Jantar,Sobrecoxa Desossada ao M.Ervas,56.0,0.8615384615384616,8.0,0.12307692307692308,1.0,0.015384615384615385,9.246153846153845,ISC jan,2026-05
2026-05-25,P1,Jantar,Cubo suíno acebolado,39.0,0.6724137931034483,14.0,0.2413793103448276,5.0,0.08620689655172414,8.017241379310345,ISC jan,2026-05
2026-05-25,B,Jantar,Cubo suíno acebolado,42.0,0.6885245901639344,10.0,0.16393442622950818,9.0,0.14754098360655737,7.852459016393443,ISC jan,2026-05
2026-05-25,P1,Jantar,Bolinho de Ervilha com Aveia,6.0,0.4,4.0,0.26666666666666666,5.0,0.3333333333333333,5.666666666666667,ISC jan,2026-05
2026-05-25,B,Jantar,Bolinho de Ervilha com Aveia,13.0,0.65,3.0,0.15,4.0,0.2,7.45,ISC jan,2026-05
2026-05-26,P1,Jantar,Estrogonofe de Frango,83.0,0.9021739130434783,7.0,0.07608695652173914,2.0,0.021739130434782608,9.423913043478262,ISC jan,2026-05
2026-05-26,B,Jantar,Estrogonofe de Frango,63.0,0.8076923076923077,15.0,0.19230769230769232,0.0,0.0,9.038461538461538,ISC jan,2026-05
2026-05-26,P1,Jantar,Carne Moída Refogada,73.0,0.8202247191011236,10.0,0.11235955056179775,6.0,0.06741573033707865,8.831460674157304,ISC jan,2026-05
2026-05-26,B,Jantar,Carne Moída Refogada,48.0,0.8421052631578947,7.0,0.12280701754385964,2.0,0.03508771929824561,9.070175438596491,ISC jan,2026-05
2026-05-26,P1,Jantar,Jardineira de Soja,6.0,0.5,2.0,0.16666666666666666,4.0,0.3333333333333333,6.166666666666667,ISC jan,2026-05
2026-05-26,B,Jantar,Jardineira de Soja,7.0,0.5384615384615384,6.0,0.46153846153846156,0.0,0.0,7.6923076923076925,ISC jan,2026-05
2026-05-27,P1,Jantar,Sobrecoxa Assada,40.0,0.7843137254901961,9.0,0.17647058823529413,2.0,0.0392156862745098,8.764705882352942,ISC jan,2026-05
2026-05-27,B,Jantar,Sobrecoxa Assada,50.0,0.847457627118644,7.0,0.11864406779661017,2.0,0.03389830508474576,9.101694915254237,ISC jan,2026-05
2026-05-27,P1,Jantar,Isca de Carne Acebolada,50.0,0.847457627118644,4.0,0.06779661016949153,5.0,0.0847457627118644,8.898305084745763,ISC jan,2026-05
2026-05-27,B,Jantar,Isca de Carne Acebolada,87.0,0.9157894736842105,4.0,0.042105263157894736,4.0,0.042105263157894736,9.410526315789474,ISC jan,2026-05
2026-05-27,P1,Jantar,Lasanha de Batatas,42.0,0.6666666666666666,16.0,0.25396825396825395,5.0,0.07936507936507936,8.015873015873016,ISC jan,2026-05
2026-05-27,B,Jantar,Lasanha de Batatas,42.0,0.7368421052631579,6.0,0.10526315789473684,9.0,0.15789473684210525,8.052631578947368,ISC jan,2026-05
2026-05-28,P1,Jantar,Isca de Frango Acebolado,36.0,0.8181818181818182,8.0,0.18181818181818182,0.0,0.0,9.090909090909092,ISC jan,2026-05
2026-05-28,B,Jantar,Isca de Frango Acebolado,65.0,0.9285714285714286,5.0,0.07142857142857142,0.0,0.0,9.642857142857142,ISC jan,2026-05
2026-05-28,P1,Jantar,Cubo Suíno ao Molho Barbecue,84.0,0.9230769230769231,6.0,0.06593406593406594,1.0,0.01098901098901099,9.571428571428571,ISC jan,2026-05
2026-05-28,B,Jantar,Cubo Suíno ao Molho Barbecue,57.0,0.9661016949152542,1.0,0.01694915254237288,1.0,0.01694915254237288,9.76271186440678,ISC jan,2026-05
2026-05-28,P1,Jantar,Escondidinho de Soja,15.0,0.7894736842105263,4.0,0.21052631578947367,0.0,0.0,8.947368421052632,ISC jan,2026-05
2026-05-28,B,Jantar,Escondidinho de Soja,11.0,0.6875,4.0,0.25,1.0,0.0625,8.1875,ISC jan,2026-05
2026-05-29,P1,Jantar,Cubos de Frango com Batata Rústica,13.0,0.6842105263157895,6.0,0.3157894736842105,0.0,0.0,8.421052631578947,ISC jan,2026-05
2026-05-29,B,Jantar,Cubos de Frango com Batata Rústica,17.0,0.68,7.0,0.28,1.0,0.04,8.24,ISC jan,2026-05
2026-05-29,P1,Jantar,Escondidinho de Carne,70.0,0.7692307692307693,8.0,0.08791208791208792,13.0,0.14285714285714285,8.274725274725276,ISC jan,2026-05
2026-05-29,B,Jantar,Escondidinho de Carne,98.0,0.765625,26.0,0.203125,4.0,0.03125,8.703125,ISC jan,2026-05
2026-05-29,P1,Jantar,Bolinho de grão de bico,3.0,0.2,7.0,0.4666666666666667,5.0,0.3333333333333333,4.666666666666667,ISC jan,2026-05
2026-05-29,B,Jantar,Bolinho de grão de bico,2.0,0.25,5.0,0.625,1.0,0.125,5.75,ISC jan,2026-05
2026-06-01,P1,Jantar,Fricassê de Frango,103.0,0.8174603174603174,13.0,0.10317460317460317,10.0,0.07936507936507936,8.76984126984127,ISC jan,2026-06
2026-06-01,B,Jantar,Fricassê de Frango,91.0,0.900990099009901,7.0,0.06930693069306931,3.0,0.0297029702970297,9.386138613861386,ISC jan,2026-06
2026-06-01,P1,Jantar,Cubo suíno acebolado,25.0,0.7142857142857143,7.0,0.2,3.0,0.08571428571428572,8.228571428571428,ISC jan,2026-06
2026-06-01,B,Jantar,Cubo suíno acebolado,26.0,0.9629629629629629,1.0,0.037037037037037035,0.0,0.0,9.814814814814815,ISC jan,2026-06
2026-06-01,P1,Jantar,Salpicão vegano,2.0,0.18181818181818182,6.0,0.5454545454545454,3.0,0.2727272727272727,4.818181818181818,ISC jan,2026-06
2026-06-01,B,Jantar,Salpicão vegano,5.0,0.3333333333333333,1.0,0.06666666666666667,9.0,0.6,4.266666666666667,ISC jan,2026-06
2026-06-02,P1,Jantar,Sobrecoxa Assada,53.0,0.7910447761194029,12.0,0.1791044776119403,2.0,0.029850746268656716,8.835820895522389,ISC jan,2026-06
2026-06-02,B,Jantar,Sobrecoxa Assada,51.0,0.7727272727272727,7.0,0.10606060606060606,8.0,0.12121212121212122,8.378787878787879,ISC jan,2026-06
2026-06-02,P1,Jantar,Carne Moída Refogada,48.0,0.8421052631578947,7.0,0.12280701754385964,2.0,0.03508771929824561,9.070175438596491,ISC jan,2026-06
2026-06-02,B,Jantar,Carne Moída Refogada,52.0,0.8125,9.0,0.140625,3.0,0.046875,8.875,ISC jan,2026-06
2026-06-02,P1,Jantar,Hambúrguer de Soja,11.0,0.5789473684210527,2.0,0.10526315789473684,6.0,0.3157894736842105,6.631578947368421,ISC jan,2026-06
2026-06-02,B,Jantar,Hambúrguer de Soja,17.0,0.7391304347826086,4.0,0.17391304347826086,2.0,0.08695652173913043,8.347826086956522,ISC jan,2026-06
2026-06-03,P1,Jantar,Cubos de Frango Acebolado,17.0,0.5862068965517241,9.0,0.3103448275862069,3.0,0.10344827586206896,7.517241379310345,ISC jan,2026-06
2026-06-03,B,Jantar,Cubos de Frango Acebolado,17.0,0.6296296296296297,7.0,0.25925925925925924,3.0,0.1111111111111111,7.703703703703703,ISC jan,2026-06
2026-06-03,P1,Jantar,Isca de Carne ao M. Tomate,56.0,0.875,7.0,0.109375,1.0,0.015625,9.3125,ISC jan,2026-06
2026-06-03,B,Jantar,Isca de Carne ao M. Tomate,66.0,0.9565217391304348,3.0,0.043478260869565216,0.0,0.0,9.782608695652174,ISC jan,2026-06
2026-06-03,P1,Jantar,Panqueca Vegana ao Molho Branco,15.0,0.8333333333333334,2.0,0.1111111111111111,1.0,0.05555555555555555,8.944444444444445,ISC jan,2026-06
2026-06-03,B,Jantar,Panqueca Vegana ao Molho Branco,20.0,0.7692307692307693,3.0,0.11538461538461539,3.0,0.11538461538461539,8.384615384615385,ISC jan,2026-06
2026-06-08,P1,Jantar,Frango Xadrez,62.0,0.7948717948717948,15.0,0.19230769230769232,1.0,0.01282051282051282,8.923076923076923,ISC jan,2026-06
2026-06-08,B,Jantar,Frango Xadrez,56.0,0.7887323943661971,11.0,0.15492957746478872,4.0,0.056338028169014086,8.71830985915493,ISC jan,2026-06
2026-06-08,P1,Jantar,Picadinho com Legumes,32.0,0.6956521739130435,12.0,0.2608695652173913,2.0,0.043478260869565216,8.304347826086957,ISC jan,2026-06
2026-06-08,B,Jantar,Picadinho com Legumes,45.0,0.8490566037735849,7.0,0.1320754716981132,1.0,0.018867924528301886,9.169811320754716,ISC jan,2026-06
2026-06-08,P1,Jantar,Rocambole de Grão de Bico,13.0,0.5909090909090909,4.0,0.18181818181818182,5.0,0.22727272727272727,7.045454545454546,ISC jan,2026-06
2026-06-08,B,Jantar,Rocambole de Grão de Bico,11.0,0.6470588235294118,5.0,0.29411764705882354,1.0,0.058823529411764705,8.0,ISC jan,2026-06
2026-06-09,P1,Jantar,Sobrecoxa ao M. de Legumes,39.0,0.7358490566037735,6.0,0.11320754716981132,8.0,0.1509433962264151,8.075471698113208,ISC jan,2026-06
2026-06-09,B,Jantar,Sobrecoxa ao M. de Legumes,37.0,0.6379310344827587,12.0,0.20689655172413793,9.0,0.15517241379310345,7.568965517241379,ISC jan,2026-06
2026-06-09,P1,Jantar,Carne Moída Refogada,79.0,0.8229166666666666,15.0,0.15625,2.0,0.020833333333333332,9.03125,ISC jan,2026-06
2026-06-09,B,Jantar,Carne Moída Refogada,32.0,0.6808510638297872,8.0,0.1702127659574468,7.0,0.14893617021276595,7.808510638297872,ISC jan,2026-06
2026-06-09,P1,Jantar,Bobó de Legumes,12.0,0.631578947368421,5.0,0.2631578947368421,2.0,0.10526315789473684,7.7368421052631575,ISC jan,2026-06
2026-06-09,B,Jantar,Bobó de Legumes,15.0,0.8333333333333334,1.0,0.05555555555555555,2.0,0.1111111111111111,8.722222222222221,ISC jan,2026-06
2026-06-10,P1,Jantar,Vatapá de Frango,101.0,0.8938053097345132,10.0,0.08849557522123894,2.0,0.017699115044247787,9.398230088495575,ISC jan,2026-06
2026-06-10,B,Jantar,Vatapá de Frango,114.0,0.9344262295081968,8.0,0.06557377049180328,0.0,0.0,9.672131147540984,ISC jan,2026-06
2026-06-10,P1,Jantar,Isca de Carne Acebolada,38.0,0.7307692307692307,9.0,0.17307692307692307,5.0,0.09615384615384616,8.26923076923077,ISC jan,2026-06
2026-06-10,B,Jantar,Isca de Carne Acebolada,43.0,0.7543859649122807,13.0,0.22807017543859648,1.0,0.017543859649122806,8.701754385964913,ISC jan,2026-06
2026-06-10,P1,Jantar,Bolo Salgado Vegano,10.0,0.6666666666666666,2.0,0.13333333333333333,3.0,0.2,7.533333333333333,ISC jan,2026-06
2026-06-10,B,Jantar,Bolo Salgado Vegano,11.0,0.7333333333333333,0.0,0.0,4.0,0.26666666666666666,7.6,ISC jan,2026-06
2026-06-11,P1,Jantar,Sobrecoxa com Gergelim,39.0,0.7090909090909091,8.0,0.14545454545454545,8.0,0.14545454545454545,7.963636363636364,ISC jan,2026-06
2026-06-11,B,Jantar,Sobrecoxa com Gergelim,36.0,0.8571428571428571,3.0,0.07142857142857142,3.0,0.07142857142857142,9.0,ISC jan,2026-06
2026-06-11,P1,Jantar,Calabresa à Carioca,95.0,0.8407079646017699,12.0,0.10619469026548672,6.0,0.05309734513274336,8.991150442477876,ISC jan,2026-06
2026-06-11,B,Jantar,Calabresa à Carioca,75.0,0.8152173913043478,8.0,0.08695652173913043,9.0,0.09782608695652174,8.684782608695652,ISC jan,2026-06
2026-06-11,P1,Jantar,Vatapá Vegano,18.0,0.6428571428571429,6.0,0.21428571428571427,4.0,0.14285714285714285,7.642857142857143,ISC jan,2026-06
2026-06-11,B,Jantar,Vatapá Vegano,21.0,0.84,3.0,0.12,1.0,0.04,9.04,ISC jan,2026-06
2026-06-12,P1,Jantar,Cubos de Frango à Chinesa,15.0,0.625,3.0,0.125,6.0,0.25,7.125,ISC jan,2026-06
2026-06-12,B,Jantar,Cubos de Frango à Chinesa,31.0,0.7045454545454546,10.0,0.22727272727272727,3.0,0.06818181818181818,8.25,ISC jan,2026-06
2026-06-12,P1,Jantar,Torta de Calabresa,33.0,0.6346153846153846,9.0,0.17307692307692307,10.0,0.19230769230769232,7.403846153846154,ISC jan,2026-06
2026-06-12,B,Jantar,Torta de Calabresa,47.0,0.7014925373134329,14.0,0.208955223880597,6.0,0.08955223880597014,8.149253731343284,ISC jan,2026-06
2026-06-12,P1,Jantar,Lasanha de Brócolis,16.0,0.6956521739130435,2.0,0.08695652173913043,5.0,0.21739130434782608,7.608695652173913,ISC jan,2026-06
2026-06-12,B,Jantar,Lasanha de Brócolis,34.0,0.918918918918919,3.0,0.08108108108108109,0.0,0.0,9.594594594594595,ISC jan,2026-06
2026-06-15,P1,Jantar,Isca de Frango Acebolado,10.0,0.43478260869565216,10.0,0.43478260869565216,3.0,0.13043478260869565,6.6521739130434785,ISC jan,2026-06
2026-06-15,B,Jantar,Isca de Frango Acebolado,31.0,0.8378378378378378,3.0,0.08108108108108109,3.0,0.08108108108108109,8.864864864864865,ISC jan,2026-06
2026-06-15,P1,Jantar,Paçoca de Carne,56.0,0.835820895522388,11.0,0.16417910447761194,0.0,0.0,9.17910447761194,ISC jan,2026-06
2026-06-15,B,Jantar,Paçoca de Carne,57.0,0.8636363636363636,5.0,0.07575757575757576,4.0,0.06060606060606061,9.075757575757576,ISC jan,2026-06
2026-06-15,P1,Jantar,Yakissoba Vegetariano,33.0,0.8461538461538461,6.0,0.15384615384615385,0.0,0.0,9.23076923076923,ISC jan,2026-06
2026-06-15,B,Jantar,Yakissoba Vegetariano,11.0,0.7857142857142857,3.0,0.21428571428571427,0.0,0.0,8.928571428571429,ISC jan,2026-06
2026-06-16,P1,Jantar,Sobrecoxa Crocante,57.0,0.6867469879518072,15.0,0.18072289156626506,11.0,0.13253012048192772,7.903614457831325,ISC jan,2026-06
2026-06-16,B,Jantar,Sobrecoxa Crocante,43.0,0.7818181818181819,8.0,0.14545454545454545,4.0,0.07272727272727272,8.618181818181819,ISC jan,2026-06
2026-06-16,P1,Jantar,Jardineira de Carne Moída,61.0,0.782051282051282,10.0,0.1282051282051282,7.0,0.08974358974358974,8.551282051282051,ISC jan,2026-06
2026-06-16,B,Jantar,Jardineira de Carne Moída,56.0,0.9180327868852459,5.0,0.08196721311475409,0.0,0.0,9.59016393442623,ISC jan,2026-06
2026-06-16,P1,Jantar,Soja à Bolonhesa,20.0,0.38461538461538464,7.0,0.1346153846153846,25.0,0.4807692307692308,5.0,ISC jan,2026-06
2026-06-16,B,Jantar,Soja à Bolonhesa,10.0,0.7692307692307693,2.0,0.15384615384615385,1.0,0.07692307692307693,8.538461538461538,ISC jan,2026-06
2026-06-17,P1,Jantar,Cubos de Frango ao M. de Legumes,19.0,0.5,9.0,0.23684210526315788,10.0,0.2631578947368421,6.447368421052632,ISC jan,2026-06
2026-06-17,B,Jantar,Cubos de Frango ao M. de Legumes,39.0,0.7647058823529411,8.0,0.1568627450980392,4.0,0.0784313725490196,8.509803921568627,ISC jan,2026-06
2026-06-17,P1,Jantar,Estrogonofe de Carne,96.0,0.8135593220338984,19.0,0.16101694915254236,3.0,0.025423728813559324,8.966101694915254,ISC jan,2026-06
2026-06-17,B,Jantar,Estrogonofe de Carne,79.0,0.9518072289156626,4.0,0.04819277108433735,0.0,0.0,9.759036144578314,ISC jan,2026-06
2026-06-17,P1,Jantar,Almôndegas de Lentilha,2.0,0.2222222222222222,3.0,0.3333333333333333,4.0,0.4444444444444444,4.333333333333333,ISC jan,2026-06
2026-06-17,B,Jantar,Almôndegas de Lentilha,8.0,0.7272727272727273,0.0,0.0,3.0,0.2727272727272727,7.545454545454546,ISC jan,2026-06
2026-06-18,P1,Jantar,Peixe Assado,58.0,0.8405797101449275,7.0,0.10144927536231885,4.0,0.057971014492753624,8.971014492753623,ISC jan,2026-06
2026-06-18,B,Jantar,Peixe Assado,50.0,0.8928571428571429,5.0,0.08928571428571429,1.0,0.017857142857142856,9.392857142857142,ISC jan,2026-06
2026-06-18,P1,Jantar,Isca de Carne Acebolada,51.0,0.8095238095238095,10.0,0.15873015873015872,2.0,0.031746031746031744,8.920634920634921,ISC jan,2026-06
2026-06-18,B,Jantar,Isca de Carne Acebolada,62.0,0.7469879518072289,7.0,0.08433734939759036,14.0,0.1686746987951807,8.060240963855422,ISC jan,2026-06
2026-06-18,P1,Jantar,Vatapá Vegano,15.0,0.6818181818181818,2.0,0.09090909090909091,5.0,0.22727272727272727,7.5,ISC jan,2026-06
2026-06-18,B,Jantar,Vatapá Vegano,15.0,0.6,6.0,0.24,4.0,0.16,7.36,ISC jan,2026-06
2026-06-19,P1,Jantar,Escondidinho de Frango,41.0,0.7592592592592593,5.0,0.09259259259259259,8.0,0.14814814814814814,8.203703703703704,ISC jan,2026-06
2026-06-19,B,Jantar,Escondidinho de Frango,55.0,0.873015873015873,3.0,0.047619047619047616,5.0,0.07936507936507936,9.047619047619047,ISC jan,2026-06
2026-06-19,P1,Jantar,Calabresa à Carioca,24.0,0.8571428571428571,3.0,0.10714285714285714,1.0,0.03571428571428571,9.142857142857142,ISC jan,2026-06
2026-06-19,B,Jantar,Calabresa à Carioca,9.0,0.6923076923076923,1.0,0.07692307692307693,3.0,0.23076923076923078,7.538461538461538,ISC jan,2026-06
2026-06-19,P1,Jantar,Escondidinho de Legumes,3.0,0.2,8.0,0.5333333333333333,4.0,0.26666666666666666,4.933333333333334,ISC jan,2026-06
2026-06-19,B,Jantar,Escondidinho de Legumes,1.0,0.25,2.0,0.5,1.0,0.25,5.25,ISC jan,2026-06
2026-06-22,P1,Jantar,Sobrecoxa Desossada ao M.Ervas,43.0,0.6323529411764706,18.0,0.2647058823529412,7.0,0.10294117647058823,7.75,ISC jan,2026-06
2026-06-22,B,Jantar,Sobrecoxa Desossada ao M.Ervas,29.0,0.6170212765957447,10.0,0.2127659574468085,8.0,0.1702127659574468,7.404255319148936,ISC jan,2026-06
2026-06-22,P1,Jantar,Cubo suíno acebolado,53.0,0.7794117647058824,6.0,0.08823529411764706,9.0,0.1323529411764706,8.367647058823529,ISC jan,2026-06
2026-06-22,B,Jantar,Cubo suíno acebolado,37.0,0.6727272727272727,8.0,0.14545454545454545,10.0,0.18181818181818182,7.636363636363637,ISC jan,2026-06
2026-06-22,P1,Jantar,Bolinho de Ervilha com Aveia,7.0,0.5,3.0,0.21428571428571427,4.0,0.2857142857142857,6.357142857142857,ISC jan,2026-06
2026-06-22,B,Jantar,Bolinho de Ervilha com Aveia,7.0,0.5833333333333334,1.0,0.08333333333333333,4.0,0.3333333333333333,6.583333333333333,ISC jan,2026-06
2026-06-23,P1,Jantar,Estrogonofe de Frango,52.0,0.7878787878787878,11.0,0.16666666666666666,3.0,0.045454545454545456,8.757575757575758,ISC jan,2026-06
2026-06-23,B,Jantar,Estrogonofe de Frango,66.0,0.8918918918918919,6.0,0.08108108108108109,2.0,0.02702702702702703,9.35135135135135,ISC jan,2026-06
2026-06-23,P1,Jantar,Carne Moída Refogada,46.0,0.7796610169491526,12.0,0.2033898305084746,1.0,0.01694915254237288,8.830508474576272,ISC jan,2026-06
2026-06-23,B,Jantar,Carne Moída Refogada,26.0,0.7222222222222222,6.0,0.16666666666666666,4.0,0.1111111111111111,8.166666666666666,ISC jan,2026-06
2026-06-23,P1,Jantar,Jardineira de Soja,12.0,0.8,1.0,0.06666666666666667,2.0,0.13333333333333333,8.466666666666667,ISC jan,2026-06
2026-06-23,B,Jantar,Jardineira de Soja,8.0,0.8,2.0,0.2,0.0,0.0,9.0,ISC jan,2026-06
2026-06-25,P1,Jantar,Isca de Frango Acebolado,23.0,0.6764705882352942,8.0,0.23529411764705882,3.0,0.08823529411764706,8.029411764705882,ISC jan,2026-06
2026-06-25,B,Jantar,Isca de Frango Acebolado,42.0,0.8076923076923077,9.0,0.17307692307692307,1.0,0.019230769230769232,8.961538461538462,ISC jan,2026-06
2026-06-25,P1,Jantar,Cubo Suíno ao Molho Barbecue,40.0,0.9523809523809523,1.0,0.023809523809523808,1.0,0.023809523809523808,9.666666666666666,ISC jan,2026-06
2026-06-25,B,Jantar,Cubo Suíno ao Molho Barbecue,39.0,0.8666666666666667,4.0,0.08888888888888889,2.0,0.044444444444444446,9.155555555555555,ISC jan,2026-06
2026-06-25,P1,Jantar,Escondidinho de Soja,19.0,0.8636363636363636,2.0,0.09090909090909091,1.0,0.045454545454545456,9.136363636363637,ISC jan,2026-06
2026-06-25,B,Jantar,Escondidinho de Soja,5.0,0.625,3.0,0.375,0.0,0.0,8.125,ISC jan,2026-06
2026-06-26,P1,Jantar,Cubos de Frango com Batata Rústica,18.0,0.782608695652174,5.0,0.21739130434782608,0.0,0.0,8.91304347826087,ISC jan,2026-06
2026-06-26,B,Jantar,Cubos de Frango com Batata Rústica,18.0,0.6923076923076923,5.0,0.19230769230769232,3.0,0.11538461538461539,8.0,ISC jan,2026-06
2026-06-26,P1,Jantar,Escondidinho de Carne,116.0,0.8529411764705882,16.0,0.11764705882352941,4.0,0.029411764705882353,9.147058823529411,ISC jan,2026-06
2026-06-26,B,Jantar,Escondidinho de Carne,48.0,0.9056603773584906,4.0,0.07547169811320754,1.0,0.018867924528301886,9.452830188679245,ISC jan,2026-06
2026-06-26,P1,Jantar,Bolinho de grão de bico,2.0,0.4,1.0,0.2,2.0,0.4,5.4,ISC jan,2026-06
2026-06-26,B,Jantar,Bolinho de grão de bico,7.0,0.4666666666666667,4.0,0.26666666666666666,4.0,0.26666666666666666,6.266666666666667,ISC jan,2026-06
2026-06-29,P1,Jantar,Fricassê de Frango,,,,,,,,ISC jan,2026-06
2026-06-29,B,Jantar,Fricassê de Frango,,,,,,,,ISC jan,2026-06
2026-06-29,P1,Jantar,Cubo suíno acebolado,,,,,,,,ISC jan,2026-06
2026-06-29,B,Jantar,Cubo suíno acebolado,,,,,,,,ISC jan,2026-06
2026-06-29,P1,Jantar,Salpicão vegano,,,,,,,,ISC jan,2026-06
2026-06-29,B,Jantar,Salpicão vegano,,,,,,,,ISC jan,2026-06
2026-06-30,P1,Jantar,Sobrecoxa Desossada,23.0,0.6216216216216216,11.0,0.2972972972972973,3.0,0.08108108108108109,7.783783783783784,ISC jan,2026-06
2026-06-30,B,Jantar,Sobrecoxa Desossada,37.0,0.7551020408163265,8.0,0.16326530612244897,4.0,0.08163265306122448,8.448979591836734,ISC jan,2026-06
2026-06-30,P1,Jantar,Carne Moída Refogada,40.0,0.7272727272727273,12.0,0.21818181818181817,3.0,0.05454545454545454,8.418181818181818,ISC jan,2026-06
2026-06-30,B,Jantar,Carne Moída Refogada,43.0,0.8775510204081632,4.0,0.08163265306122448,2.0,0.04081632653061224,9.224489795918368,ISC jan,2026-06
2026-06-30,P1,Jantar,Hambúrguer de Soja,17.0,0.8947368421052632,1.0,0.05263157894736842,1.0,0.05263157894736842,9.263157894736842,ISC jan,2026-06
2026-06-30,B,Jantar,Hambúrguer de Soja,18.0,0.8571428571428571,0.0,0.0,3.0,0.14285714285714285,8.714285714285714,ISC jan,2026-06
2026-07-01,P1,Jantar,Cubos de Frango Acebolado,12.0,0.5454545454545454,9.0,0.4090909090909091,1.0,0.045454545454545456,7.545454545454546,ISC jan,2026-07
2026-07-01,B,Jantar,Cubos de Frango Acebolado,29.0,0.90625,3.0,0.09375,0.0,0.0,9.53125,ISC jan,2026-07
2026-07-01,P1,Jantar,Isca de Carne ao M. Tomate,43.0,0.86,6.0,0.12,1.0,0.02,9.22,ISC jan,2026-07
2026-07-01,B,Jantar,Isca de Carne ao M. Tomate,48.0,0.9056603773584906,3.0,0.05660377358490566,2.0,0.03773584905660377,9.377358490566039,ISC jan,2026-07
2026-07-01,P1,Jantar,Panqueca Vegana ao Molho Branco,10.0,0.5882352941176471,0.0,0.0,7.0,0.4117647058823529,6.294117647058823,ISC jan,2026-07
2026-07-01,B,Jantar,Panqueca Vegana ao Molho Branco,18.0,0.8571428571428571,3.0,0.14285714285714285,0.0,0.0,9.285714285714286,ISC jan,2026-07
2026-07-02,P1,Jantar,Peixe à Delícia,53.0,0.9137931034482759,4.0,0.06896551724137931,1.0,0.017241379310344827,9.5,ISC jan,2026-07
2026-07-02,B,Jantar,Peixe à Delícia,38.0,0.8837209302325582,5.0,0.11627906976744186,0.0,0.0,9.418604651162791,ISC jan,2026-07
2026-07-02,P1,Jantar,Cubos de Carne ao M. Madeira,50.0,0.704225352112676,5.0,0.07042253521126761,16.0,0.22535211267605634,7.619718309859155,ISC jan,2026-07
2026-07-02,B,Jantar,Cubos de Carne ao M. Madeira,47.0,0.7833333333333333,8.0,0.13333333333333333,5.0,0.08333333333333333,8.583333333333334,ISC jan,2026-07
2026-07-02,P1,Jantar,Suflê de Legumes,16.0,0.8,1.0,0.05,3.0,0.15,8.4,ISC jan,2026-07
2026-07-02,B,Jantar,Suflê de Legumes,8.0,0.8,2.0,0.2,0.0,0.0,9.0,ISC jan,2026-07
2026-07-03,P1,Jantar,Cubos de Frango ao M. Escuro,11.0,0.8461538461538461,1.0,0.07692307692307693,1.0,0.07692307692307693,8.923076923076923,ISC jan,2026-07
2026-07-03,B,Jantar,Cubos de Frango ao M. Escuro,18.0,0.75,4.0,0.16666666666666666,2.0,0.08333333333333333,8.416666666666666,ISC jan,2026-07
2026-07-03,P1,Jantar,Escondidinho de Calabresa,38.0,0.59375,26.0,0.40625,0.0,0.0,7.96875,ISC jan,2026-07
2026-07-03,B,Jantar,Escondidinho de Calabresa,41.0,0.8913043478260869,3.0,0.06521739130434782,2.0,0.043478260869565216,9.282608695652174,ISC jan,2026-07
2026-07-03,P1,Jantar,Torta de Legumes,3.0,1.0,0.0,0.0,0.0,0.0,10.0,ISC jan,2026-07
2026-07-03,B,Jantar,Torta de Legumes,8.0,0.8888888888888888,0.0,0.0,1.0,0.1111111111111111,9.0,ISC jan,2026-07
2026-07-06,P1,Jantar,Frango Xadrez,24.0,0.75,4.0,0.125,4.0,0.125,8.25,ISC jan,2026-07
2026-07-06,B,Jantar,Frango Xadrez,29.0,0.8055555555555556,5.0,0.1388888888888889,2.0,0.05555555555555555,8.805555555555555,ISC jan,2026-07
2026-07-06,P1,Jantar,Picadinho com Legumes,27.0,0.84375,3.0,0.09375,2.0,0.0625,8.96875,ISC jan,2026-07
2026-07-06,B,Jantar,Picadinho com Legumes,38.0,0.7307692307692307,10.0,0.19230769230769232,4.0,0.07692307692307693,8.346153846153847,ISC jan,2026-07
2026-07-06,P1,Jantar,Rocombole Grão de Bico,8.0,0.6666666666666666,1.0,0.08333333333333333,3.0,0.25,7.333333333333333,ISC jan,2026-07
2026-07-06,B,Jantar,Rocombole Grão de Bico,12.0,0.6666666666666666,3.0,0.16666666666666666,3.0,0.16666666666666666,7.666666666666667,ISC jan,2026-07
2026-07-07,P1,Jantar,Sobrecoxa ao M. de Legumes,10.0,0.6666666666666666,2.0,0.13333333333333333,3.0,0.2,7.533333333333333,ISC jan,2026-07
2026-07-07,B,Jantar,Sobrecoxa ao M. de Legumes,19.0,0.59375,8.0,0.25,5.0,0.15625,7.34375,ISC jan,2026-07
2026-07-07,P1,Jantar,Carne Moída Refogada,22.0,0.7096774193548387,4.0,0.12903225806451613,5.0,0.16129032258064516,7.903225806451613,ISC jan,2026-07
2026-07-07,B,Jantar,Carne Moída Refogada,28.0,0.8484848484848485,4.0,0.12121212121212122,1.0,0.030303030303030304,9.121212121212121,ISC jan,2026-07
2026-07-07,P1,Jantar,Bobó de Legumes,2.0,0.2,3.0,0.3,5.0,0.5,4.0,ISC jan,2026-07
2026-07-07,B,Jantar,Bobó de Legumes,8.0,0.8,2.0,0.2,0.0,0.0,9.0,ISC jan,2026-07
2026-07-08,P1,Jantar,Vatapá de Frango,40.0,0.975609756097561,0.0,0.0,1.0,0.024390243902439025,9.78048780487805,ISC jan,2026-07
2026-07-08,B,Jantar,Vatapá de Frango,30.0,0.9375,1.0,0.03125,1.0,0.03125,9.5625,ISC jan,2026-07
2026-07-08,P1,Jantar,Isca de Carne Acebolada,15.0,0.8333333333333334,3.0,0.16666666666666666,0.0,0.0,9.166666666666666,ISC jan,2026-07
2026-07-08,B,Jantar,Isca de Carne Acebolada,17.0,0.8095238095238095,3.0,0.14285714285714285,1.0,0.047619047619047616,8.857142857142858,ISC jan,2026-07
2026-07-08,P1,Jantar,Bolo Salgado Vegano,1.0,0.5,0.0,0.0,1.0,0.5,5.5,ISC jan,2026-07
2026-07-08,B,Jantar,Bolo Salgado Vegano,2.0,0.5,0.0,0.0,2.0,0.5,5.5,ISC jan,2026-07
2026-07-09,P1,Jantar,Sobrecoxa com Gergelim,11.0,0.6875,0.0,0.0,5.0,0.3125,7.1875,ISC jan,2026-07
2026-07-09,B,Jantar,Sobrecoxa com Gergelim,14.0,0.9333333333333333,1.0,0.06666666666666667,0.0,0.0,9.666666666666666,ISC jan,2026-07
2026-07-09,P1,Jantar,Suíno Acebolado,,,,,,,,ISC jan,2026-07
2026-07-09,B,Jantar,Suíno Acebolado,4.0,1.0,0.0,0.0,0.0,0.0,10.0,ISC jan,2026-07
2026-07-09,P1,Jantar,Vatapá Vegano,9.0,0.9,1.0,0.1,0.0,0.0,9.5,ISC jan,2026-07
2026-07-09,B,Jantar,Vatapá Vegano,8.0,1.0,0.0,0.0,0.0,0.0,10.0,ISC jan,2026-07
2026-07-10,P1,Jantar,Cubos de Frango à Chinesa,14.0,0.6666666666666666,7.0,0.3333333333333333,0.0,0.0,8.333333333333334,ISC jan,2026-07
2026-07-10,B,Jantar,Cubos de Frango à Chinesa,9.0,0.8181818181818182,0.0,0.0,2.0,0.18181818181818182,8.363636363636363,ISC jan,2026-07
2026-07-10,P1,Jantar,Torta de Calabresa,15.0,0.7894736842105263,2.0,0.10526315789473684,2.0,0.10526315789473684,8.526315789473685,ISC jan,2026-07
2026-07-10,B,Jantar,Torta de Calabresa,9.0,0.24324324324324326,4.0,0.10810810810810811,24.0,0.6486486486486487,3.6216216216216215,ISC jan,2026-07
2026-07-10,P1,Jantar,Lasanha de Brócolis,4.0,0.6666666666666666,0.0,0.0,2.0,0.3333333333333333,7.0,ISC jan,2026-07
2026-07-10,B,Jantar,Lasanha de Brócolis,1.0,0.5,0.0,0.0,1.0,0.5,5.5,ISC jan,2026-07
2026-07-13,P1,Jantar,Isca de Frango Acebolado,8.0,0.8,2.0,0.2,0.0,0.0,9.0,ISC jan,2026-07
2026-07-13,B,Jantar,Isca de Frango Acebolado,6.0,1.0,0.0,0.0,0.0,0.0,10.0,ISC jan,2026-07
2026-07-13,P1,Jantar,Paçoca de Carne,21.0,0.9130434782608695,2.0,0.08695652173913043,0.0,0.0,9.565217391304348,ISC jan,2026-07
2026-07-13,B,Jantar,Paçoca de Carne,15.0,0.8823529411764706,2.0,0.11764705882352941,0.0,0.0,9.411764705882353,ISC jan,2026-07
2026-07-13,P1,Jantar,Yakissoba Vegetariano,1.0,1.0,0.0,0.0,0.0,0.0,10.0,ISC jan,2026-07
2026-07-13,B,Jantar,Yakissoba Vegetariano,1.0,1.0,0.0,0.0,0.0,0.0,10.0,ISC jan,2026-07
2026-07-14,P1,Jantar,Sobrecoxa Crocante,20.0,0.8333333333333334,4.0,0.16666666666666666,0.0,0.0,9.166666666666666,ISC jan,2026-07
2026-07-14,B,Jantar,Sobrecoxa Crocante,10.0,0.9090909090909091,0.0,0.0,1.0,0.09090909090909091,9.181818181818182,ISC jan,2026-07
2026-07-14,P1,Jantar,Jardineira de Carne Moída,26.0,0.9285714285714286,2.0,0.07142857142857142,0.0,0.0,9.642857142857142,ISC jan,2026-07
2026-07-14,B,Jantar,Jardineira de Carne Moída,18.0,0.8181818181818182,3.0,0.13636363636363635,1.0,0.045454545454545456,8.909090909090908,ISC jan,2026-07
2026-07-14,P1,Jantar,Soja à Bolonhesa,1.0,0.2,0.0,0.0,4.0,0.8,2.8,ISC jan,2026-07
2026-07-14,B,Jantar,Soja à Bolonhesa,2.0,1.0,0.0,0.0,0.0,0.0,10.0,ISC jan,2026-07
2026-07-15,P1,Jantar,Cubos de Frango ao M. de Legumes,4.0,0.6666666666666666,2.0,0.3333333333333333,0.0,0.0,8.333333333333334,ISC jan,2026-07
2026-07-15,B,Jantar,Cubos de Frango ao M. de Legumes,7.0,0.7,3.0,0.3,0.0,0.0,8.5,ISC jan,2026-07
2026-07-15,P1,Jantar,Estrogonofe de Carne,10.0,0.7692307692307693,1.0,0.07692307692307693,2.0,0.15384615384615385,8.23076923076923,ISC jan,2026-07
2026-07-15,B,Jantar,Estrogonofe de Carne,6.0,0.5454545454545454,2.0,0.18181818181818182,3.0,0.2727272727272727,6.636363636363637,ISC jan,2026-07
2026-07-15,P1,Jantar,Almôndegas de Lentilha,2.0,1.0,0.0,0.0,0.0,0.0,10.0,ISC jan,2026-07
2026-07-15,B,Jantar,Almôndegas de Lentilha,0.0,,0.0,,0.0,,,ISC jan,2026-07
2026-07-16,P1,Jantar,Peixe Assado,13.0,0.9285714285714286,0.0,0.0,1.0,0.07142857142857142,9.357142857142858,ISC jan,2026-07
2026-07-16,B,Jantar,Peixe Assado,7.0,0.7,2.0,0.2,1.0,0.1,8.1,ISC jan,2026-07
2026-07-16,P1,Jantar,Isca de Carne Acebolada,8.0,0.6666666666666666,3.0,0.25,1.0,0.08333333333333333,8.0,ISC jan,2026-07
2026-07-16,B,Jantar,Isca de Carne Acebolada,6.0,0.75,1.0,0.125,1.0,0.125,8.25,ISC jan,2026-07
2026-07-16,P1,Jantar,Vatapá Vegano,4.0,1.0,0.0,0.0,0.0,0.0,10.0,ISC jan,2026-07
2026-07-16,B,Jantar,Vatapá Vegano,2.0,0.6666666666666666,0.0,0.0,1.0,0.3333333333333333,7.0,ISC jan,2026-07
2026-07-17,P1,Jantar,Escondidinho de Frango,2.0,0.6666666666666666,1.0,0.3333333333333333,0.0,0.0,8.333333333333334,ISC jan,2026-07
2026-07-17,B,Jantar,Escondidinho de Frango,23.0,1.0,0.0,0.0,0.0,0.0,10.0,ISC jan,2026-07
2026-07-17,P1,Jantar,Suíno ao Molho Barbecue,1.0,1.0,0.0,0.0,0.0,0.0,10.0,ISC jan,2026-07
2026-07-17,B,Jantar,Suíno ao Molho Barbecue,12.0,0.75,3.0,0.1875,1.0,0.0625,8.5,ISC jan,2026-07
2026-07-17,P1,Jantar,Escondidinho de Legumes,0.0,,0.0,,0.0,,,ISC jan,2026-07
2026-07-17,B,Jantar,Escondidinho de Legumes,4.0,0.8,0.0,0.0,1.0,0.2,8.2,ISC jan,2026-07
2026-07-20,P1,Jantar,Sobrecoxa Desossada ao M.Ervas,5.0,0.7142857142857143,1.0,0.14285714285714285,1.0,0.14285714285714285,8.0,ISC jan,2026-07
2026-07-20,B,Jantar,Sobrecoxa Desossada ao M.Ervas,0.0,0.0,0.0,0.0,4.0,1.0,1.0,ISC jan,2026-07
2026-07-20,P1,Jantar,Cubo suíno acebolado,6.0,0.8571428571428571,1.0,0.14285714285714285,0.0,0.0,9.285714285714286,ISC jan,2026-07
2026-07-20,B,Jantar,Cubo suíno acebolado,4.0,1.0,0.0,0.0,0.0,0.0,10.0,ISC jan,2026-07
2026-07-20,P1,Jantar,Bolinha de Ervilha c/ Aveia,0.0,,0.0,,0.0,,,ISC jan,2026-07
2026-07-20,B,Jantar,Bolinha de Ervilha c/ Aveia,0.0,0.0,0.0,0.0,2.0,1.0,1.0,ISC jan,2026-07
2026-07-21,P1,Jantar,Estrogonofe de Frango,8.0,0.8,1.0,0.1,1.0,0.1,8.6,ISC jan,2026-07
2026-07-21,B,Jantar,Estrogonofe de Frango,9.0,1.0,0.0,0.0,0.0,0.0,10.0,ISC jan,2026-07
2026-07-21,P1,Jantar,Carne Moída Refogada,6.0,0.75,2.0,0.25,0.0,0.0,8.75,ISC jan,2026-07
2026-07-21,B,Jantar,Carne Moída Refogada,5.0,0.7142857142857143,1.0,0.14285714285714285,1.0,0.14285714285714285,8.0,ISC jan,2026-07
2026-07-21,P1,Jantar,Jardineira de Soja,0.0,0.0,0.0,0.0,1.0,1.0,1.0,ISC jan,2026-07
2026-07-21,B,Jantar,Jardineira de Soja,0.0,0.0,1.0,1.0,0.0,0.0,5.0,ISC jan,2026-07
2026-07-22,P1,Jantar,Sobrecoxa Assada,8.0,0.7272727272727273,2.0,0.18181818181818182,1.0,0.09090909090909091,8.272727272727273,ISC jan,2026-07
2026-07-22,B,Jantar,Sobrecoxa Assada,1.0,1.0,0.0,0.0,0.0,0.0,10.0,ISC jan,2026-07
2026-07-22,P1,Jantar,Isca de Carne Acebolada,10.0,0.9090909090909091,1.0,0.09090909090909091,0.0,0.0,9.545454545454545,ISC jan,2026-07
2026-07-22,B,Jantar,Isca de Carne Acebolada,6.0,0.8571428571428571,1.0,0.14285714285714285,0.0,0.0,9.285714285714286,ISC jan,2026-07
2026-07-22,P1,Jantar,Lasanha de Batatas,0.0,0.0,0.0,0.0,1.0,1.0,1.0,ISC jan,2026-07
2026-07-22,B,Jantar,Lasanha de Batatas,4.0,1.0,0.0,0.0,0.0,0.0,10.0,ISC jan,2026-07
2026-07-23,P1,Jantar,Isca de Frango Acebolado,3.0,1.0,0.0,0.0,0.0,0.0,10.0,ISC jan,2026-07
2026-07-23,B,Jantar,Isca de Frango Acebolado,3.0,1.0,0.0,0.0,0.0,0.0,10.0,ISC jan,2026-07
2026-07-23,P1,Jantar,Cubo Suíno ao Molho Barbecue,7.0,0.7,3.0,0.3,0.0,0.0,8.5,ISC jan,2026-07
2026-07-23,B,Jantar,Cubo Suíno ao Molho Barbecue,4.0,0.5714285714285714,3.0,0.42857142857142855,0.0,0.0,7.857142857142857,ISC jan,2026-07
2026-07-23,P1,Jantar,Escondidinho de Soja,0.0,,0.0,,0.0,,,ISC jan,2026-07
2026-07-23,B,Jantar,Escondidinho de Soja,0.0,0.0,0.0,0.0,1.0,1.0,1.0,ISC jan,2026-07
2026-07-24,P1,Jantar,Cubos de Frango ao M. de Tomate,7.0,0.875,1.0,0.125,0.0,0.0,9.375,ISC jan,2026-07
2026-07-24,B,Jantar,Cubos de Frango ao M. de Tomate,8.0,1.0,0.0,0.0,0.0,0.0,10.0,ISC jan,2026-07
2026-07-24,P1,Jantar,Calabresa Acebolada,8.0,0.8,1.0,0.1,1.0,0.1,8.6,ISC jan,2026-07
2026-07-24,B,Jantar,Calabresa Acebolada,4.0,0.8,1.0,0.2,0.0,0.0,9.0,ISC jan,2026-07
2026-07-24,P1,Jantar,Bolinho de grão de bico,0.0,0.0,2.0,1.0,0.0,0.0,5.0,ISC jan,2026-07
2026-07-24,B,Jantar,Bolinho de grão de bico,0.0,,0.0,,0.0,,,ISC jan,2026-07
2026-07-27,P1,Jantar,Fricassê de Frango,7.0,1.0,0.0,0.0,0.0,0.0,10.0,ISC jan,2026-07
2026-07-27,B,Jantar,Fricassê de Frango,5.0,0.625,1.0,0.125,2.0,0.25,7.125,ISC jan,2026-07
2026-07-27,P1,Jantar,Cubo suíno acebolado,11.0,1.0,0.0,0.0,0.0,0.0,10.0,ISC jan,2026-07
2026-07-27,B,Jantar,Cubo suíno acebolado,8.0,0.8,0.0,0.0,2.0,0.2,8.2,ISC jan,2026-07
2026-07-27,P1,Jantar,Salpicão vegano,0.0,0.0,1.0,1.0,0.0,0.0,5.0,ISC jan,2026-07
2026-07-27,B,Jantar,Salpicão vegano,2.0,1.0,0.0,0.0,0.0,0.0,10.0,ISC jan,2026-07
2026-07-28,P1,Jantar,Sobrecoxa Assada,9.0,0.8181818181818182,2.0,0.18181818181818182,0.0,0.0,9.090909090909092,ISC jan,2026-07
2026-07-28,B,Jantar,Sobrecoxa Assada,8.0,1.0,0.0,0.0,0.0,0.0,10.0,ISC jan,2026-07
2026-07-28,P1,Jantar,Carne Moída Refogada,8.0,1.0,0.0,0.0,0.0,0.0,10.0,ISC jan,2026-07
2026-07-28,B,Jantar,Carne Moída Refogada,9.0,0.9,1.0,0.1,0.0,0.0,9.5,ISC jan,2026-07
2026-07-28,P1,Jantar,Hambúrguer de Soja,1.0,0.16666666666666666,1.0,0.16666666666666666,4.0,0.6666666666666666,3.1666666666666665,ISC jan,2026-07
2026-07-28,B,Jantar,Hambúrguer de Soja,2.0,0.6666666666666666,0.0,0.0,1.0,0.3333333333333333,7.0,ISC jan,2026-07
2026-07-29,P1,Jantar,Cubos de Frango Acebolado,7.0,0.7777777777777778,2.0,0.2222222222222222,0.0,0.0,8.88888888888889,ISC jan,2026-07
2026-07-29,B,Jantar,Cubos de Frango Acebolado,16.0,1.0,0.0,0.0,0.0,0.0,10.0,ISC jan,2026-07
2026-07-29,P1,Jantar,Isca de Carne ao M. Tomate,9.0,0.75,3.0,0.25,0.0,0.0,8.75,ISC jan,2026-07
2026-07-29,B,Jantar,Isca de Carne ao M. Tomate,8.0,0.6666666666666666,4.0,0.3333333333333333,0.0,0.0,8.333333333333334,ISC jan,2026-07
2026-07-29,P1,Jantar,Panqueca Vegana ao Molho Branco,6.0,1.0,0.0,0.0,0.0,0.0,10.0,ISC jan,2026-07
2026-07-29,B,Jantar,Panqueca Vegana ao Molho Branco,0.0,0.0,1.0,0.25,3.0,0.75,2.0,ISC jan,2026-07
2026-07-30,P1,Jantar,Peixe à Delícia,12.0,0.8571428571428571,2.0,0.14285714285714285,0.0,0.0,9.285714285714286,ISC jan,2026-07
2026-07-30,B,Jantar,Peixe à Delícia,8.0,1.0,0.0,0.0,0.0,0.0,10.0,ISC jan,2026-07
2026-07-30,P1,Jantar,Cubos de Carne ao M. Madeira,12.0,0.9230769230769231,1.0,0.07692307692307693,0.0,0.0,9.615384615384615,ISC jan,2026-07
2026-07-30,B,Jantar,Cubos de Carne ao M. Madeira,11.0,0.9166666666666666,1.0,0.08333333333333333,0.0,0.0,9.583333333333334,ISC jan,2026-07
2026-07-30,P1,Jantar,Suflê de Legumes,2.0,1.0,0.0,0.0,0.0,0.0,10.0,ISC jan,2026-07
2026-07-30,B,Jantar,Suflê de Legumes,0.0,,0.0,,0.0,,,ISC jan,2026-07
2026-07-31,P1,Jantar,Cubos de Frango ao M. Escuro,3.0,0.75,1.0,0.25,0.0,0.0,8.75,ISC jan,2026-07
2026-07-31,B,Jantar,Cubos de Frango ao M. Escuro,7.0,0.7,2.0,0.2,1.0,0.1,8.1,ISC jan,2026-07
2026-07-31,P1,Jantar,Escondidinho de Carne,10.0,0.9090909090909091,1.0,0.09090909090909091,0.0,0.0,9.545454545454545,ISC jan,2026-07
2026-07-31,B,Jantar,Escondidinho de Carne,18.0,0.9473684210526315,1.0,0.05263157894736842,0.0,0.0,9.736842105263158,ISC jan,2026-07
2026-07-31,P1,Jantar,Torta de Legumes,1.0,1.0,0.0,0.0,0.0,0.0,10.0,ISC jan,2026-07
2026-07-31,B,Jantar,Torta de Legumes,2.0,1.0,0.0,0.0,0.0,0.0,10.0,ISC jan,2026-07
2026-08-03,P1,Jantar,Frango Xadrez,11.0,0.9166666666666666,1.0,0.08333333333333333,0.0,0.0,9.583333333333334,ISC jan,2026-08
2026-08-03,B,Jantar,Frango Xadrez,4.0,0.6666666666666666,2.0,0.3333333333333333,0.0,0.0,8.333333333333334,ISC jan,2026-08
2026-08-03,P1,Jantar,Picadinho com Legumes,11.0,0.9166666666666666,1.0,0.08333333333333333,0.0,0.0,9.583333333333334,ISC jan,2026-08
2026-08-03,B,Jantar,Picadinho com Legumes,4.0,0.8,1.0,0.2,0.0,0.0,9.0,ISC jan,2026-08
2026-08-03,P1,Jantar,Rocambole de Grão de Bico,0.0,0.0,1.0,1.0,0.0,0.0,5.0,ISC jan,2026-08
2026-08-03,B,Jantar,Rocambole de Grão de Bico,0.0,,0.0,,0.0,,,ISC jan,2026-08
2026-08-04,P1,Jantar,Sobrecoxa ao M. de Legumes,2.0,0.3333333333333333,2.0,0.3333333333333333,2.0,0.3333333333333333,5.333333333333333,ISC jan,2026-08
2026-08-04,B,Jantar,Sobrecoxa ao M. de Legumes,12.0,0.9230769230769231,1.0,0.07692307692307693,0.0,0.0,9.615384615384615,ISC jan,2026-08
2026-08-04,P1,Jantar,Carne Moída Refogada,5.0,0.7142857142857143,1.0,0.14285714285714285,1.0,0.14285714285714285,8.0,ISC jan,2026-08
2026-08-04,B,Jantar,Carne Moída Refogada,13.0,0.7647058823529411,2.0,0.11764705882352941,2.0,0.11764705882352941,8.352941176470589,ISC jan,2026-08
2026-08-04,P1,Jantar,Bobó de Legumes,1.0,0.5,1.0,0.5,0.0,0.0,7.5,ISC jan,2026-08
2026-08-04,B,Jantar,Bobó de Legumes,2.0,1.0,0.0,0.0,0.0,0.0,10.0,ISC jan,2026-08
2026-08-05,P1,Jantar,Vatapá de Frango,14.0,0.9333333333333333,1.0,0.06666666666666667,0.0,0.0,9.666666666666666,ISC jan,2026-08
2026-08-05,B,Jantar,Vatapá de Frango,8.0,0.8888888888888888,1.0,0.1111111111111111,0.0,0.0,9.444444444444445,ISC jan,2026-08
2026-08-05,P1,Jantar,Isca de Carne Acebolada,17.0,0.8947368421052632,2.0,0.10526315789473684,0.0,0.0,9.473684210526315,ISC jan,2026-08
2026-08-05,B,Jantar,Isca de Carne Acebolada,9.0,1.0,0.0,0.0,0.0,0.0,10.0,ISC jan,2026-08
2026-08-05,P1,Jantar,Bolo Salgado Vegano,0.0,0.0,1.0,1.0,0.0,0.0,5.0,ISC jan,2026-08
2026-08-05,B,Jantar,Bolo Salgado Vegano,0.0,0.0,1.0,1.0,0.0,0.0,5.0,ISC jan,2026-08
2026-08-06,P1,Jantar,Sobrecoxa com Gergelim,10.0,1.0,0.0,0.0,0.0,0.0,10.0,ISC jan,2026-08
2026-08-06,B,Jantar,Sobrecoxa com Gergelim,23.0,0.9583333333333334,0.0,0.0,1.0,0.041666666666666664,9.625,ISC jan,2026-08
2026-08-06,P1,Jantar,Suíno Acebolado,5.0,0.8333333333333334,1.0,0.16666666666666666,0.0,0.0,9.166666666666666,ISC jan,2026-08
2026-08-06,B,Jantar,Suíno Acebolado,8.0,0.7272727272727273,2.0,0.18181818181818182,1.0,0.09090909090909091,8.272727272727273,ISC jan,2026-08
2026-08-06,P1,Jantar,Vatapá Vegano,2.0,1.0,0.0,0.0,0.0,0.0,10.0,ISC jan,2026-08
2026-08-06,B,Jantar,Vatapá Vegano,9.0,1.0,0.0,0.0,0.0,0.0,10.0,ISC jan,2026-08
2026-08-07,P1,Jantar,Cubos de Frango à Chinesa,4.0,1.0,0.0,0.0,0.0,0.0,10.0,ISC jan,2026-08
2026-08-07,B,Jantar,Cubos de Frango à Chinesa,9.0,0.6923076923076923,2.0,0.15384615384615385,2.0,0.15384615384615385,7.846153846153846,ISC jan,2026-08
2026-08-07,P1,Jantar,Lasanha de Calabresa,4.0,0.4444444444444444,3.0,0.3333333333333333,2.0,0.2222222222222222,6.333333333333333,ISC jan,2026-08
2026-08-07,B,Jantar,Lasanha de Calabresa,21.0,0.9545454545454546,0.0,0.0,1.0,0.045454545454545456,9.590909090909092,ISC jan,2026-08
2026-08-07,P1,Jantar,Lasanha de Brócolis,2.0,0.6666666666666666,1.0,0.3333333333333333,0.0,0.0,8.333333333333334,ISC jan,2026-08
2026-08-07,B,Jantar,Lasanha de Brócolis,5.0,1.0,0.0,0.0,0.0,0.0,10.0,ISC jan,2026-08
2026-08-10,P1,Jantar,Isca de Frango Acebolado,26.0,0.5909090909090909,12.0,0.2727272727272727,6.0,0.13636363636363635,7.409090909090909,ISC jan,2026-08
2026-08-10,B,Jantar,Isca de Frango Acebolado,28.0,0.8484848484848485,5.0,0.15151515151515152,0.0,0.0,9.242424242424242,ISC jan,2026-08
2026-08-10,P1,Jantar,Paçoca de Carne,45.0,0.8490566037735849,8.0,0.1509433962264151,0.0,0.0,9.245283018867925,ISC jan,2026-08
2026-08-10,B,Jantar,Paçoca de Carne,45.0,0.7894736842105263,9.0,0.15789473684210525,3.0,0.05263157894736842,8.736842105263158,ISC jan,2026-08
2026-08-10,P1,Jantar,Yakissoba Vegetariano,8.0,0.6153846153846154,2.0,0.15384615384615385,3.0,0.23076923076923078,7.153846153846154,ISC jan,2026-08
2026-08-10,B,Jantar,Yakissoba Vegetariano,6.0,0.5454545454545454,5.0,0.45454545454545453,0.0,0.0,7.7272727272727275,ISC jan,2026-08
2026-08-11,P1,Jantar,Sobrecoxa Crocante,18.0,0.42857142857142855,14.0,0.3333333333333333,10.0,0.23809523809523808,6.190476190476191,ISC jan,2026-08
2026-08-11,B,Jantar,Sobrecoxa Crocante,31.0,0.9393939393939394,2.0,0.06060606060606061,0.0,0.0,9.696969696969697,ISC jan,2026-08
2026-08-11,P1,Jantar,Jardineira de Carne Moída,44.0,0.5641025641025641,16.0,0.20512820512820512,18.0,0.23076923076923078,6.897435897435898,ISC jan,2026-08
2026-08-11,B,Jantar,Jardineira de Carne Moída,52.0,0.8,11.0,0.16923076923076924,2.0,0.03076923076923077,8.876923076923077,ISC jan,2026-08
2026-08-11,P1,Jantar,Soja à Bolonhesa,13.0,0.7222222222222222,3.0,0.16666666666666666,2.0,0.1111111111111111,8.166666666666666,ISC jan,2026-08
2026-08-11,B,Jantar,Soja à Bolonhesa,8.0,0.8,1.0,0.1,1.0,0.1,8.6,ISC jan,2026-08
2026-08-12,P1,Jantar,Cubos de Frango ao M. de Legumes,36.0,0.8780487804878049,5.0,0.12195121951219512,0.0,0.0,9.390243902439025,ISC jan,2026-08
2026-08-12,B,Jantar,Cubos de Frango ao M. de Legumes,37.0,0.7708333333333334,8.0,0.16666666666666666,3.0,0.0625,8.604166666666666,ISC jan,2026-08
2026-08-12,P1,Jantar,Estrogonofe de Carne,48.0,0.9411764705882353,2.0,0.0392156862745098,1.0,0.0196078431372549,9.627450980392156,ISC jan,2026-08
2026-08-12,B,Jantar,Estrogonofe de Carne,68.0,0.8095238095238095,12.0,0.14285714285714285,4.0,0.047619047619047616,8.857142857142858,ISC jan,2026-08
2026-08-12,P1,Jantar,Almôndegas de Lentilha,2.0,0.2857142857142857,2.0,0.2857142857142857,3.0,0.42857142857142855,4.714285714285714,ISC jan,2026-08
2026-08-12,B,Jantar,Almôndegas de Lentilha,9.0,0.6428571428571429,3.0,0.21428571428571427,2.0,0.14285714285714285,7.642857142857143,ISC jan,2026-08
2026-08-13,P1,Jantar,Peixe Assado,52.0,0.8524590163934426,6.0,0.09836065573770492,3.0,0.04918032786885246,9.065573770491802,ISC jan,2026-08
2026-08-13,B,Jantar,Peixe Assado,62.0,0.8051948051948052,8.0,0.1038961038961039,7.0,0.09090909090909091,8.662337662337663,ISC jan,2026-08
2026-08-13,P1,Jantar,Isca de Carne Acebolada,32.0,0.8648648648648649,5.0,0.13513513513513514,0.0,0.0,9.324324324324325,ISC jan,2026-08
2026-08-13,B,Jantar,Isca de Carne Acebolada,57.0,0.8028169014084507,7.0,0.09859154929577464,7.0,0.09859154929577464,8.619718309859154,ISC jan,2026-08
2026-08-13,P1,Jantar,Vatapá Vegano,17.0,0.8095238095238095,4.0,0.19047619047619047,0.0,0.0,9.047619047619047,ISC jan,2026-08
2026-08-13,B,Jantar,Vatapá Vegano,34.0,0.9444444444444444,2.0,0.05555555555555555,0.0,0.0,9.722222222222221,ISC jan,2026-08
2026-08-14,P1,Jantar,Escondidinho de Frango,51.0,0.864406779661017,8.0,0.13559322033898305,0.0,0.0,9.322033898305085,ISC jan,2026-08
2026-08-14,B,Jantar,Escondidinho de Frango,98.0,0.8990825688073395,10.0,0.09174311926605505,1.0,0.009174311926605505,9.458715596330276,ISC jan,2026-08
2026-08-14,P1,Jantar,Suíno ao Molho Barbecue,24.0,1.0,0.0,0.0,0.0,0.0,10.0,ISC jan,2026-08
2026-08-14,B,Jantar,Suíno ao Molho Barbecue,8.0,0.7272727272727273,1.0,0.09090909090909091,2.0,0.18181818181818182,7.909090909090909,ISC jan,2026-08
2026-08-14,P1,Jantar,Escondidinho de Legumes,2.0,0.3333333333333333,1.0,0.16666666666666666,3.0,0.5,4.666666666666667,ISC jan,2026-08
2026-08-14,B,Jantar,Escondidinho de Legumes,4.0,0.5714285714285714,0.0,0.0,3.0,0.42857142857142855,6.142857142857143,ISC jan,2026-08
2026-08-17,P1,Jantar,Sobrecoxa Desossada ao M.Ervas,,,,,,,,ISC jan,2026-08
2026-08-17,B,Jantar,Sobrecoxa Desossada ao M.Ervas,36.0,0.8372093023255814,4.0,0.09302325581395349,3.0,0.06976744186046512,8.906976744186046,ISC jan,2026-08
2026-08-17,P1,Jantar,Cubo suíno acebolado,,,,,,,,ISC jan,2026-08
2026-08-17,B,Jantar,Cubo suíno acebolado,31.0,0.7209302325581395,4.0,0.09302325581395349,8.0,0.18604651162790697,7.8604651162790695,ISC jan,2026-08
2026-08-17,P1,Jantar,Bolinho de Ervilha com Aveia,,,,,,,,ISC jan,2026-08
2026-08-17,B,Jantar,Bolinho de Ervilha com Aveia,14.0,0.5833333333333334,2.0,0.08333333333333333,8.0,0.3333333333333333,6.583333333333333,ISC jan,2026-08
2026-08-18,P1,Jantar,Estrogonofe de Frango,77.0,0.8279569892473119,9.0,0.0967741935483871,7.0,0.07526881720430108,8.838709677419354,ISC jan,2026-08
2026-08-18,B,Jantar,Estrogonofe de Frango,78.0,0.8863636363636364,8.0,0.09090909090909091,2.0,0.022727272727272728,9.340909090909092,ISC jan,2026-08
2026-08-18,P1,Jantar,Carne Moída Refogada,45.0,0.8333333333333334,4.0,0.07407407407407407,5.0,0.09259259259259259,8.796296296296296,ISC jan,2026-08
2026-08-18,B,Jantar,Carne Moída Refogada,56.0,0.7777777777777778,12.0,0.16666666666666666,4.0,0.05555555555555555,8.666666666666666,ISC jan,2026-08
2026-08-18,P1,Jantar,Jardineira de Soja,4.0,0.2222222222222222,1.0,0.05555555555555555,13.0,0.7222222222222222,3.2222222222222223,ISC jan,2026-08
2026-08-18,B,Jantar,Jardineira de Soja,8.0,0.7272727272727273,1.0,0.09090909090909091,2.0,0.18181818181818182,7.909090909090909,ISC jan,2026-08
2026-08-19,P1,Jantar,Sobrecoxa Assada,30.0,0.9375,2.0,0.0625,0.0,0.0,9.6875,ISC jan,2026-08
2026-08-19,B,Jantar,Sobrecoxa Assada,26.0,0.7222222222222222,9.0,0.25,1.0,0.027777777777777776,8.5,ISC jan,2026-08
2026-08-19,P1,Jantar,Isca de Carne Acebolada,75.0,0.9375,3.0,0.0375,2.0,0.025,9.5875,ISC jan,2026-08
2026-08-19,B,Jantar,Isca de Carne Acebolada,84.0,0.9130434782608695,8.0,0.08695652173913043,0.0,0.0,9.565217391304348,ISC jan,2026-08
2026-08-19,P1,Jantar,Lasanha de Batatas,20.0,0.5714285714285714,8.0,0.22857142857142856,7.0,0.2,7.057142857142857,ISC jan,2026-08
2026-08-19,B,Jantar,Lasanha de Batatas,30.0,0.6122448979591837,6.0,0.12244897959183673,13.0,0.2653061224489796,7.0,ISC jan,2026-08
2026-08-20,P1,Jantar,Cubos de Frango Acebolado,38.0,0.5135135135135135,11.0,0.14864864864864866,25.0,0.33783783783783783,6.216216216216216,ISC jan,2026-08
2026-08-20,B,Jantar,Cubos de Frango Acebolado,49.0,0.7903225806451613,7.0,0.11290322580645161,6.0,0.0967741935483871,8.564516129032258,ISC jan,2026-08
2026-08-20,P1,Jantar,Cubo Suíno ao Molho Barbecue,71.0,0.8765432098765432,6.0,0.07407407407407407,4.0,0.04938271604938271,9.185185185185185,ISC jan,2026-08
2026-08-20,B,Jantar,Cubo Suíno ao Molho Barbecue,42.0,0.711864406779661,10.0,0.1694915254237288,7.0,0.11864406779661017,8.084745762711865,ISC jan,2026-08
2026-08-20,P1,Jantar,Escondidinho de Soja,40.0,0.8163265306122449,2.0,0.04081632653061224,7.0,0.14285714285714285,8.510204081632653,ISC jan,2026-08
2026-08-20,B,Jantar,Escondidinho de Soja,38.0,0.9743589743589743,1.0,0.02564102564102564,0.0,0.0,9.871794871794872,ISC jan,2026-08
2026-08-21,P1,Jantar,Cubos de Frango ao M. de Tomate,63.0,0.8873239436619719,6.0,0.08450704225352113,2.0,0.028169014084507043,9.32394366197183,ISC jan,2026-08
2026-08-21,B,Jantar,Cubos de Frango ao M. de Tomate,61.0,0.7721518987341772,10.0,0.12658227848101267,8.0,0.10126582278481013,8.455696202531646,ISC jan,2026-08
2026-08-21,P1,Jantar,Calabresa Acebolada,36.0,0.7346938775510204,8.0,0.16326530612244897,5.0,0.10204081632653061,8.26530612244898,ISC jan,2026-08
2026-08-21,B,Jantar,Calabresa Acebolada,74.0,0.8604651162790697,8.0,0.09302325581395349,4.0,0.046511627906976744,9.116279069767442,ISC jan,2026-08
2026-08-21,P1,Jantar,Bolinha de grão de bico,15.0,0.6818181818181818,4.0,0.18181818181818182,3.0,0.13636363636363635,7.863636363636363,ISC jan,2026-08
2026-08-21,B,Jantar,Bolinha de grão de bico,2.0,0.5,1.0,0.25,1.0,0.25,6.5,ISC jan,2026-08
2026-08-24,P1,Jantar,Fricassê de Frango,76.0,0.6495726495726496,22.0,0.18803418803418803,19.0,0.1623931623931624,7.598290598290598,ISC jan,2026-08
2026-08-24,B,Jantar,Fricassê de Frango,58.0,0.725,17.0,0.2125,5.0,0.0625,8.375,ISC jan,2026-08
2026-08-24,P1,Jantar,Cubo suíno acebolado,46.0,0.8214285714285714,7.0,0.125,3.0,0.05357142857142857,8.892857142857142,ISC jan,2026-08
2026-08-24,B,Jantar,Cubo suíno acebolado,39.0,0.6842105263157895,10.0,0.17543859649122806,8.0,0.14035087719298245,7.859649122807017,ISC jan,2026-08
2026-08-24,P1,Jantar,Salpicão vegano,7.0,0.5384615384615384,0.0,0.0,6.0,0.46153846153846156,5.846153846153846,ISC jan,2026-08
2026-08-24,B,Jantar,Salpicão vegano,9.0,0.3333333333333333,10.0,0.37037037037037035,8.0,0.2962962962962963,5.481481481481482,ISC jan,2026-08
2026-08-25,P1,Jantar,Sobrecoxa Desossada,48.0,0.7741935483870968,6.0,0.0967741935483871,8.0,0.12903225806451613,8.35483870967742,ISC jan,2026-08
2026-08-25,B,Jantar,Sobrecoxa Desossada,87.0,0.8613861386138614,10.0,0.09900990099009901,4.0,0.039603960396039604,9.148514851485148,ISC jan,2026-08
2026-08-25,P1,Jantar,Carne Moída Refogada,64.0,0.8888888888888888,7.0,0.09722222222222222,1.0,0.013888888888888888,9.38888888888889,ISC jan,2026-08
2026-08-25,B,Jantar,Carne Moída Refogada,49.0,0.9074074074074074,3.0,0.05555555555555555,2.0,0.037037037037037035,9.38888888888889,ISC jan,2026-08
2026-08-25,P1,Jantar,Hambúrguer de Soja,18.0,0.6923076923076923,2.0,0.07692307692307693,6.0,0.23076923076923078,7.538461538461538,ISC jan,2026-08
2026-08-25,B,Jantar,Hambúrguer de Soja,7.0,0.5833333333333334,2.0,0.16666666666666666,3.0,0.25,6.916666666666667,ISC jan,2026-08
2026-08-26,P1,Jantar,Cubos de Frango Acebolado,33.0,0.717391304347826,11.0,0.2391304347826087,2.0,0.043478260869565216,8.41304347826087,ISC jan,2026-08
2026-08-26,B,Jantar,Cubos de Frango Acebolado,18.0,0.9473684210526315,0.0,0.0,1.0,0.05263157894736842,9.526315789473685,ISC jan,2026-08
2026-08-26,P1,Jantar,Isca de Carne ao M. Tomate,56.0,0.7887323943661971,13.0,0.18309859154929578,2.0,0.028169014084507043,8.830985915492958,ISC jan,2026-08
2026-08-26,B,Jantar,Isca de Carne ao M. Tomate,78.0,0.8125,10.0,0.10416666666666667,8.0,0.08333333333333333,8.729166666666666,ISC jan,2026-08
2026-08-26,P1,Jantar,Panqueca Vegana ao Molho Branco,29.0,0.9354838709677419,1.0,0.03225806451612903,1.0,0.03225806451612903,9.548387096774194,ISC jan,2026-08
2026-08-26,B,Jantar,Panqueca Vegana ao Molho Branco,41.0,0.8541666666666666,7.0,0.14583333333333334,0.0,0.0,9.270833333333334,ISC jan,2026-08
2026-08-27,P1,Jantar,Peixe à Delícia,72.0,0.8372093023255814,12.0,0.13953488372093023,2.0,0.023255813953488372,9.093023255813954,ISC jan,2026-08
2026-08-27,B,Jantar,Peixe à Delícia,99.0,0.9166666666666666,7.0,0.06481481481481481,2.0,0.018518518518518517,9.50925925925926,ISC jan,2026-08
2026-08-27,P1,Jantar,Cubos de Carne ao M. Madeira,56.0,0.6666666666666666,11.0,0.13095238095238096,17.0,0.20238095238095238,7.523809523809524,ISC jan,2026-08
2026-08-27,B,Jantar,Cubos de Carne ao M. Madeira,58.0,0.7435897435897436,10.0,0.1282051282051282,10.0,0.1282051282051282,8.205128205128204,ISC jan,2026-08
2026-08-27,P1,Jantar,Suflê de Legumes,11.0,0.9166666666666666,0.0,0.0,1.0,0.08333333333333333,9.25,ISC jan,2026-08
2026-08-27,B,Jantar,Suflê de Legumes,10.0,0.8333333333333334,1.0,0.08333333333333333,1.0,0.08333333333333333,8.833333333333334,ISC jan,2026-08
2026-08-28,P1,Jantar,Cubos de Frango ao M. Escuro,4.0,0.4444444444444444,3.0,0.3333333333333333,2.0,0.2222222222222222,6.333333333333333,ISC jan,2026-08
2026-08-28,B,Jantar,Cubos de Frango ao M. Escuro,31.0,0.775,4.0,0.1,5.0,0.125,8.375,ISC jan,2026-08
2026-08-28,P1,Jantar,Escondidinho de Carne,17.0,0.7391304347826086,4.0,0.17391304347826086,2.0,0.08695652173913043,8.347826086956522,ISC jan,2026-08
2026-08-28,B,Jantar,Escondidinho de Carne,118.0,0.8676470588235294,10.0,0.07352941176470588,8.0,0.058823529411764705,9.102941176470589,ISC jan,2026-08
2026-08-28,P1,Jantar,Torta de Legumes,,,,,,,,ISC jan,2026-08
2026-08-28,B,Jantar,Torta de Legumes,8.0,0.7272727272727273,2.0,0.18181818181818182,1.0,0.09090909090909091,8.272727272727273,ISC jan,2026-08
2026-08-31,P1,Jantar,Frango Xadrez,49.0,0.7101449275362319,18.0,0.2608695652173913,2.0,0.028985507246376812,8.434782608695652,ISC jan,2026-08
2026-08-31,B,Jantar,Frango Xadrez,39.0,0.75,8.0,0.15384615384615385,5.0,0.09615384615384616,8.365384615384615,ISC jan,2026-08
2026-08-31,P1,Jantar,Picadinho com Legumes,52.0,0.8125,8.0,0.125,4.0,0.0625,8.8125,ISC jan,2026-08
2026-08-31,B,Jantar,Picadinho com Legumes,32.0,0.6956521739130435,10.0,0.21739130434782608,4.0,0.08695652173913043,8.130434782608695,ISC jan,2026-08
2026-08-31,P1,Jantar,Rocambole de Grão de Bico,8.0,0.47058823529411764,4.0,0.23529411764705882,5.0,0.29411764705882354,6.176470588235294,ISC jan,2026-08
2026-08-31,B,Jantar,Rocambole de Grão de Bico,9.0,0.75,2.0,0.16666666666666666,1.0,0.08333333333333333,8.416666666666666,ISC jan,2026-08
2026-09-01,P1,Jantar,Sobrecoxa ao M. de Legumes,59.0,0.6941176470588235,14.0,0.16470588235294117,12.0,0.1411764705882353,7.905882352941177,ISC jan,2026-09
2026-09-01,B,Jantar,Sobrecoxa ao M. de Legumes,23.0,0.6216216216216216,8.0,0.21621621621621623,6.0,0.16216216216216217,7.45945945945946,ISC jan,2026-09
2026-09-01,P1,Jantar,Carne Moída Refogada,,,,,,,,ISC jan,2026-09
2026-09-01,B,Jantar,Carne Moída Refogada,49.0,0.7903225806451613,12.0,0.1935483870967742,1.0,0.016129032258064516,8.887096774193548,ISC jan,2026-09
2026-09-01,P1,Jantar,Bobó de Legumes,35.0,0.5932203389830508,8.0,0.13559322033898305,16.0,0.2711864406779661,6.88135593220339,ISC jan,2026-09
2026-09-01,B,Jantar,Bobó de Legumes,5.0,0.5,4.0,0.4,1.0,0.1,7.1,ISC jan,2026-09
2026-09-02,P1,Jantar,Vatapá de Frango,,,,,,,,ISC jan,2026-09
2026-09-02,B,Jantar,Vatapá de Frango,,,,,,,,ISC jan,2026-09
2026-09-02,P1,Jantar,Isca de Carne Acebolada,,,,,,,,ISC jan,2026-09
2026-09-02,B,Jantar,Isca de Carne Acebolada,,,,,,,,ISC jan,2026-09
2026-09-02,P1,Jantar,Bolo Salgado Vegano,,,,,,,,ISC jan,2026-09
2026-09-02,B,Jantar,Bolo Salgado Vegano,,,,,,,,ISC jan,2026-09
2026-09-03,P1,Jantar,Sobrecoxa com Gergelim,,,,,,,,ISC jan,2026-09
2026-09-03,B,Jantar,Sobrecoxa com Gergelim,,,,,,,,ISC jan,2026-09
2026-09-03,P1,Jantar,Suíno Acebolado,,,,,,,,ISC jan,2026-09
2026-09-03,B,Jantar,Suíno Acebolado,,,,,,,,ISC jan,2026-09
2026-09-03,P1,Jantar,Vatapá Vegano,,,,,,,,ISC jan,2026-09
2026-09-03,B,Jantar,Vatapá Vegano,,,,,,,,ISC jan,2026-09
2026-09-04,P1,Jantar,Cubos de Frango à Chinesa,,,,,,,,ISC jan,2026-09
2026-09-04,B,Jantar,Cubos de Frango à Chinesa,,,,,,,,ISC jan,2026-09
2026-09-04,P1,Jantar,Torta de Calabresa,,,,,,,,ISC jan,2026-09
2026-09-04,B,Jantar,Torta de Calabresa,,,,,,,,ISC jan,2026-09
2026-09-04,P1,Jantar,Lasanha de Brócolis,,,,,,,,ISC jan,2026-09
2026-09-04,B,Jantar,Lasanha de Brócolis,,,,,,,,ISC jan,2026-09
2026-01-05,B,Café,Café46027Especial,136.0,0.9444444444,8.0,0.05555555556,0.0,0.0,9.722222222,ISC Café,2026-01
2026-01-05,P2,Café,Café46027Especial,163.0,0.9367816092,9.0,0.05172413793,2.0,0.01149425287,9.637931034,ISC Café,2026-01
2026-01-05,B,Café,Café46027Especial Veg,136.0,0.9927007299270073,1.0,0.0072992700729927005,0.0,0.0,9.963503649635037,ISC Café,2026-01
2026-01-05,P2,Café,Café46027Especial Veg,163.0,1.0,0.0,0.0,0.0,0.0,10.0,ISC Café,2026-01
2026-01-06,B,Café,Café46028Especial,185.0,0.8767772511848341,25.0,0.11848341232227488,1.0,0.004739336492890996,9.364928909952607,ISC Café,2026-01
2026-01-06,P2,Café,Café46028Especial,197.0,0.8491379310344828,32.0,0.13793103448275862,3.0,0.01293103448275862,9.193965517241379,ISC Café,2026-01
2026-01-06,B,Café,Café46028Especial Veg,185.0,1.0,0.0,0.0,0.0,0.0,10.0,ISC Café,2026-01
2026-01-06,P2,Café,Café46028Especial Veg,197.0,0.9800995024875622,4.0,0.01990049751243781,0.0,0.0,9.900497512437811,ISC Café,2026-01
2026-01-07,B,Café,Café46029Especial,168.0,0.9545454545454546,8.0,0.045454545454545456,0.0,0.0,9.772727272727273,ISC Café,2026-01
2026-01-07,P2,Café,Café46029Especial,205.0,0.8913043478260869,22.0,0.09565217391304348,3.0,0.013043478260869565,9.404347826086957,ISC Café,2026-01
2026-01-07,B,Café,Café46029Especial Veg,168.0,1.0,0.0,0.0,0.0,0.0,10.0,ISC Café,2026-01
2026-01-07,P2,Café,Café46029Especial Veg,205.0,0.9951456310679612,1.0,0.0048543689320388345,0.0,0.0,9.975728155339805,ISC Café,2026-01
2026-01-08,B,Café,Café46030Especial,169.0,0.898936170212766,17.0,0.09042553191489362,2.0,0.010638297872340425,9.452127659574469,ISC Café,2026-01
2026-01-08,P2,Café,Café46030Especial,209.0,0.9247787610619469,10.0,0.04424778761061947,7.0,0.030973451327433628,9.5,ISC Café,2026-01
2026-01-08,B,Café,Café46030Especial Veg,169.0,1.0,0.0,0.0,0.0,0.0,10.0,ISC Café,2026-01
2026-01-08,P2,Café,Café46030Especial Veg,209.0,0.990521327014218,2.0,0.009478672985781991,0.0,0.0,9.95260663507109,ISC Café,2026-01
2026-01-09,B,Café,Café46031Especial,202.0,1.0,,0.0,,0.0,10.0,ISC Café,2026-01
2026-01-09,P2,Café,Café46031Especial,186.0,0.8691588785046729,27.0,0.1261682242990654,1.0,0.004672897196261682,9.327102803738319,ISC Café,2026-01
2026-01-09,B,Café,Café46031Especial Veg,202.0,1.0,,0.0,,0.0,10.0,ISC Café,2026-01
2026-01-09,P2,Café,Café46031Especial Veg,186.0,0.9841269841269841,3.0,0.015873015873015872,0.0,0.0,9.920634920634921,ISC Café,2026-01
2026-01-12,B,Café,Café46034Especial,132.0,0.9361702127659575,7.0,0.04964539007092199,2.0,0.014184397163120567,9.624113475177305,ISC Café,2026-01
2026-01-12,P2,Café,Café46034Especial,179.0,0.9421052631578948,10.0,0.05263157894736842,1.0,0.005263157894736842,9.689473684210526,ISC Café,2026-01
2026-01-12,B,Café,Café46034Especial Veg,132.0,0.9850746268656716,1.0,0.007462686567164179,1.0,0.007462686567164179,9.895522388059701,ISC Café,2026-01
2026-01-12,P2,Café,Café46034Especial Veg,179.0,0.988950276243094,2.0,0.011049723756906077,0.0,0.0,9.94475138121547,ISC Café,2026-01
2026-01-13,B,Café,Café46035Especial,222.0,0.9288702928870293,15.0,0.06276150627615062,2.0,0.008368200836820083,9.610878661087867,ISC Café,2026-01
2026-01-13,P2,Café,Café46035Especial,181.0,0.7418032786885246,63.0,0.2581967213114754,0.0,0.0,8.709016393442623,ISC Café,2026-01
2026-01-13,B,Café,Café46035Especial Veg,222.0,1.0,0.0,0.0,0.0,0.0,10.0,ISC Café,2026-01
2026-01-13,P2,Café,Café46035Especial Veg,181.0,0.9890710382513661,0.0,0.0,2.0,0.01092896174863388,9.901639344262295,ISC Café,2026-01
2026-01-14,B,Café,Café46036Especial,226.0,0.9224489795918367,18.0,0.07346938775510205,1.0,0.004081632653061225,9.595918367346938,ISC Café,2026-01
2026-01-14,P2,Café,Café46036Especial,193.0,0.8654708520179372,26.0,0.11659192825112108,4.0,0.017937219730941704,9.25560538116592,ISC Café,2026-01
2026-01-14,B,Café,Café46036Especial Veg,226.0,0.9912280701754386,2.0,0.008771929824561403,0.0,0.0,9.956140350877194,ISC Café,2026-01
2026-01-14,P2,Café,Café46036Especial Veg,193.0,1.0,0.0,0.0,0.0,0.0,10.0,ISC Café,2026-01
2026-01-15,B,Café,Café46037Especial,206.0,0.9716981132075472,5.0,0.02358490566037736,1.0,0.0047169811320754715,9.839622641509434,ISC Café,2026-01
2026-01-15,P2,Café,Café46037Especial,170.0,0.8629441624365483,24.0,0.1218274111675127,3.0,0.015228426395939087,9.253807106598984,ISC Café,2026-01
2026-01-15,B,Café,Café46037Especial Veg,206.0,0.9903846153846154,1.0,0.004807692307692308,1.0,0.004807692307692308,9.932692307692308,ISC Café,2026-01
2026-01-15,P2,Café,Café46037Especial Veg,170.0,0.9826589595375722,3.0,0.017341040462427744,0.0,0.0,9.913294797687861,ISC Café,2026-01
2026-01-16,B,Café,Café46038Especial,207.0,0.8661087866108786,32.0,0.13389121338912133,0.0,0.0,9.330543933054393,ISC Café,2026-01
2026-01-16,P2,Café,Café46038Especial,189.0,0.7241379310344828,72.0,0.27586206896551724,0.0,0.0,8.620689655172415,ISC Café,2026-01
2026-01-16,B,Café,Café46038Especial Veg,207.0,0.9951923076923077,1.0,0.004807692307692308,0.0,0.0,9.975961538461538,ISC Café,2026-01
2026-01-16,P2,Café,Café46038Especial Veg,189.0,1.0,0.0,0.0,0.0,0.0,10.0,ISC Café,2026-01
2026-01-19,B,Café,Café46041Especial,133.0,0.9708029197080292,4.0,0.029197080291970802,0.0,0.0,9.854014598540147,ISC Café,2026-01
2026-01-19,P2,Café,Café46041Especial,180.0,0.9424083769633508,11.0,0.05759162303664921,0.0,0.0,9.712041884816754,ISC Café,2026-01
2026-01-19,B,Café,Café46041Especial Veg,133.0,1.0,0.0,0.0,0.0,0.0,10.0,ISC Café,2026-01
2026-01-19,P2,Café,Café46041Especial Veg,180.0,0.994475138121547,1.0,0.0055248618784530384,0.0,0.0,9.972375690607734,ISC Café,2026-01
2026-01-20,B,Café,Café46042Especial,150.0,0.9554140127388535,7.0,0.044585987261146494,0.0,0.0,9.777070063694268,ISC Café,2026-01
2026-01-20,P2,Café,Café46042Especial,186.0,0.9029126213592233,20.0,0.0970873786407767,0.0,0.0,9.514563106796116,ISC Café,2026-01
2026-01-20,B,Café,Café46042Especial Veg,150.0,0.9868421052631579,0.0,0.0,2.0,0.013157894736842105,9.881578947368421,ISC Café,2026-01
2026-01-20,P2,Café,Café46042Especial Veg,186.0,0.9946524064171123,1.0,0.0053475935828877,0.0,0.0,9.973262032085561,ISC Café,2026-01
2026-01-21,B,Café,Café46043Especial,141.0,1.0,,0.0,,0.0,10.0,ISC Café,2026-01
2026-01-21,P2,Café,Café46043Especial,176.0,0.8844221105527639,21.0,0.10552763819095477,2.0,0.010050251256281407,9.381909547738694,ISC Café,2026-01
2026-01-21,B,Café,Café46043Especial Veg,141.0,1.0,,0.0,,0.0,10.0,ISC Café,2026-01
2026-01-21,P2,Café,Café46043Especial Veg,176.0,0.9887640449438202,2.0,0.011235955056179775,0.0,0.0,9.9438202247191,ISC Café,2026-01
2026-01-22,B,Café,Café46044Especial,124.0,0.96875,4.0,0.03125,0.0,0.0,9.84375,ISC Café,2026-01
2026-01-22,P2,Café,Café46044Especial,151.0,0.9151515151515152,11.0,0.06666666666666667,3.0,0.01818181818181818,9.503030303030304,ISC Café,2026-01
2026-01-22,B,Café,Café46044Especial Veg,124.0,0.992,1.0,0.008,0.0,0.0,9.96,ISC Café,2026-01
2026-01-22,P2,Café,Café46044Especial Veg,151.0,0.8988095238095238,17.0,0.10119047619047619,0.0,0.0,9.494047619047619,ISC Café,2026-01
2026-01-23,B,Café,Café46045Especial,95.0,0.9313725490196079,7.0,0.06862745098039216,0.0,0.0,9.656862745098039,ISC Café,2026-01
2026-01-23,P2,Café,Café46045Especial,124.0,0.7654320987654321,36.0,0.2222222222222222,2.0,0.012345679012345678,8.777777777777779,ISC Café,2026-01
2026-01-23,B,Café,Café46045Especial Veg,95.0,1.0,0.0,0.0,0.0,0.0,10.0,ISC Café,2026-01
2026-01-23,P2,Café,Café46045Especial Veg,124.0,1.0,0.0,0.0,0.0,0.0,10.0,ISC Café,2026-01
2026-01-26,B,Café,Café46048Especial,75.0,1.0,0.0,0.0,0.0,0.0,10.0,ISC Café,2026-01
2026-01-26,P2,Café,Café46048Especial,92.0,0.8846153846153846,12.0,0.11538461538461539,0.0,0.0,9.423076923076923,ISC Café,2026-01
2026-01-26,B,Café,Café46048Especial Veg,75.0,1.0,0.0,0.0,0.0,0.0,10.0,ISC Café,2026-01
2026-01-26,P2,Café,Café46048Especial Veg,92.0,1.0,0.0,0.0,0.0,0.0,10.0,ISC Café,2026-01
2026-01-27,B,Café,Café46049Especial,55.0,1.0,0.0,0.0,0.0,0.0,10.0,ISC Café,2026-01
2026-01-27,P2,Café,Café46049Especial,71.0,0.9466666666666667,4.0,0.05333333333333334,0.0,0.0,9.733333333333333,ISC Café,2026-01
2026-01-27,B,Café,Café46049Especial Veg,55.0,1.0,0.0,0.0,0.0,0.0,10.0,ISC Café,2026-01
2026-01-27,P2,Café,Café46049Especial Veg,71.0,1.0,0.0,0.0,0.0,0.0,10.0,ISC Café,2026-01
2026-01-28,B,Café,Café46050Especial,86.0,1.0,0.0,0.0,0.0,0.0,10.0,ISC Café,2026-01
2026-01-28,P2,Café,Café46050Especial,87.0,0.8446601941747572,14.0,0.13592233009708737,2.0,0.019417475728155338,9.145631067961165,ISC Café,2026-01
2026-01-28,B,Café,Café46050Especial Veg,86.0,1.0,0.0,0.0,0.0,0.0,10.0,ISC Café,2026-01
2026-01-28,P2,Café,Café46050Especial Veg,87.0,1.0,0.0,0.0,0.0,0.0,10.0,ISC Café,2026-01
2026-01-29,B,Café,Café46051Especial,84.0,1.0,0.0,0.0,0.0,0.0,10.0,ISC Café,2026-01
2026-01-29,P2,Café,Café46051Especial,91.0,0.9285714285714286,3.0,0.030612244897959183,4.0,0.04081632653061224,9.479591836734693,ISC Café,2026-01
2026-01-29,B,Café,Café46051Especial Veg,84.0,1.0,0.0,0.0,0.0,0.0,10.0,ISC Café,2026-01
2026-01-29,P2,Café,Café46051Especial Veg,91.0,0.9891304347826086,1.0,0.010869565217391304,0.0,0.0,9.945652173913043,ISC Café,2026-01
2026-01-30,B,Café,Café46052Especial,86.0,0.9555555555555556,4.0,0.044444444444444446,0.0,0.0,9.777777777777779,ISC Café,2026-01
2026-01-30,P2,Café,Café46052Especial,80.0,0.8163265306122449,18.0,0.1836734693877551,0.0,0.0,9.081632653061224,ISC Café,2026-01
2026-01-30,B,Café,Café46052Especial Veg,86.0,1.0,0.0,0.0,0.0,0.0,10.0,ISC Café,2026-01
2026-01-30,P2,Café,Café46052Especial Veg,80.0,1.0,0.0,0.0,0.0,0.0,10.0,ISC Café,2026-01
2026-02-02,B,Café,Café46055Especial,58.0,1.0,0.0,0.0,0.0,0.0,10.0,ISC Café,2026-02
2026-02-02,P2,Café,Café46055Especial,48.0,0.9056603773584906,5.0,0.09433962264150944,0.0,0.0,9.528301886792454,ISC Café,2026-02
2026-02-02,B,Café,Café46055Especial Veg,58.0,1.0,0.0,0.0,0.0,0.0,10.0,ISC Café,2026-02
2026-02-02,P2,Café,Café46055Especial Veg,48.0,1.0,0.0,0.0,0.0,0.0,10.0,ISC Café,2026-02
2026-02-03,B,Café,Café46056Especial,78.0,1.0,0.0,0.0,0.0,0.0,10.0,ISC Café,2026-02
2026-02-03,P2,Café,Café46056Especial,59.0,0.8428571428571429,11.0,0.15714285714285714,0.0,0.0,9.214285714285714,ISC Café,2026-02
2026-02-03,B,Café,Café46056Especial Veg,78.0,1.0,0.0,0.0,0.0,0.0,10.0,ISC Café,2026-02
2026-02-03,P2,Café,Café46056Especial Veg,59.0,1.0,0.0,0.0,0.0,0.0,10.0,ISC Café,2026-02
2026-02-04,B,Café,Café46057Especial,81.0,1.0,0.0,0.0,0.0,0.0,10.0,ISC Café,2026-02
2026-02-04,P2,Café,Café46057Especial,66.0,0.868421052631579,7.0,0.09210526315789473,3.0,0.039473684210526314,9.18421052631579,ISC Café,2026-02
2026-02-04,B,Café,Café46057Especial Veg,81.0,1.0,0.0,0.0,0.0,0.0,10.0,ISC Café,2026-02
2026-02-04,P2,Café,Café46057Especial Veg,66.0,1.0,0.0,0.0,0.0,0.0,10.0,ISC Café,2026-02
2026-02-05,B,Café,Café46058Especial,71.0,1.0,0.0,0.0,0.0,0.0,10.0,ISC Café,2026-02
2026-02-05,P2,Café,Café46058Especial,56.0,0.9032258064516129,5.0,0.08064516129032258,1.0,0.016129032258064516,9.451612903225806,ISC Café,2026-02
2026-02-05,B,Café,Café46058Especial Veg,71.0,1.0,0.0,0.0,0.0,0.0,10.0,ISC Café,2026-02
2026-02-05,P2,Café,Café46058Especial Veg,56.0,1.0,0.0,0.0,0.0,0.0,10.0,ISC Café,2026-02
2026-02-06,B,Café,Café46059Especial,104.0,1.0,0.0,0.0,0.0,0.0,10.0,ISC Café,2026-02
2026-02-06,P2,Café,Café46059Especial,48.0,0.8421052631578947,9.0,0.15789473684210525,0.0,0.0,9.210526315789474,ISC Café,2026-02
2026-02-06,B,Café,Café46059Especial Veg,104.0,1.0,0.0,0.0,0.0,0.0,10.0,ISC Café,2026-02
2026-02-06,P2,Café,Café46059Especial Veg,48.0,1.0,0.0,0.0,0.0,0.0,10.0,ISC Café,2026-02
2026-02-09,B,Café,Café46062Especial,75.0,0.974025974025974,2.0,0.025974025974025976,0.0,0.0,9.87012987012987,ISC Café,2026-02
2026-02-09,P2,Café,Café46062Especial,48.0,0.8888888888888888,4.0,0.07407407407407407,2.0,0.037037037037037035,9.296296296296296,ISC Café,2026-02
2026-02-09,B,Café,Café46062Especial Veg,75.0,1.0,0.0,0.0,0.0,0.0,10.0,ISC Café,2026-02
2026-02-09,P2,Café,Café46062Especial Veg,48.0,1.0,0.0,0.0,0.0,0.0,10.0,ISC Café,2026-02
2026-02-10,B,Café,Café46063Especial,93.0,1.0,0.0,0.0,0.0,0.0,10.0,ISC Café,2026-02
2026-02-10,P2,Café,Café46063Especial,53.0,0.8153846153846154,12.0,0.18461538461538463,0.0,0.0,9.076923076923077,ISC Café,2026-02
2026-02-10,B,Café,Café46063Especial Veg,93.0,1.0,0.0,0.0,0.0,0.0,10.0,ISC Café,2026-02
2026-02-10,P2,Café,Café46063Especial Veg,53.0,1.0,0.0,0.0,0.0,0.0,10.0,ISC Café,2026-02
2026-02-11,B,Café,Café46064Especial,94.0,1.0,0.0,0.0,0.0,0.0,10.0,ISC Café,2026-02
2026-02-11,P2,Café,Café46064Especial,67.0,0.8170731707317073,14.0,0.17073170731707318,1.0,0.012195121951219513,9.036585365853659,ISC Café,2026-02
2026-02-11,B,Café,Café46064Especial Veg,94.0,1.0,0.0,0.0,0.0,0.0,10.0,ISC Café,2026-02
2026-02-11,P2,Café,Café46064Especial Veg,67.0,0.9852941176470589,1.0,0.014705882352941176,0.0,0.0,9.926470588235293,ISC Café,2026-02
2026-02-12,B,Café,Café46065Especial,91.0,0.978494623655914,2.0,0.021505376344086023,0.0,0.0,9.89247311827957,ISC Café,2026-02
2026-02-12,P2,Café,Café46065Especial,54.0,0.8709677419354839,7.0,0.11290322580645161,1.0,0.016129032258064516,9.290322580645162,ISC Café,2026-02
2026-02-12,B,Café,Café46065Especial Veg,91.0,1.0,0.0,0.0,0.0,0.0,10.0,ISC Café,2026-02
2026-02-12,P2,Café,Café46065Especial Veg,54.0,0.9642857142857143,2.0,0.03571428571428571,0.0,0.0,9.821428571428571,ISC Café,2026-02
2026-02-13,B,Café,Café46066Especial,69.0,0.9324324324324325,5.0,0.06756756756756757,0.0,0.0,9.662162162162161,ISC Café,2026-02
2026-02-13,P2,Café,Café46066Especial,55.0,0.7432432432432432,17.0,0.22972972972972974,2.0,0.02702702702702703,8.608108108108109,ISC Café,2026-02
2026-02-13,B,Café,Café46066Especial Veg,69.0,1.0,0.0,0.0,0.0,0.0,10.0,ISC Café,2026-02
2026-02-13,P2,Café,Café46066Especial Veg,55.0,0.9821428571428571,0.0,0.0,1.0,0.017857142857142856,9.839285714285714,ISC Café,2026-02
2026-02-19,B,Café,Café46072Especial,60.0,1.0,0.0,0.0,0.0,0.0,10.0,ISC Café,2026-02
2026-02-19,P2,Café,Café46072Especial,43.0,0.8775510204081632,6.0,0.12244897959183673,0.0,0.0,9.387755102040817,ISC Café,2026-02
2026-02-19,B,Café,Café46072Especial Veg,60.0,1.0,0.0,0.0,0.0,0.0,10.0,ISC Café,2026-02
2026-02-19,P2,Café,Café46072Especial Veg,43.0,1.0,0.0,0.0,0.0,0.0,10.0,ISC Café,2026-02
2026-02-20,B,Café,Café46073Especial,81.0,0.9759036144578314,2.0,0.024096385542168676,0.0,0.0,9.879518072289157,ISC Café,2026-02
2026-02-20,P2,Café,Café46073Especial,54.0,0.7714285714285715,16.0,0.22857142857142856,0.0,0.0,8.857142857142858,ISC Café,2026-02
2026-02-20,B,Café,Café46073Especial Veg,81.0,0.9759036144578314,2.0,0.024096385542168676,0.0,0.0,9.879518072289157,ISC Café,2026-02
2026-02-20,P2,Café,Café46073Especial Veg,54.0,1.0,0.0,0.0,0.0,0.0,10.0,ISC Café,2026-02
2026-02-23,B,Café,Café46076Especial,82.0,0.9879518072289156,1.0,0.012048192771084338,0.0,0.0,9.939759036144578,ISC Café,2026-02
2026-02-23,P2,Café,Café46076Especial,45.0,0.8823529411764706,5.0,0.09803921568627451,1.0,0.0196078431372549,9.333333333333334,ISC Café,2026-02
2026-02-23,B,Café,Café46076Especial Veg,82.0,1.0,0.0,0.0,0.0,0.0,10.0,ISC Café,2026-02
2026-02-23,P2,Café,Café46076Especial Veg,45.0,0.9782608695652174,1.0,0.021739130434782608,0.0,0.0,9.891304347826088,ISC Café,2026-02
2026-02-24,B,Café,Café46077Especial,113.0,0.9826086956521739,2.0,0.017391304347826087,0.0,0.0,9.91304347826087,ISC Café,2026-02
2026-02-24,P2,Café,Café46077Especial,60.0,0.8333333333333334,12.0,0.16666666666666666,0.0,0.0,9.166666666666666,ISC Café,2026-02
2026-02-24,B,Café,Café46077Especial Veg,113.0,0.9912280701754386,1.0,0.008771929824561403,0.0,0.0,9.956140350877194,ISC Café,2026-02
2026-02-24,P2,Café,Café46077Especial Veg,60.0,0.967741935483871,2.0,0.03225806451612903,0.0,0.0,9.838709677419354,ISC Café,2026-02
2026-02-25,B,Café,Café46078Especial,109.0,1.0,,0.0,,0.0,10.0,ISC Café,2026-02
2026-02-25,P2,Café,Café46078Especial,73.0,0.8295454545454546,12.0,0.13636363636363635,3.0,0.03409090909090909,9.011363636363637,ISC Café,2026-02
2026-02-25,B,Café,Café46078Especial Veg,109.0,1.0,,0.0,,0.0,10.0,ISC Café,2026-02
2026-02-25,P2,Café,Café46078Especial Veg,73.0,0.9733333333333334,2.0,0.02666666666666667,0.0,0.0,9.866666666666667,ISC Café,2026-02
2026-02-26,B,Café,Café46079Especial,116.0,0.9666666666666667,4.0,0.03333333333333333,0.0,0.0,9.833333333333334,ISC Café,2026-02
2026-02-26,P2,Café,Café46079Especial,67.0,0.8589743589743589,11.0,0.14102564102564102,0.0,0.0,9.294871794871796,ISC Café,2026-02
2026-02-26,B,Café,Café46079Especial Veg,116.0,1.0,0.0,0.0,0.0,0.0,10.0,ISC Café,2026-02
2026-02-26,P2,Café,Café46079Especial Veg,67.0,1.0,0.0,0.0,0.0,0.0,10.0,ISC Café,2026-02
2026-02-27,B,Café,Café46080Especial,107.0,0.8916666666666667,12.0,0.1,1.0,0.008333333333333333,9.425,ISC Café,2026-02
2026-02-27,P2,Café,Café46080Especial,73.0,0.7934782608695652,19.0,0.20652173913043478,0.0,0.0,8.967391304347826,ISC Café,2026-02
2026-02-27,B,Café,Café46080Especial Veg,107.0,0.9907407407407407,1.0,0.009259259259259259,0.0,0.0,9.953703703703704,ISC Café,2026-02
2026-02-27,P2,Café,Café46080Especial Veg,73.0,1.0,0.0,0.0,0.0,0.0,10.0,ISC Café,2026-02
2026-03-02,B,Café,Café46083Especial,141.0,1.0,0.0,0.0,0.0,0.0,10.0,ISC Café,2026-03
2026-03-02,P2,Café,Café46083Especial,168.0,0.9130434782608695,14.0,0.07608695652173914,2.0,0.010869565217391304,9.521739130434783,ISC Café,2026-03
2026-03-02,B,Café,Café46083Especial Veg,141.0,1.0,0.0,0.0,0.0,0.0,10.0,ISC Café,2026-03
2026-03-02,P2,Café,Café46083Especial Veg,168.0,0.9767441860465116,4.0,0.023255813953488372,0.0,0.0,9.883720930232558,ISC Café,2026-03
2026-03-03,B,Café,Café46084Especial,156.0,0.9629629629629629,6.0,0.037037037037037035,0.0,0.0,9.814814814814815,ISC Café,2026-03
2026-03-03,P2,Café,Café46084Especial,181.0,0.8153153153153153,41.0,0.18468468468468469,0.0,0.0,9.076576576576576,ISC Café,2026-03
2026-03-03,B,Café,Café46084Especial Veg,156.0,1.0,0.0,0.0,0.0,0.0,10.0,ISC Café,2026-03
2026-03-03,P2,Café,Café46084Especial Veg,181.0,0.9945054945054945,0.0,0.0,1.0,0.005494505494505495,9.95054945054945,ISC Café,2026-03
2026-03-04,B,Café,Café46085Especial,173.0,1.0,,0.0,,0.0,10.0,ISC Café,2026-03
2026-03-04,P2,Café,Café46085Especial,180.0,0.8955223880597015,20.0,0.09950248756218906,1.0,0.004975124378109453,9.457711442786069,ISC Café,2026-03
2026-03-04,B,Café,Café46085Especial Veg,173.0,1.0,,0.0,,0.0,10.0,ISC Café,2026-03
2026-03-04,P2,Café,Café46085Especial Veg,180.0,0.9782608695652174,3.0,0.016304347826086956,1.0,0.005434782608695652,9.869565217391305,ISC Café,2026-03
2026-03-05,B,Café,Café46086Especial,154.0,0.9506172839506173,1.0,0.006172839506172839,7.0,0.043209876543209874,9.580246913580247,ISC Café,2026-03
2026-03-05,P2,Café,Café46086Especial,192.0,0.9142857142857143,13.0,0.06190476190476191,5.0,0.023809523809523808,9.476190476190476,ISC Café,2026-03
2026-03-05,B,Café,Café46086Especial Veg,154.0,0.9625,2.0,0.0125,4.0,0.025,9.7125,ISC Café,2026-03
2026-03-05,P2,Café,Café46086Especial Veg,192.0,1.0,0.0,0.0,0.0,0.0,10.0,ISC Café,2026-03
2026-03-06,B,Café,Café46087Especial,175.0,1.0,,0.0,,0.0,10.0,ISC Café,2026-03
2026-03-06,P2,Café,Café46087Especial,166.0,0.8736842105263158,20.0,0.10526315789473684,4.0,0.021052631578947368,9.284210526315789,ISC Café,2026-03
2026-03-06,B,Café,Café46087Especial Veg,175.0,1.0,,0.0,,0.0,10.0,ISC Café,2026-03
2026-03-06,P2,Café,Café46087Especial Veg,166.0,0.9880952380952381,2.0,0.011904761904761904,0.0,0.0,9.94047619047619,ISC Café,2026-03
2026-03-09,B,Café,Café46090Especial,186.0,0.9489795918367347,5.0,0.025510204081632654,5.0,0.025510204081632654,9.642857142857142,ISC Café,2026-03
2026-03-09,P2,Café,Café46090Especial,182.0,0.9191919191919192,13.0,0.06565656565656566,3.0,0.015151515151515152,9.535353535353535,ISC Café,2026-03
2026-03-09,B,Café,Café46090Especial Veg,186.0,0.9946524064171123,1.0,0.0053475935828877,0.0,0.0,9.973262032085561,ISC Café,2026-03
2026-03-09,P2,Café,Café46090Especial Veg,182.0,0.994535519125683,1.0,0.00546448087431694,0.0,0.0,9.972677595628415,ISC Café,2026-03
2026-03-10,B,Café,Café46091Especial,226.0,0.9262295081967213,16.0,0.06557377049180328,2.0,0.00819672131147541,9.598360655737705,ISC Café,2026-03
2026-03-10,P2,Café,Café46091Especial,207.0,0.8661087866108786,32.0,0.13389121338912133,0.0,0.0,9.330543933054393,ISC Café,2026-03
2026-03-10,B,Café,Café46091Especial Veg,226.0,0.9868995633187773,3.0,0.013100436681222707,0.0,0.0,9.934497816593886,ISC Café,2026-03
2026-03-10,P2,Café,Café46091Especial Veg,207.0,0.9951923076923077,0.0,0.0,1.0,0.004807692307692308,9.95673076923077,ISC Café,2026-03
2026-03-11,B,Café,Café46092Especial,220.0,0.859375,35.0,0.13671875,1.0,0.00390625,9.28125,ISC Café,2026-03
2026-03-11,P2,Café,Café46092Especial,195.0,0.8705357142857143,28.0,0.125,1.0,0.004464285714285714,9.334821428571429,ISC Café,2026-03
2026-03-11,B,Café,Café46092Especial Veg,220.0,0.990990990990991,0.0,0.0,2.0,0.009009009009009009,9.91891891891892,ISC Café,2026-03
2026-03-11,P2,Café,Café46092Especial Veg,195.0,0.9798994974874372,3.0,0.01507537688442211,1.0,0.005025125628140704,9.879396984924623,ISC Café,2026-03
2026-03-12,B,Café,Café46093Especial,218.0,0.9356223175965666,14.0,0.060085836909871244,1.0,0.004291845493562232,9.660944206008583,ISC Café,2026-03
2026-03-12,P2,Café,Café46093Especial,198.0,0.88,25.0,0.1111111111111111,2.0,0.008888888888888889,9.364444444444445,ISC Café,2026-03
2026-03-12,B,Café,Café46093Especial Veg,218.0,1.0,0.0,0.0,0.0,0.0,10.0,ISC Café,2026-03
2026-03-12,P2,Café,Café46093Especial Veg,198.0,0.9949748743718593,0.0,0.0,1.0,0.005025125628140704,9.954773869346734,ISC Café,2026-03
2026-03-13,B,Café,Café46094Especial,207.0,0.828,43.0,0.172,0.0,0.0,9.14,ISC Café,2026-03
2026-03-13,P2,Café,Café46094Especial,190.0,0.7509881422924901,45.0,0.17786561264822134,18.0,0.07114624505928854,8.470355731225297,ISC Café,2026-03
2026-03-13,B,Café,Café46094Especial Veg,207.0,1.0,0.0,0.0,0.0,0.0,10.0,ISC Café,2026-03
2026-03-13,P2,Café,Café46094Especial Veg,190.0,0.9743589743589743,5.0,0.02564102564102564,0.0,0.0,9.871794871794872,ISC Café,2026-03
2026-03-16,B,Café,Café46097Especial,164.0,0.9425287356321839,10.0,0.05747126436781609,0.0,0.0,9.71264367816092,ISC Café,2026-03
2026-03-16,P2,Café,Café46097Especial,185.0,0.9438775510204082,10.0,0.05102040816326531,1.0,0.00510204081632653,9.698979591836734,ISC Café,2026-03
2026-03-16,B,Café,Café46097Especial Veg,164.0,0.9879518072289156,2.0,0.012048192771084338,0.0,0.0,9.939759036144578,ISC Café,2026-03
2026-03-16,P2,Café,Café46097Especial Veg,185.0,0.9893048128342246,2.0,0.0106951871657754,0.0,0.0,9.946524064171124,ISC Café,2026-03
2026-03-17,B,Café,Café46098Especial,220.0,0.9401709401709402,14.0,0.05982905982905983,0.0,0.0,9.7008547008547,ISC Café,2026-03
2026-03-17,P2,Café,Café46098Especial,196.0,0.8828828828828829,25.0,0.11261261261261261,1.0,0.0045045045045045045,9.396396396396396,ISC Café,2026-03
2026-03-17,B,Café,Café46098Especial Veg,220.0,0.995475113122172,1.0,0.004524886877828055,0.0,0.0,9.97737556561086,ISC Café,2026-03
2026-03-17,P2,Café,Café46098Especial Veg,196.0,1.0,0.0,0.0,0.0,0.0,10.0,ISC Café,2026-03
2026-03-18,B,Café,Café46099Especial,143.0,0.8827160493827161,18.0,0.1111111111111111,1.0,0.006172839506172839,9.38888888888889,ISC Café,2026-03
2026-03-18,P2,Café,Café46099Especial,181.0,0.8786407766990292,22.0,0.10679611650485436,3.0,0.014563106796116505,9.33495145631068,ISC Café,2026-03
2026-03-18,B,Café,Café46099Especial Veg,143.0,0.9862068965517241,2.0,0.013793103448275862,0.0,0.0,9.931034482758621,ISC Café,2026-03
2026-03-18,P2,Café,Café46099Especial Veg,181.0,0.9890710382513661,1.0,0.00546448087431694,1.0,0.00546448087431694,9.923497267759563,ISC Café,2026-03
2026-03-23,B,Café,Café46104Especial,174.0,0.925531914893617,11.0,0.05851063829787234,3.0,0.015957446808510637,9.563829787234043,ISC Café,2026-03
2026-03-23,P2,Café,Café46104Especial,205.0,0.8367346938775511,40.0,0.16326530612244897,0.0,0.0,9.183673469387756,ISC Café,2026-03
2026-03-23,B,Café,Café46104Especial Veg,174.0,0.9942857142857143,1.0,0.005714285714285714,0.0,0.0,9.971428571428572,ISC Café,2026-03
2026-03-23,P2,Café,Café46104Especial Veg,205.0,1.0,0.0,0.0,0.0,0.0,10.0,ISC Café,2026-03
2026-03-24,B,Café,Café46105Especial,231.0,0.90234375,20.0,0.078125,5.0,0.01953125,9.43359375,ISC Café,2026-03
2026-03-24,P2,Café,Café46105Especial,202.0,0.8112449799196787,46.0,0.18473895582329317,1.0,0.004016064257028112,9.040160642570282,ISC Café,2026-03
2026-03-24,B,Café,Café46105Especial Veg,231.0,1.0,0.0,0.0,0.0,0.0,10.0,ISC Café,2026-03
2026-03-24,P2,Café,Café46105Especial Veg,202.0,0.9950738916256158,0.0,0.0,1.0,0.0049261083743842365,9.955665024630543,ISC Café,2026-03
2026-03-26,B,Café,Café46107Especial,198.0,0.8215767634854771,42.0,0.17427385892116182,1.0,0.004149377593360996,9.091286307053942,ISC Café,2026-03
2026-03-26,P2,Café,Café46107Especial,216.0,0.8744939271255061,27.0,0.10931174089068826,4.0,0.016194331983805668,9.307692307692308,ISC Café,2026-03
2026-03-26,B,Café,Café46107Especial Veg,198.0,0.99,2.0,0.01,0.0,0.0,9.95,ISC Café,2026-03
2026-03-26,P2,Café,Café46107Especial Veg,216.0,0.9818181818181818,3.0,0.013636363636363636,1.0,0.004545454545454545,9.89090909090909,ISC Café,2026-03
2026-03-27,B,Café,Café46108Especial,215.0,0.8921161825726142,24.0,0.0995850622406639,2.0,0.008298755186721992,9.427385892116183,ISC Café,2026-03
2026-03-27,P2,Café,Café46108Especial,212.0,0.7851851851851852,57.0,0.2111111111111111,1.0,0.003703703703703704,8.911111111111111,ISC Café,2026-03
2026-03-27,B,Café,Café46108Especial Veg,215.0,0.9817351598173516,4.0,0.0182648401826484,0.0,0.0,9.908675799086758,ISC Café,2026-03
2026-03-27,P2,Café,Café46108Especial Veg,212.0,0.9814814814814815,4.0,0.018518518518518517,0.0,0.0,9.907407407407407,ISC Café,2026-03
2026-03-30,B,Café,Café46111Especial,190.0,0.926829268292683,14.0,0.06829268292682927,1.0,0.004878048780487805,9.614634146341464,ISC Café,2026-03
2026-03-30,P2,Café,Café46111Especial,197.0,0.9248826291079812,16.0,0.07511737089201878,0.0,0.0,9.624413145539906,ISC Café,2026-03
2026-03-30,B,Café,Café46111Especial Veg,190.0,0.9844559585492227,3.0,0.015544041450777202,0.0,0.0,9.922279792746114,ISC Café,2026-03
2026-03-30,P2,Café,Café46111Especial Veg,197.0,0.9949494949494949,1.0,0.005050505050505051,0.0,0.0,9.974747474747474,ISC Café,2026-03
2026-03-31,B,Café,Café46112Especial,203.0,0.8787878787878788,26.0,0.11255411255411256,2.0,0.008658008658008658,9.35930735930736,ISC Café,2026-03
2026-03-31,P2,Café,Café46112Especial,209.0,0.8600823045267489,33.0,0.13580246913580246,1.0,0.00411522633744856,9.283950617283951,ISC Café,2026-03
2026-03-31,B,Café,Café46112Especial Veg,203.0,0.9950980392156863,1.0,0.004901960784313725,0.0,0.0,9.97549019607843,ISC Café,2026-03
2026-03-31,P2,Café,Café46112Especial Veg,209.0,1.0,0.0,0.0,0.0,0.0,10.0,ISC Café,2026-03
2026-04-01,B,Café,Café46113Especial,201.0,0.8933333333333333,24.0,0.10666666666666667,0.0,0.0,9.466666666666667,ISC Café,2026-04
2026-04-01,P2,Café,Café46113Especial,182.0,0.8666666666666667,23.0,0.10952380952380952,5.0,0.023809523809523808,9.238095238095237,ISC Café,2026-04
2026-04-01,B,Café,Café46113Especial Veg,201.0,1.0,0.0,0.0,0.0,0.0,10.0,ISC Café,2026-04
2026-04-01,P2,Café,Café46113Especial Veg,182.0,0.978494623655914,3.0,0.016129032258064516,1.0,0.005376344086021506,9.870967741935484,ISC Café,2026-04
2026-04-06,B,Café,Café46118Especial,128.0,0.9696969696969697,4.0,0.030303030303030304,0.0,0.0,9.848484848484848,ISC Café,2026-04
2026-04-06,P2,Café,Café46118Especial,178.0,0.9468085106382979,10.0,0.05319148936170213,0.0,0.0,9.73404255319149,ISC Café,2026-04
2026-04-06,B,Café,Café46118Especial Veg,128.0,0.9846153846153847,2.0,0.015384615384615385,0.0,0.0,9.923076923076923,ISC Café,2026-04
2026-04-06,P2,Café,Café46118Especial Veg,178.0,1.0,0.0,0.0,0.0,0.0,10.0,ISC Café,2026-04
2026-04-07,B,Café,Café46119Especial,200.0,0.8583690987124464,33.0,0.14163090128755365,0.0,0.0,9.291845493562231,ISC Café,2026-04
2026-04-07,P2,Café,Café46119Especial,209.0,0.8461538461538461,36.0,0.145748987854251,2.0,0.008097165991902834,9.19838056680162,ISC Café,2026-04
2026-04-07,B,Café,Café46119Especial Veg,200.0,0.9900990099009901,2.0,0.009900990099009901,0.0,0.0,9.950495049504951,ISC Café,2026-04
2026-04-07,P2,Café,Café46119Especial Veg,209.0,0.9952380952380953,1.0,0.004761904761904762,0.0,0.0,9.976190476190476,ISC Café,2026-04
2026-04-08,B,Café,Café46120Especial,190.0,0.9004739336492891,18.0,0.08530805687203792,3.0,0.014218009478672985,9.445497630331754,ISC Café,2026-04
2026-04-08,P2,Café,Café46120Especial,214.0,0.9106382978723404,20.0,0.0851063829787234,1.0,0.00425531914893617,9.536170212765958,ISC Café,2026-04
2026-04-08,B,Café,Café46120Especial Veg,190.0,1.0,0.0,0.0,0.0,0.0,10.0,ISC Café,2026-04
2026-04-08,P2,Café,Café46120Especial Veg,214.0,0.9861751152073732,3.0,0.013824884792626729,0.0,0.0,9.930875576036867,ISC Café,2026-04
2026-04-09,B,Café,Café46121Especial,190.0,0.9313725490196079,13.0,0.06372549019607843,1.0,0.004901960784313725,9.637254901960784,ISC Café,2026-04
2026-04-09,P2,Café,Café46121Especial,212.0,0.8514056224899599,36.0,0.14457831325301204,1.0,0.004016064257028112,9.240963855421686,ISC Café,2026-04
2026-04-09,B,Café,Café46121Especial Veg,190.0,0.9947643979057592,1.0,0.005235602094240838,0.0,0.0,9.973821989528796,ISC Café,2026-04
2026-04-09,P2,Café,Café46121Especial Veg,212.0,0.9814814814814815,4.0,0.018518518518518517,0.0,0.0,9.907407407407407,ISC Café,2026-04
2026-04-10,B,Café,Café46122Especial,192.0,0.8930232558139535,23.0,0.10697674418604651,0.0,0.0,9.465116279069768,ISC Café,2026-04
2026-04-10,P2,Café,Café46122Especial,210.0,1.0,,0.0,,0.0,10.0,ISC Café,2026-04
2026-04-10,B,Café,Café46122Especial Veg,192.0,1.0,0.0,0.0,0.0,0.0,10.0,ISC Café,2026-04
2026-04-10,P2,Café,Café46122Especial Veg,210.0,1.0,,0.0,,0.0,10.0,ISC Café,2026-04
2026-04-14,B,Café,Café46126Especial,183.0,0.8591549295774648,27.0,0.1267605633802817,3.0,0.014084507042253521,9.23943661971831,ISC Café,2026-04
2026-04-14,P2,Café,Café46126Especial,181.0,0.8537735849056604,30.0,0.14150943396226415,1.0,0.0047169811320754715,9.25,ISC Café,2026-04
2026-04-14,B,Café,Café46126Especial Veg,183.0,0.9945652173913043,1.0,0.005434782608695652,0.0,0.0,9.972826086956522,ISC Café,2026-04
2026-04-14,P2,Café,Café46126Especial Veg,181.0,1.0,0.0,0.0,0.0,0.0,10.0,ISC Café,2026-04
2026-04-15,B,Café,Café46127Especial,200.0,0.9216589861751152,15.0,0.06912442396313365,2.0,0.009216589861751152,9.571428571428571,ISC Café,2026-04
2026-04-15,P2,Café,Café46127Especial,211.0,0.9017094017094017,22.0,0.09401709401709402,1.0,0.004273504273504274,9.491452991452991,ISC Café,2026-04
2026-04-15,B,Café,Café46127Especial Veg,200.0,0.975609756097561,5.0,0.024390243902439025,0.0,0.0,9.878048780487806,ISC Café,2026-04
2026-04-15,P2,Café,Café46127Especial Veg,211.0,0.985981308411215,3.0,0.014018691588785047,0.0,0.0,9.929906542056075,ISC Café,2026-04
2026-04-16,B,Café,Café46128Especial,186.0,0.9029126213592233,18.0,0.08737864077669903,2.0,0.009708737864077669,9.475728155339805,ISC Café,2026-04
2026-04-16,P2,Café,Café46128Especial,213.0,0.9181034482758621,15.0,0.06465517241379311,4.0,0.017241379310344827,9.52155172413793,ISC Café,2026-04
2026-04-16,B,Café,Café46128Especial Veg,186.0,0.9893617021276596,2.0,0.010638297872340425,0.0,0.0,9.946808510638299,ISC Café,2026-04
2026-04-16,P2,Café,Café46128Especial Veg,213.0,0.9906976744186047,2.0,0.009302325581395349,0.0,0.0,9.953488372093023,ISC Café,2026-04
2026-04-17,B,Café,Café46129Especial,185.0,0.8894230769230769,23.0,0.11057692307692307,0.0,0.0,9.447115384615385,ISC Café,2026-04
2026-04-17,P2,Café,Café46129Especial,230.0,0.8455882352941176,40.0,0.14705882352941177,2.0,0.007352941176470588,9.198529411764707,ISC Café,2026-04
2026-04-17,B,Café,Café46129Especial Veg,185.0,1.0,0.0,0.0,0.0,0.0,10.0,ISC Café,2026-04
2026-04-17,P2,Café,Café46129Especial Veg,230.0,0.9829059829059829,4.0,0.017094017094017096,0.0,0.0,9.914529914529915,ISC Café,2026-04
2026-04-22,B,Café,Café46134Especial,175.0,0.9020618556701031,17.0,0.08762886597938144,2.0,0.010309278350515464,9.469072164948454,ISC Café,2026-04
2026-04-22,P2,Café,Café46134Especial,202.0,0.8669527896995708,27.0,0.11587982832618025,4.0,0.017167381974248927,9.266094420600858,ISC Café,2026-04
2026-04-22,B,Café,Café46134Especial Veg,175.0,0.9943181818181818,1.0,0.005681818181818182,0.0,0.0,9.971590909090908,ISC Café,2026-04
2026-04-22,P2,Café,Café46134Especial Veg,202.0,0.9758454106280193,5.0,0.024154589371980676,0.0,0.0,9.879227053140097,ISC Café,2026-04
2026-04-23,B,Café,Café46135Especial,207.0,0.9539170506912442,7.0,0.03225806451612903,3.0,0.013824884792626729,9.714285714285714,ISC Café,2026-04
2026-04-23,P2,Café,Café46135Especial,206.0,0.9493087557603687,9.0,0.041474654377880185,2.0,0.009216589861751152,9.709677419354838,ISC Café,2026-04
2026-04-23,B,Café,Café46135Especial Veg,207.0,0.9951923076923077,1.0,0.004807692307692308,0.0,0.0,9.975961538461538,ISC Café,2026-04
2026-04-23,P2,Café,Café46135Especial Veg,206.0,0.9903846153846154,1.0,0.004807692307692308,1.0,0.004807692307692308,9.932692307692308,ISC Café,2026-04
2026-04-24,B,Café,Café46136Especial,207.0,0.9409090909090909,13.0,0.05909090909090909,0.0,0.0,9.704545454545455,ISC Café,2026-04
2026-04-24,P2,Café,Café46136Especial,221.0,0.8215613382899628,47.0,0.17472118959107807,1.0,0.0037174721189591076,9.092936802973977,ISC Café,2026-04
2026-04-24,B,Café,Café46136Especial Veg,207.0,0.9857142857142858,3.0,0.014285714285714285,0.0,0.0,9.928571428571429,ISC Café,2026-04
2026-04-24,P2,Café,Café46136Especial Veg,221.0,0.9954954954954955,1.0,0.0045045045045045045,0.0,0.0,9.977477477477477,ISC Café,2026-04
2026-04-27,B,Café,Café46139Especial,168.0,0.9767441860465116,4.0,0.023255813953488372,0.0,0.0,9.883720930232558,ISC Café,2026-04
2026-04-27,P2,Café,Café46139Especial,170.0,0.918918918918919,6.0,0.032432432432432434,9.0,0.04864864864864865,9.4,ISC Café,2026-04
2026-04-27,B,Café,Café46139Especial Veg,168.0,1.0,0.0,0.0,0.0,0.0,10.0,ISC Café,2026-04
2026-04-27,P2,Café,Café46139Especial Veg,170.0,0.9941520467836257,1.0,0.005847953216374269,0.0,0.0,9.970760233918128,ISC Café,2026-04
2026-04-28,B,Café,Café46140Especial,222.0,0.8809523809523809,28.0,0.1111111111111111,2.0,0.007936507936507936,9.373015873015873,ISC Café,2026-04
2026-04-28,P2,Café,Café46140Especial,224.0,0.8995983935742972,24.0,0.0963855421686747,1.0,0.004016064257028112,9.481927710843374,ISC Café,2026-04
2026-04-28,B,Café,Café46140Especial Veg,222.0,0.961038961038961,3.0,0.012987012987012988,6.0,0.025974025974025976,9.7012987012987,ISC Café,2026-04
2026-04-28,P2,Café,Café46140Especial Veg,224.0,1.0,0.0,0.0,0.0,0.0,10.0,ISC Café,2026-04
2026-04-29,B,Café,Café46141Especial,197.0,0.8678414096916299,30.0,0.13215859030837004,0.0,0.0,9.33920704845815,ISC Café,2026-04
2026-04-29,P2,Café,Café46141Especial,204.0,0.8755364806866953,24.0,0.10300429184549356,5.0,0.02145922746781116,9.291845493562231,ISC Café,2026-04
2026-04-29,B,Café,Café46141Especial Veg,197.0,1.0,0.0,0.0,0.0,0.0,10.0,ISC Café,2026-04
2026-04-29,P2,Café,Café46141Especial Veg,204.0,0.9714285714285714,6.0,0.02857142857142857,0.0,0.0,9.857142857142858,ISC Café,2026-04
2026-04-30,B,Café,Café46142Especial,224.0,0.896,24.0,0.096,2.0,0.008,9.448,ISC Café,2026-04
2026-04-30,P2,Café,Café46142Especial,199.0,0.8652173913043478,31.0,0.13478260869565217,0.0,0.0,9.326086956521738,ISC Café,2026-04
2026-04-30,B,Café,Café46142Especial Veg,224.0,0.986784140969163,3.0,0.013215859030837005,0.0,0.0,9.933920704845814,ISC Café,2026-04
2026-04-30,P2,Café,Café46142Especial Veg,199.0,0.995,1.0,0.005,0.0,0.0,9.975,ISC Café,2026-04
2026-05-04,B,Café,Café46146Especial,161.0,0.9044943820224719,17.0,0.09550561797752809,0.0,0.0,9.52247191011236,ISC Café,2026-05
2026-05-04,P2,Café,Café46146Especial,158.0,0.9294117647058824,11.0,0.06470588235294118,1.0,0.0058823529411764705,9.623529411764705,ISC Café,2026-05
2026-05-04,B,Café,Café46146Especial Veg,161.0,0.9757575757575757,4.0,0.024242424242424242,0.0,0.0,9.878787878787879,ISC Café,2026-05
2026-05-04,P2,Café,Café46146Especial Veg,158.0,1.0,0.0,0.0,0.0,0.0,10.0,ISC Café,2026-05
2026-05-05,B,Café,Café46147Especial,228.0,0.9539748953974896,10.0,0.04184100418410042,1.0,0.0041841004184100415,9.753138075313808,ISC Café,2026-05
2026-05-05,P2,Café,Café46147Especial,215.0,0.8301158301158301,42.0,0.16216216216216217,2.0,0.007722007722007722,9.11969111969112,ISC Café,2026-05
2026-05-05,B,Café,Café46147Especial Veg,228.0,0.991304347826087,2.0,0.008695652173913044,0.0,0.0,9.956521739130435,ISC Café,2026-05
2026-05-05,P2,Café,Café46147Especial Veg,215.0,1.0,0.0,0.0,0.0,0.0,10.0,ISC Café,2026-05
2026-05-06,B,Café,Café46148Especial,221.0,0.9208333333333333,14.0,0.058333333333333334,5.0,0.020833333333333332,9.520833333333334,ISC Café,2026-05
2026-05-06,P2,Café,Café46148Especial,221.0,0.9132231404958677,19.0,0.07851239669421488,2.0,0.008264462809917356,9.53305785123967,ISC Café,2026-05
2026-05-06,B,Café,Café46148Especial Veg,221.0,1.0,0.0,0.0,0.0,0.0,10.0,ISC Café,2026-05
2026-05-06,P2,Café,Café46148Especial Veg,221.0,0.9778761061946902,5.0,0.022123893805309734,0.0,0.0,9.889380530973451,ISC Café,2026-05
2026-05-07,B,Café,Café46149Especial,221.0,0.9404255319148936,14.0,0.059574468085106386,0.0,0.0,9.702127659574469,ISC Café,2026-05
2026-05-07,P2,Café,Café46149Especial,218.0,0.923728813559322,16.0,0.06779661016949153,2.0,0.00847457627118644,9.584745762711865,ISC Café,2026-05
2026-05-07,B,Café,Café46149Especial Veg,221.0,0.9910313901345291,2.0,0.008968609865470852,0.0,0.0,9.955156950672645,ISC Café,2026-05
2026-05-07,P2,Café,Café46149Especial Veg,218.0,0.9819819819819819,4.0,0.018018018018018018,0.0,0.0,9.90990990990991,ISC Café,2026-05
2026-05-08,B,Café,Café46150Especial,207.0,0.8884120171673819,26.0,0.11158798283261803,0.0,0.0,9.44206008583691,ISC Café,2026-05
2026-05-08,P2,Café,Café46150Especial,216.0,0.7659574468085106,63.0,0.22340425531914893,3.0,0.010638297872340425,8.787234042553191,ISC Café,2026-05
2026-05-08,B,Café,Café46150Especial Veg,207.0,0.9764150943396226,4.0,0.018867924528301886,1.0,0.0047169811320754715,9.86320754716981,ISC Café,2026-05
2026-05-08,P2,Café,Café46150Especial Veg,216.0,0.9863013698630136,3.0,0.0136986301369863,0.0,0.0,9.931506849315069,ISC Café,2026-05
2026-05-11,B,Café,Café46153Especial,148.0,0.9079754601226994,13.0,0.07975460122699386,2.0,0.012269938650306749,9.49079754601227,ISC Café,2026-05
2026-05-11,P2,Café,Café46153Especial,188.0,0.9082125603864735,19.0,0.09178743961352658,0.0,0.0,9.541062801932368,ISC Café,2026-05
2026-05-11,B,Café,Café46153Especial Veg,148.0,0.9932885906040269,0.0,0.0,1.0,0.006711409395973154,9.939597315436242,ISC Café,2026-05
2026-05-11,P2,Café,Café46153Especial Veg,188.0,1.0,0.0,0.0,0.0,0.0,10.0,ISC Café,2026-05
2026-05-12,B,Café,Café46154Especial,211.0,0.9213973799126638,18.0,0.07860262008733625,0.0,0.0,9.606986899563319,ISC Café,2026-05
2026-05-12,P2,Café,Café46154Especial,203.0,0.8601694915254238,31.0,0.13135593220338984,2.0,0.00847457627118644,9.266949152542374,ISC Café,2026-05
2026-05-12,B,Café,Café46154Especial Veg,211.0,0.9813953488372092,4.0,0.018604651162790697,0.0,0.0,9.906976744186046,ISC Café,2026-05
2026-05-12,P2,Café,Café46154Especial Veg,203.0,0.9950980392156863,1.0,0.004901960784313725,0.0,0.0,9.97549019607843,ISC Café,2026-05
2026-05-13,B,Café,Café46155Especial,202.0,0.9439252336448598,10.0,0.04672897196261682,2.0,0.009345794392523364,9.682242990654206,ISC Café,2026-05
2026-05-13,P2,Café,Café46155Especial,206.0,0.8583333333333333,34.0,0.14166666666666666,0.0,0.0,9.291666666666666,ISC Café,2026-05
2026-05-13,B,Café,Café46155Especial Veg,202.0,0.9901960784313726,2.0,0.00980392156862745,0.0,0.0,9.950980392156863,ISC Café,2026-05
2026-05-13,P2,Café,Café46155Especial Veg,206.0,0.9809523809523809,4.0,0.01904761904761905,0.0,0.0,9.904761904761905,ISC Café,2026-05
2026-05-14,B,Café,Café46156Especial,214.0,0.9596412556053812,6.0,0.026905829596412557,3.0,0.013452914798206279,9.74439461883408,ISC Café,2026-05
2026-05-14,P2,Café,Café46156Especial,210.0,0.9012875536480687,19.0,0.0815450643776824,4.0,0.017167381974248927,9.437768240343347,ISC Café,2026-05
2026-05-14,B,Café,Café46156Especial Veg,214.0,0.9861751152073732,3.0,0.013824884792626729,0.0,0.0,9.930875576036867,ISC Café,2026-05
2026-05-14,P2,Café,Café46156Especial Veg,210.0,0.995260663507109,1.0,0.004739336492890996,0.0,0.0,9.976303317535544,ISC Café,2026-05
2026-05-15,B,Café,Café46157Especial,200.0,0.8583690987124464,32.0,0.13733905579399142,1.0,0.004291845493562232,9.274678111587983,ISC Café,2026-05
2026-05-15,P2,Café,Café46157Especial,235.0,0.8362989323843416,39.0,0.1387900355871886,7.0,0.02491103202846975,9.08185053380783,ISC Café,2026-05
2026-05-15,B,Café,Café46157Especial Veg,200.0,0.9900990099009901,2.0,0.009900990099009901,0.0,0.0,9.950495049504951,ISC Café,2026-05
2026-05-15,P2,Café,Café46157Especial Veg,235.0,0.9475806451612904,13.0,0.05241935483870968,0.0,0.0,9.737903225806452,ISC Café,2026-05
2026-05-18,B,Café,Café46160Especial,167.0,0.9653179190751445,6.0,0.03468208092485549,0.0,0.0,9.826589595375722,ISC Café,2026-05
2026-05-18,P2,Café,Café46160Especial,180.0,0.9326424870466321,11.0,0.05699481865284974,2.0,0.010362694300518135,9.621761658031089,ISC Café,2026-05
2026-05-18,B,Café,Café46160Especial Veg,167.0,1.0,0.0,0.0,0.0,0.0,10.0,ISC Café,2026-05
2026-05-18,P2,Café,Café46160Especial Veg,180.0,0.9782608695652174,4.0,0.021739130434782608,0.0,0.0,9.891304347826088,ISC Café,2026-05
2026-05-19,B,Café,Café46161Especial,205.0,0.9151785714285714,15.0,0.06696428571428571,4.0,0.017857142857142856,9.504464285714286,ISC Café,2026-05
2026-05-19,P2,Café,Café46161Especial,213.0,0.8554216867469879,34.0,0.13654618473895583,2.0,0.008032128514056224,9.244979919678714,ISC Café,2026-05
2026-05-19,B,Café,Café46161Especial Veg,205.0,0.9903381642512077,2.0,0.00966183574879227,0.0,0.0,9.951690821256038,ISC Café,2026-05
2026-05-19,P2,Café,Café46161Especial Veg,213.0,0.9953271028037384,1.0,0.004672897196261682,0.0,0.0,9.976635514018692,ISC Café,2026-05
2026-05-20,B,Café,Café46162Especial,195.0,0.9241706161137441,12.0,0.05687203791469194,4.0,0.018957345971563982,9.545023696682465,ISC Café,2026-05
2026-05-20,P2,Café,Café46162Especial,221.0,0.8875502008032129,25.0,0.10040160642570281,3.0,0.012048192771084338,9.389558232931726,ISC Café,2026-05
2026-05-20,B,Café,Café46162Especial Veg,195.0,0.9798994974874372,4.0,0.020100502512562814,0.0,0.0,9.899497487437186,ISC Café,2026-05
2026-05-20,P2,Café,Café46162Especial Veg,221.0,0.9822222222222222,4.0,0.017777777777777778,0.0,0.0,9.911111111111111,ISC Café,2026-05
2026-05-21,B,Café,Café46163Especial,190.0,0.8962264150943396,22.0,0.10377358490566038,0.0,0.0,9.481132075471699,ISC Café,2026-05
2026-05-21,P2,Café,Café46163Especial,242.0,0.8705035971223022,34.0,0.1223021582733813,2.0,0.007194244604316547,9.323741007194245,ISC Café,2026-05
2026-05-21,B,Café,Café46163Especial Veg,190.0,0.979381443298969,3.0,0.015463917525773196,1.0,0.005154639175257732,9.876288659793815,ISC Café,2026-05
2026-05-21,P2,Café,Café46163Especial Veg,242.0,0.9958847736625515,1.0,0.00411522633744856,0.0,0.0,9.979423868312757,ISC Café,2026-05
2026-05-22,B,Café,Café46164Especial,190.0,0.95,10.0,0.05,0.0,0.0,9.75,ISC Café,2026-05
2026-05-22,P2,Café,Café46164Especial,228.0,0.8702290076335878,33.0,0.12595419847328243,1.0,0.003816793893129771,9.335877862595419,ISC Café,2026-05
2026-05-22,B,Café,Café46164Especial Veg,190.0,0.9895833333333334,2.0,0.010416666666666666,0.0,0.0,9.947916666666666,ISC Café,2026-05
2026-05-22,P2,Café,Café46164Especial Veg,228.0,0.9661016949152542,8.0,0.03389830508474576,0.0,0.0,9.830508474576272,ISC Café,2026-05
2026-05-25,B,Café,Café46167Especial,187.0,0.8385650224215246,32.0,0.14349775784753363,4.0,0.017937219730941704,9.121076233183857,ISC Café,2026-05
2026-05-25,P2,Café,Café46167Especial,185.0,0.9487179487179487,9.0,0.046153846153846156,1.0,0.005128205128205128,9.723076923076922,ISC Café,2026-05
2026-05-25,B,Café,Café46167Especial Veg,187.0,0.9790575916230366,0.0,0.0,4.0,0.020942408376963352,9.811518324607329,ISC Café,2026-05
2026-05-25,P2,Café,Café46167Especial Veg,185.0,0.9946236559139785,1.0,0.005376344086021506,0.0,0.0,9.973118279569892,ISC Café,2026-05
2026-05-26,B,Café,Café46168Especial,251.0,0.9400749063670412,16.0,0.0599250936329588,0.0,0.0,9.700374531835205,ISC Café,2026-05
2026-05-26,P2,Café,Café46168Especial,196.0,0.8484848484848485,35.0,0.15151515151515152,0.0,0.0,9.242424242424242,ISC Café,2026-05
2026-05-26,B,Café,Café46168Especial Veg,251.0,0.9920948616600791,2.0,0.007905138339920948,0.0,0.0,9.960474308300395,ISC Café,2026-05
2026-05-26,P2,Café,Café46168Especial Veg,196.0,1.0,0.0,0.0,0.0,0.0,10.0,ISC Café,2026-05
2026-05-27,B,Café,Café46169Especial,233.0,0.9173228346456693,21.0,0.08267716535433071,0.0,0.0,9.586614173228346,ISC Café,2026-05
2026-05-27,P2,Café,Café46169Especial,213.0,0.922077922077922,17.0,0.0735930735930736,1.0,0.004329004329004329,9.593073593073592,ISC Café,2026-05
2026-05-27,B,Café,Café46169Especial Veg,233.0,0.9957264957264957,1.0,0.004273504273504274,0.0,0.0,9.978632478632479,ISC Café,2026-05
2026-05-27,P2,Café,Café46169Especial Veg,213.0,0.9770642201834863,5.0,0.022935779816513763,0.0,0.0,9.885321100917432,ISC Café,2026-05
2026-05-28,B,Café,Café46170Especial,240.0,0.933852140077821,12.0,0.04669260700389105,5.0,0.019455252918287938,9.591439688715953,ISC Café,2026-05
2026-05-28,P2,Café,Café46170Especial,222.0,0.9288702928870293,13.0,0.05439330543933055,4.0,0.016736401673640166,9.577405857740585,ISC Café,2026-05
2026-05-28,B,Café,Café46170Especial Veg,240.0,0.9795918367346939,5.0,0.02040816326530612,0.0,0.0,9.89795918367347,ISC Café,2026-05
2026-05-28,P2,Café,Café46170Especial Veg,222.0,0.9823008849557522,3.0,0.01327433628318584,1.0,0.004424778761061947,9.893805309734514,ISC Café,2026-05
2026-05-29,B,Café,Café46171Especial,229.0,0.9196787148594378,19.0,0.07630522088353414,1.0,0.004016064257028112,9.582329317269076,ISC Café,2026-05
2026-05-29,P2,Café,Café46171Especial,207.0,0.8808510638297873,25.0,0.10638297872340426,3.0,0.01276595744680851,9.353191489361702,ISC Café,2026-05
2026-05-29,B,Café,Café46171Especial Veg,229.0,0.9786324786324786,5.0,0.021367521367521368,0.0,0.0,9.893162393162394,ISC Café,2026-05
2026-05-29,P2,Café,Café46171Especial Veg,207.0,0.981042654028436,3.0,0.014218009478672985,1.0,0.004739336492890996,9.886255924170616,ISC Café,2026-05
2026-06-01,B,Café,Café46174Especial,190.0,0.945273631840796,8.0,0.03980099502487562,3.0,0.014925373134328358,9.666666666666666,ISC Café,2026-06
2026-06-01,P2,Café,Café46174Especial,194.0,0.919431279620853,12.0,0.05687203791469194,5.0,0.023696682464454975,9.502369668246445,ISC Café,2026-06
2026-06-01,B,Café,Café46174Especial Veg,190.0,0.9693877551020408,4.0,0.02040816326530612,2.0,0.01020408163265306,9.806122448979592,ISC Café,2026-06
2026-06-01,P2,Café,Café46174Especial Veg,194.0,1.0,0.0,0.0,0.0,0.0,10.0,ISC Café,2026-06
2026-06-02,B,Café,Café46175Especial,220.0,0.9565217391304348,10.0,0.043478260869565216,0.0,0.0,9.782608695652174,ISC Café,2026-06
2026-06-02,P2,Café,Café46175Especial,203.0,0.8565400843881856,33.0,0.13924050632911392,1.0,0.004219409282700422,9.265822784810126,ISC Café,2026-06
2026-06-02,B,Café,Café46175Especial Veg,220.0,1.0,0.0,0.0,0.0,0.0,10.0,ISC Café,2026-06
2026-06-02,P2,Café,Café46175Especial Veg,203.0,0.9950980392156863,1.0,0.004901960784313725,0.0,0.0,9.97549019607843,ISC Café,2026-06
2026-06-03,B,Café,Café46176Especial,203.0,0.8903508771929824,25.0,0.10964912280701754,0.0,0.0,9.451754385964913,ISC Café,2026-06
2026-06-03,P2,Café,Café46176Especial,212.0,0.8833333333333333,26.0,0.10833333333333334,2.0,0.008333333333333333,9.383333333333333,ISC Café,2026-06
2026-06-03,B,Café,Café46176Especial Veg,203.0,0.9902439024390244,2.0,0.00975609756097561,0.0,0.0,9.951219512195122,ISC Café,2026-06
2026-06-03,P2,Café,Café46176Especial Veg,212.0,0.9769585253456221,4.0,0.018433179723502304,1.0,0.004608294930875576,9.866359447004609,ISC Café,2026-06
2026-06-08,B,Café,Café46181Especial,186.0,0.8857142857142857,23.0,0.10952380952380952,1.0,0.004761904761904762,9.40952380952381,ISC Café,2026-06
2026-06-08,P2,Café,Café46181Especial,167.0,0.9277777777777778,12.0,0.06666666666666667,1.0,0.005555555555555556,9.616666666666667,ISC Café,2026-06
2026-06-08,B,Café,Café46181Especial Veg,186.0,0.9946524064171123,1.0,0.0053475935828877,0.0,0.0,9.973262032085561,ISC Café,2026-06
2026-06-08,P2,Café,Café46181Especial Veg,167.0,0.9881656804733728,2.0,0.011834319526627219,0.0,0.0,9.940828402366863,ISC Café,2026-06
2026-06-09,B,Café,Café46182Especial,236.0,0.9365079365079365,16.0,0.06349206349206349,0.0,0.0,9.682539682539682,ISC Café,2026-06
2026-06-09,P2,Café,Café46182Especial,214.0,0.856,35.0,0.14,1.0,0.004,9.264,ISC Café,2026-06
2026-06-09,B,Café,Café46182Especial Veg,236.0,0.9874476987447699,3.0,0.012552301255230125,0.0,0.0,9.93723849372385,ISC Café,2026-06
2026-06-09,P2,Café,Café46182Especial Veg,214.0,1.0,0.0,0.0,0.0,0.0,10.0,ISC Café,2026-06
2026-06-10,B,Café,Café46183Especial,219.0,0.9049586776859504,22.0,0.09090909090909091,1.0,0.004132231404958678,9.508264462809917,ISC Café,2026-06
2026-06-10,P2,Café,Café46183Especial,207.0,0.8771186440677966,24.0,0.1016949152542373,5.0,0.0211864406779661,9.30084745762712,ISC Café,2026-06
2026-06-10,B,Café,Café46183Especial Veg,219.0,0.9909502262443439,1.0,0.004524886877828055,1.0,0.004524886877828055,9.936651583710407,ISC Café,2026-06
2026-06-10,P2,Café,Café46183Especial Veg,207.0,0.9857142857142858,3.0,0.014285714285714285,0.0,0.0,9.928571428571429,ISC Café,2026-06
2026-06-11,B,Café,Café46184Especial,213.0,0.902542372881356,23.0,0.09745762711864407,0.0,0.0,9.51271186440678,ISC Café,2026-06
2026-06-11,P2,Café,Café46184Especial,214.0,0.895397489539749,21.0,0.08786610878661087,4.0,0.016736401673640166,9.410041841004183,ISC Café,2026-06
2026-06-11,B,Café,Café46184Especial Veg,213.0,0.9770642201834863,5.0,0.022935779816513763,0.0,0.0,9.885321100917432,ISC Café,2026-06
2026-06-11,P2,Café,Café46184Especial Veg,214.0,0.9771689497716894,2.0,0.0091324200913242,3.0,0.0136986301369863,9.831050228310502,ISC Café,2026-06
2026-06-12,B,Café,Café46185Especial,207.0,0.9078947368421053,20.0,0.08771929824561403,1.0,0.0043859649122807015,9.521929824561404,ISC Café,2026-06
2026-06-12,P2,Café,Café46185Especial,206.0,0.7715355805243446,35.0,0.13108614232209737,26.0,0.09737827715355805,8.46816479400749,ISC Café,2026-06
2026-06-12,B,Café,Café46185Especial Veg,207.0,0.9857142857142858,3.0,0.014285714285714285,0.0,0.0,9.928571428571429,ISC Café,2026-06
2026-06-12,P2,Café,Café46185Especial Veg,206.0,0.9856459330143541,3.0,0.014354066985645933,0.0,0.0,9.92822966507177,ISC Café,2026-06
2026-06-15,B,Café,Café46188Especial,183.0,0.9786096256684492,4.0,0.0213903743315508,0.0,0.0,9.893048128342246,ISC Café,2026-06
2026-06-15,P2,Café,Café46188Especial,171.0,0.9193548387096774,14.0,0.07526881720430108,1.0,0.005376344086021506,9.575268817204302,ISC Café,2026-06
2026-06-15,B,Café,Café46188Especial Veg,183.0,0.9891891891891892,2.0,0.010810810810810811,0.0,0.0,9.945945945945946,ISC Café,2026-06
2026-06-15,P2,Café,Café46188Especial Veg,171.0,1.0,0.0,0.0,0.0,0.0,10.0,ISC Café,2026-06
2026-06-16,B,Café,Café46189Especial,250.0,0.8992805755395683,27.0,0.09712230215827339,1.0,0.0035971223021582736,9.482014388489208,ISC Café,2026-06
2026-06-16,P2,Café,Café46189Especial,210.0,0.8433734939759037,37.0,0.14859437751004015,2.0,0.008032128514056224,9.184738955823294,ISC Café,2026-06
2026-06-16,B,Café,Café46189Especial Veg,250.0,0.9920634920634921,2.0,0.007936507936507936,0.0,0.0,9.96031746031746,ISC Café,2026-06
2026-06-16,P2,Café,Café46189Especial Veg,210.0,0.995260663507109,1.0,0.004739336492890996,0.0,0.0,9.976303317535544,ISC Café,2026-06
2026-06-17,B,Café,Café46190Especial,231.0,0.9390243902439024,14.0,0.056910569105691054,1.0,0.0040650406504065045,9.678861788617887,ISC Café,2026-06
2026-06-17,P2,Café,Café46190Especial,224.0,0.8648648648648649,28.0,0.10810810810810811,7.0,0.02702702702702703,9.216216216216216,ISC Café,2026-06
2026-06-17,B,Café,Café46190Especial Veg,231.0,0.9871794871794872,3.0,0.01282051282051282,0.0,0.0,9.935897435897436,ISC Café,2026-06
2026-06-17,P2,Café,Café46190Especial Veg,224.0,0.986784140969163,3.0,0.013215859030837005,0.0,0.0,9.933920704845814,ISC Café,2026-06
2026-06-18,B,Café,Café46191Especial,226.0,0.9300411522633745,16.0,0.06584362139917696,1.0,0.00411522633744856,9.633744855967079,ISC Café,2026-06
2026-06-18,P2,Café,Café46191Especial,209.0,0.8393574297188755,33.0,0.13253012048192772,7.0,0.028112449799196786,9.08433734939759,ISC Café,2026-06
2026-06-18,B,Café,Café46191Especial Veg,226.0,0.9868995633187773,3.0,0.013100436681222707,0.0,0.0,9.934497816593886,ISC Café,2026-06
2026-06-18,P2,Café,Café46191Especial Veg,209.0,0.9766355140186916,4.0,0.018691588785046728,1.0,0.004672897196261682,9.86448598130841,ISC Café,2026-06
2026-06-19,B,Café,Café46192Especial,204.0,0.9357798165137615,9.0,0.04128440366972477,5.0,0.022935779816513763,9.587155963302752,ISC Café,2026-06
2026-06-19,P2,Café,Café46192Especial,209.0,0.8293650793650794,42.0,0.16666666666666666,1.0,0.003968253968253968,9.130952380952381,ISC Café,2026-06
2026-06-19,B,Café,Café46192Especial Veg,204.0,0.9807692307692307,4.0,0.019230769230769232,0.0,0.0,9.903846153846153,ISC Café,2026-06
2026-06-19,P2,Café,Café46192Especial Veg,209.0,0.9812206572769953,4.0,0.018779342723004695,0.0,0.0,9.906103286384976,ISC Café,2026-06
2026-06-22,B,Café,Café46195Especial,173.0,0.9153439153439153,16.0,0.08465608465608465,0.0,0.0,9.576719576719576,ISC Café,2026-06
2026-06-22,P2,Café,Café46195Especial,194.0,0.9065420560747663,16.0,0.07476635514018691,4.0,0.018691588785046728,9.457943925233645,ISC Café,2026-06
2026-06-22,B,Café,Café46195Especial Veg,173.0,1.0,0.0,0.0,0.0,0.0,10.0,ISC Café,2026-06
2026-06-22,P2,Café,Café46195Especial Veg,194.0,0.9847715736040609,1.0,0.005076142131979695,2.0,0.01015228426395939,9.883248730964468,ISC Café,2026-06
2026-06-23,B,Café,Café46196Especial,215.0,0.8739837398373984,30.0,0.12195121951219512,1.0,0.0040650406504065045,9.353658536585366,ISC Café,2026-06
2026-06-23,P2,Café,Café46196Especial,199.0,0.8883928571428571,23.0,0.10267857142857142,2.0,0.008928571428571428,9.40625,ISC Café,2026-06
2026-06-23,B,Café,Café46196Especial Veg,215.0,0.9817351598173516,4.0,0.0182648401826484,0.0,0.0,9.908675799086758,ISC Café,2026-06
2026-06-23,P2,Café,Café46196Especial Veg,199.0,0.995,0.0,0.0,1.0,0.005,9.955,ISC Café,2026-06
2026-06-24,B,Café,Café46197Especial,212.0,0.905982905982906,21.0,0.08974358974358974,1.0,0.004273504273504274,9.512820512820513,ISC Café,2026-06
2026-06-24,P2,Café,Café46197Especial,200.0,0.8810572687224669,25.0,0.11013215859030837,2.0,0.00881057268722467,9.370044052863436,ISC Café,2026-06
2026-06-24,B,Café,Café46197Especial Veg,212.0,0.9953051643192489,1.0,0.004694835680751174,0.0,0.0,9.976525821596244,ISC Café,2026-06
2026-06-24,P2,Café,Café46197Especial Veg,200.0,0.975609756097561,3.0,0.014634146341463415,2.0,0.00975609756097561,9.839024390243903,ISC Café,2026-06
2026-06-25,B,Café,Café46198Especial,177.0,0.9267015706806283,11.0,0.05759162303664921,3.0,0.015706806282722512,9.570680628272251,ISC Café,2026-06
2026-06-25,P2,Café,Café46198Especial,182.0,0.9430051813471503,5.0,0.025906735751295335,6.0,0.031088082901554404,9.590673575129534,ISC Café,2026-06
2026-06-25,B,Café,Café46198Especial Veg,177.0,0.9315789473684211,4.0,0.021052631578947368,9.0,0.04736842105263158,9.468421052631578,ISC Café,2026-06
2026-06-25,P2,Café,Café46198Especial Veg,182.0,1.0,0.0,0.0,0.0,0.0,10.0,ISC Café,2026-06
2026-06-26,B,Café,Café46199Especial,177.0,1.0,0.0,0.0,0.0,0.0,10.0,ISC Café,2026-06
2026-06-26,P2,Café,Café46199Especial,203.0,0.8942731277533039,23.0,0.1013215859030837,1.0,0.004405286343612335,9.45374449339207,ISC Café,2026-06
2026-06-26,B,Café,Café46199Especial Veg,177.0,1.0,0.0,0.0,0.0,0.0,10.0,ISC Café,2026-06
2026-06-26,P2,Café,Café46199Especial Veg,203.0,0.9854368932038835,3.0,0.014563106796116505,0.0,0.0,9.927184466019417,ISC Café,2026-06
2026-06-29,B,Café,Café46202Especial,,,,,,,,ISC Café,2026-06
2026-06-29,P2,Café,Café46202Especial,,,,,,,,ISC Café,2026-06
2026-06-29,B,Café,Café46202Especial Veg,,,,,,,,ISC Café,2026-06
2026-06-29,P2,Café,Café46202Especial Veg,,,,,,,,ISC Café,2026-06
2026-06-30,B,Café,Café46203Especial,180.0,0.9473684210526315,10.0,0.05263157894736842,0.0,0.0,9.736842105263158,ISC Café,2026-06
2026-06-30,P2,Café,Café46203Especial,174.0,0.8365384615384616,33.0,0.15865384615384615,1.0,0.004807692307692308,9.163461538461538,ISC Café,2026-06
2026-06-30,B,Café,Café46203Especial Veg,180.0,1.0,0.0,0.0,0.0,0.0,10.0,ISC Café,2026-06
2026-06-30,P2,Café,Café46203Especial Veg,174.0,1.0,0.0,0.0,0.0,0.0,10.0,ISC Café,2026-06
2026-07-01,B,Café,Café46204Especial,133.0,0.95,7.0,0.05,0.0,0.0,9.75,ISC Café,2026-07
2026-07-01,P2,Café,Café46204Especial,184.0,0.92,15.0,0.075,1.0,0.005,9.58,ISC Café,2026-07
2026-07-01,B,Café,Café46204Especial Veg,133.0,0.9779411764705882,3.0,0.022058823529411766,0.0,0.0,9.889705882352942,ISC Café,2026-07
2026-07-01,P2,Café,Café46204Especial Veg,184.0,0.9735449735449735,5.0,0.026455026455026454,0.0,0.0,9.867724867724867,ISC Café,2026-07
2026-07-02,B,Café,Café46205Especial,139.0,0.952054794520548,7.0,0.04794520547945205,0.0,0.0,9.76027397260274,ISC Café,2026-07
2026-07-02,P2,Café,Café46205Especial,190.0,0.9313725490196079,11.0,0.05392156862745098,3.0,0.014705882352941176,9.598039215686274,ISC Café,2026-07
2026-07-02,B,Café,Café46205Especial Veg,139.0,0.9788732394366197,3.0,0.02112676056338028,0.0,0.0,9.894366197183098,ISC Café,2026-07
2026-07-02,P2,Café,Café46205Especial Veg,190.0,0.979381443298969,4.0,0.020618556701030927,0.0,0.0,9.896907216494846,ISC Café,2026-07
2026-07-03,B,Café,Café46206Especial,156.0,0.9122807017543859,15.0,0.08771929824561403,0.0,0.0,9.56140350877193,ISC Café,2026-07
2026-07-03,P2,Café,Café46206Especial,170.0,0.7981220657276995,40.0,0.18779342723004694,3.0,0.014084507042253521,8.934272300469484,ISC Café,2026-07
2026-07-03,B,Café,Café46206Especial Veg,156.0,0.9811320754716981,2.0,0.012578616352201259,1.0,0.006289308176100629,9.880503144654089,ISC Café,2026-07
2026-07-03,P2,Café,Café46206Especial Veg,170.0,0.9659090909090909,6.0,0.03409090909090909,0.0,0.0,9.829545454545455,ISC Café,2026-07
2026-07-06,B,Café,Café46209Especial,97.0,0.9603960396039604,4.0,0.039603960396039604,0.0,0.0,9.801980198019802,ISC Café,2026-07
2026-07-06,P2,Café,Café46209Especial,110.0,0.9166666666666666,9.0,0.075,1.0,0.008333333333333333,9.55,ISC Café,2026-07
2026-07-06,B,Café,Café46209Especial Veg,97.0,0.9797979797979798,2.0,0.020202020202020204,0.0,0.0,9.8989898989899,ISC Café,2026-07
2026-07-06,P2,Café,Café46209Especial Veg,110.0,1.0,0.0,0.0,0.0,0.0,10.0,ISC Café,2026-07
2026-07-07,B,Café,Café46210Especial,138.0,0.971830985915493,4.0,0.028169014084507043,0.0,0.0,9.859154929577464,ISC Café,2026-07
2026-07-07,P2,Café,Café46210Especial,112.0,0.8175182481751825,24.0,0.17518248175182483,1.0,0.0072992700729927005,9.058394160583942,ISC Café,2026-07
2026-07-07,B,Café,Café46210Especial Veg,138.0,1.0,0.0,0.0,0.0,0.0,10.0,ISC Café,2026-07
2026-07-07,P2,Café,Café46210Especial Veg,112.0,1.0,0.0,0.0,0.0,0.0,10.0,ISC Café,2026-07
2026-07-08,B,Café,Café46211Especial,131.0,0.9703703703703703,4.0,0.02962962962962963,0.0,0.0,9.851851851851851,ISC Café,2026-07
2026-07-08,P2,Café,Café46211Especial,93.0,0.8857142857142857,12.0,0.11428571428571428,0.0,0.0,9.428571428571429,ISC Café,2026-07
2026-07-08,B,Café,Café46211Especial Veg,131.0,0.9924242424242424,1.0,0.007575757575757576,0.0,0.0,9.962121212121213,ISC Café,2026-07
2026-07-08,P2,Café,Café46211Especial Veg,93.0,0.9789473684210527,2.0,0.021052631578947368,0.0,0.0,9.894736842105264,ISC Café,2026-07
2026-07-09,B,Café,Café46212Especial,123.0,0.968503937007874,3.0,0.023622047244094488,1.0,0.007874015748031496,9.811023622047244,ISC Café,2026-07
2026-07-09,P2,Café,Café46212Especial,97.0,0.8738738738738738,14.0,0.12612612612612611,0.0,0.0,9.36936936936937,ISC Café,2026-07
2026-07-09,B,Café,Café46212Especial Veg,123.0,0.9609375,5.0,0.0390625,0.0,0.0,9.8046875,ISC Café,2026-07
2026-07-09,P2,Café,Café46212Especial Veg,97.0,0.9897959183673469,1.0,0.01020408163265306,0.0,0.0,9.948979591836734,ISC Café,2026-07
2026-07-10,B,Café,Café46213Especial,124.0,0.9763779527559056,3.0,0.023622047244094488,0.0,0.0,9.881889763779528,ISC Café,2026-07
2026-07-10,P2,Café,Café46213Especial,83.0,0.8469387755102041,14.0,0.14285714285714285,1.0,0.01020408163265306,9.193877551020408,ISC Café,2026-07
2026-07-10,B,Café,Café46213Especial Veg,124.0,0.992,1.0,0.008,0.0,0.0,9.96,ISC Café,2026-07
2026-07-10,P2,Café,Café46213Especial Veg,83.0,0.9880952380952381,1.0,0.011904761904761904,0.0,0.0,9.94047619047619,ISC Café,2026-07
2026-07-13,B,Café,Café46216Especial,64.0,1.0,0.0,0.0,0.0,0.0,10.0,ISC Café,2026-07
2026-07-13,P2,Café,Café46216Especial,60.0,0.9230769230769231,5.0,0.07692307692307693,0.0,0.0,9.615384615384615,ISC Café,2026-07
2026-07-13,B,Café,Café46216Especial Veg,64.0,1.0,0.0,0.0,0.0,0.0,10.0,ISC Café,2026-07
2026-07-13,P2,Café,Café46216Especial Veg,60.0,1.0,0.0,0.0,0.0,0.0,10.0,ISC Café,2026-07
2026-07-14,B,Café,Café46217Especial,100.0,0.9615384615384616,4.0,0.038461538461538464,0.0,0.0,9.807692307692308,ISC Café,2026-07
2026-07-14,P2,Café,Café46217Especial,48.0,0.8571428571428571,8.0,0.14285714285714285,0.0,0.0,9.285714285714286,ISC Café,2026-07
2026-07-14,B,Café,Café46217Especial Veg,100.0,0.970873786407767,3.0,0.02912621359223301,0.0,0.0,9.854368932038835,ISC Café,2026-07
2026-07-14,P2,Café,Café46217Especial Veg,48.0,1.0,0.0,0.0,0.0,0.0,10.0,ISC Café,2026-07
2026-07-15,B,Café,Café46218Especial,107.0,0.9907407407407407,1.0,0.009259259259259259,0.0,0.0,9.953703703703704,ISC Café,2026-07
2026-07-15,P2,Café,Café46218Especial,44.0,0.8627450980392157,6.0,0.11764705882352941,1.0,0.0196078431372549,9.235294117647058,ISC Café,2026-07
2026-07-15,B,Café,Café46218Especial Veg,107.0,0.9907407407407407,0.0,0.0,1.0,0.009259259259259259,9.916666666666666,ISC Café,2026-07
2026-07-15,P2,Café,Café46218Especial Veg,44.0,1.0,0.0,0.0,0.0,0.0,10.0,ISC Café,2026-07
2026-07-16,B,Café,Café46219Especial,104.0,0.9369369369369369,6.0,0.05405405405405406,1.0,0.009009009009009009,9.64864864864865,ISC Café,2026-07
2026-07-16,P2,Café,Café46219Especial,43.0,0.9772727272727273,1.0,0.022727272727272728,0.0,0.0,9.886363636363637,ISC Café,2026-07
2026-07-16,B,Café,Café46219Especial Veg,104.0,0.9811320754716981,2.0,0.018867924528301886,0.0,0.0,9.90566037735849,ISC Café,2026-07
2026-07-16,P2,Café,Café46219Especial Veg,43.0,0.9772727272727273,1.0,0.022727272727272728,0.0,0.0,9.886363636363637,ISC Café,2026-07
2026-07-17,B,Café,Café46220Especial,84.0,0.9545454545454546,4.0,0.045454545454545456,0.0,0.0,9.772727272727273,ISC Café,2026-07
2026-07-17,P2,Café,Café46220Especial,35.0,0.813953488372093,8.0,0.18604651162790697,0.0,0.0,9.069767441860465,ISC Café,2026-07
2026-07-17,B,Café,Café46220Especial Veg,84.0,1.0,0.0,0.0,0.0,0.0,10.0,ISC Café,2026-07
2026-07-17,P2,Café,Café46220Especial Veg,35.0,1.0,0.0,0.0,0.0,0.0,10.0,ISC Café,2026-07
2026-07-20,B,Café,Café46223Especial,70.0,1.0,0.0,0.0,0.0,0.0,10.0,ISC Café,2026-07
2026-07-20,P2,Café,Café46223Especial,30.0,0.9090909090909091,3.0,0.09090909090909091,0.0,0.0,9.545454545454545,ISC Café,2026-07
2026-07-20,B,Café,Café46223Especial Veg,70.0,1.0,0.0,0.0,0.0,0.0,10.0,ISC Café,2026-07
2026-07-20,P2,Café,Café46223Especial Veg,30.0,1.0,0.0,0.0,0.0,0.0,10.0,ISC Café,2026-07
2026-07-21,B,Café,Café46224Especial,91.0,0.9680851063829787,3.0,0.031914893617021274,0.0,0.0,9.840425531914894,ISC Café,2026-07
2026-07-21,P2,Café,Café46224Especial,38.0,0.8636363636363636,6.0,0.13636363636363635,0.0,0.0,9.318181818181818,ISC Café,2026-07
2026-07-21,B,Café,Café46224Especial Veg,91.0,0.978494623655914,2.0,0.021505376344086023,0.0,0.0,9.89247311827957,ISC Café,2026-07
2026-07-21,P2,Café,Café46224Especial Veg,38.0,1.0,0.0,0.0,0.0,0.0,10.0,ISC Café,2026-07
2026-07-22,B,Café,Café46225Especial,104.0,0.9454545454545454,6.0,0.05454545454545454,0.0,0.0,9.727272727272727,ISC Café,2026-07
2026-07-22,P2,Café,Café46225Especial,43.0,0.9148936170212766,4.0,0.0851063829787234,0.0,0.0,9.574468085106384,ISC Café,2026-07
2026-07-22,B,Café,Café46225Especial Veg,104.0,0.9904761904761905,1.0,0.009523809523809525,0.0,0.0,9.952380952380953,ISC Café,2026-07
2026-07-22,P2,Café,Café46225Especial Veg,43.0,1.0,0.0,0.0,0.0,0.0,10.0,ISC Café,2026-07
2026-07-23,B,Café,Café46226Especial,89.0,0.967391304347826,3.0,0.03260869565217391,0.0,0.0,9.83695652173913,ISC Café,2026-07
2026-07-23,P2,Café,Café46226Especial,46.0,0.9387755102040817,3.0,0.061224489795918366,0.0,0.0,9.693877551020408,ISC Café,2026-07
2026-07-23,B,Café,Café46226Especial Veg,89.0,0.967391304347826,2.0,0.021739130434782608,1.0,0.010869565217391304,9.793478260869565,ISC Café,2026-07
2026-07-23,P2,Café,Café46226Especial Veg,46.0,1.0,0.0,0.0,0.0,0.0,10.0,ISC Café,2026-07
2026-07-24,B,Café,Café46227Especial,95.0,0.9895833333333334,1.0,0.010416666666666666,0.0,0.0,9.947916666666666,ISC Café,2026-07
2026-07-24,P2,Café,Café46227Especial,36.0,0.9473684210526315,2.0,0.05263157894736842,0.0,0.0,9.736842105263158,ISC Café,2026-07
2026-07-24,B,Café,Café46227Especial Veg,95.0,1.0,0.0,0.0,0.0,0.0,10.0,ISC Café,2026-07
2026-07-24,P2,Café,Café46227Especial Veg,36.0,1.0,0.0,0.0,0.0,0.0,10.0,ISC Café,2026-07
2026-07-27,B,Café,Café46230Especial,61.0,0.953125,2.0,0.03125,1.0,0.015625,9.703125,ISC Café,2026-07
2026-07-27,P2,Café,Café46230Especial,37.0,0.9487179487179487,2.0,0.05128205128205128,0.0,0.0,9.743589743589743,ISC Café,2026-07
2026-07-27,B,Café,Café46230Especial Veg,61.0,0.9682539682539683,1.0,0.015873015873015872,1.0,0.015873015873015872,9.777777777777779,ISC Café,2026-07
2026-07-27,P2,Café,Café46230Especial Veg,37.0,1.0,0.0,0.0,0.0,0.0,10.0,ISC Café,2026-07
2026-07-28,B,Café,Café46231Especial,71.0,0.9594594594594594,3.0,0.04054054054054054,0.0,0.0,9.797297297297296,ISC Café,2026-07
2026-07-28,P2,Café,Café46231Especial,44.0,0.8627450980392157,7.0,0.13725490196078433,0.0,0.0,9.313725490196079,ISC Café,2026-07
2026-07-28,B,Café,Café46231Especial Veg,71.0,1.0,0.0,0.0,0.0,0.0,10.0,ISC Café,2026-07
2026-07-28,P2,Café,Café46231Especial Veg,44.0,1.0,0.0,0.0,0.0,0.0,10.0,ISC Café,2026-07
2026-07-29,B,Café,Café46232Especial,77.0,0.9506172839506173,4.0,0.04938271604938271,0.0,0.0,9.753086419753087,ISC Café,2026-07
2026-07-29,P2,Café,Café46232Especial,46.0,0.9583333333333334,2.0,0.041666666666666664,0.0,0.0,9.791666666666666,ISC Café,2026-07
2026-07-29,B,Café,Café46232Especial Veg,77.0,0.9871794871794872,1.0,0.01282051282051282,0.0,0.0,9.935897435897436,ISC Café,2026-07
2026-07-29,P2,Café,Café46232Especial Veg,46.0,0.9787234042553191,1.0,0.02127659574468085,0.0,0.0,9.893617021276595,ISC Café,2026-07
2026-07-30,B,Café,Café46233Especial,80.0,0.975609756097561,2.0,0.024390243902439025,0.0,0.0,9.878048780487806,ISC Café,2026-07
2026-07-30,P2,Café,Café46233Especial,46.0,1.0,,0.0,,0.0,10.0,ISC Café,2026-07
2026-07-30,B,Café,Café46233Especial Veg,80.0,1.0,0.0,0.0,0.0,0.0,10.0,ISC Café,2026-07
2026-07-30,P2,Café,Café46233Especial Veg,46.0,1.0,,0.0,,0.0,10.0,ISC Café,2026-07
2026-07-31,B,Café,Café46234Especial,78.0,0.975,2.0,0.025,0.0,0.0,9.875,ISC Café,2026-07
2026-07-31,P2,Café,Café46234Especial,47.0,0.8245614035087719,9.0,0.15789473684210525,1.0,0.017543859649122806,9.052631578947368,ISC Café,2026-07
2026-07-31,B,Café,Café46234Especial Veg,78.0,1.0,0.0,0.0,0.0,0.0,10.0,ISC Café,2026-07
2026-07-31,P2,Café,Café46234Especial Veg,47.0,1.0,0.0,0.0,0.0,0.0,10.0,ISC Café,2026-07
2026-08-03,B,Café,Café46237Especial,68.0,1.0,0.0,0.0,0.0,0.0,10.0,ISC Café,2026-08
2026-08-03,P2,Café,Café46237Especial,36.0,0.9230769230769231,3.0,0.07692307692307693,0.0,0.0,9.615384615384615,ISC Café,2026-08
2026-08-03,B,Café,Café46237Especial Veg,68.0,1.0,0.0,0.0,0.0,0.0,10.0,ISC Café,2026-08
2026-08-03,P2,Café,Café46237Especial Veg,36.0,1.0,0.0,0.0,0.0,0.0,10.0,ISC Café,2026-08
2026-08-04,B,Café,Café46238Especial,81.0,0.9642857142857143,3.0,0.03571428571428571,0.0,0.0,9.821428571428571,ISC Café,2026-08
2026-08-04,P2,Café,Café46238Especial,57.0,0.8260869565217391,12.0,0.17391304347826086,0.0,0.0,9.130434782608695,ISC Café,2026-08
2026-08-04,B,Café,Café46238Especial Veg,81.0,0.9642857142857143,3.0,0.03571428571428571,0.0,0.0,9.821428571428571,ISC Café,2026-08
2026-08-04,P2,Café,Café46238Especial Veg,57.0,1.0,0.0,0.0,0.0,0.0,10.0,ISC Café,2026-08
2026-08-05,B,Café,Café46239Especial,92.0,0.968421052631579,3.0,0.031578947368421054,0.0,0.0,9.842105263157896,ISC Café,2026-08
2026-08-05,P2,Café,Café46239Especial,53.0,0.8412698412698413,10.0,0.15873015873015872,0.0,0.0,9.206349206349206,ISC Café,2026-08
2026-08-05,B,Café,Café46239Especial Veg,92.0,0.989247311827957,1.0,0.010752688172043012,0.0,0.0,9.946236559139784,ISC Café,2026-08
2026-08-05,P2,Café,Café46239Especial Veg,53.0,0.9814814814814815,1.0,0.018518518518518517,0.0,0.0,9.907407407407407,ISC Café,2026-08
2026-08-06,B,Café,Café46240Especial,83.0,0.9540229885057471,3.0,0.034482758620689655,1.0,0.011494252873563218,9.724137931034482,ISC Café,2026-08
2026-08-06,P2,Café,Café46240Especial,52.0,0.8524590163934426,8.0,0.13114754098360656,1.0,0.01639344262295082,9.19672131147541,ISC Café,2026-08
2026-08-06,B,Café,Café46240Especial Veg,83.0,1.0,0.0,0.0,0.0,0.0,10.0,ISC Café,2026-08
2026-08-06,P2,Café,Café46240Especial Veg,52.0,0.9811320754716981,1.0,0.018867924528301886,0.0,0.0,9.90566037735849,ISC Café,2026-08
2026-08-07,B,Café,Café46241Especial,93.0,0.9587628865979382,4.0,0.041237113402061855,0.0,0.0,9.793814432989691,ISC Café,2026-08
2026-08-07,P2,Café,Café46241Especial,61.0,0.8472222222222222,10.0,0.1388888888888889,1.0,0.013888888888888888,9.180555555555555,ISC Café,2026-08
2026-08-07,B,Café,Café46241Especial Veg,93.0,0.9893617021276596,1.0,0.010638297872340425,0.0,0.0,9.946808510638299,ISC Café,2026-08
2026-08-07,P2,Café,Café46241Especial Veg,61.0,1.0,0.0,0.0,0.0,0.0,10.0,ISC Café,2026-08
2026-08-10,B,Café,Café46244Especial,158.0,0.9404761904761905,9.0,0.05357142857142857,1.0,0.005952380952380952,9.678571428571429,ISC Café,2026-08
2026-08-10,P2,Café,Café46244Especial,133.0,0.9432624113475178,8.0,0.05673758865248227,0.0,0.0,9.71631205673759,ISC Café,2026-08
2026-08-10,B,Café,Café46244Especial Veg,158.0,0.9937106918238994,0.0,0.0,1.0,0.006289308176100629,9.943396226415095,ISC Café,2026-08
2026-08-10,P2,Café,Café46244Especial Veg,133.0,1.0,0.0,0.0,0.0,0.0,10.0,ISC Café,2026-08
2026-08-11,B,Café,Café46245Especial,219.0,0.9049586776859504,23.0,0.09504132231404959,0.0,0.0,9.524793388429751,ISC Café,2026-08
2026-08-11,P2,Café,Café46245Especial,185.0,0.8980582524271845,21.0,0.10194174757281553,0.0,0.0,9.490291262135923,ISC Café,2026-08
2026-08-11,B,Café,Café46245Especial Veg,219.0,0.9820627802690582,3.0,0.013452914798206279,1.0,0.004484304932735426,9.89237668161435,ISC Café,2026-08
2026-08-11,P2,Café,Café46245Especial Veg,185.0,1.0,0.0,0.0,0.0,0.0,10.0,ISC Café,2026-08
2026-08-12,B,Café,Café46246Especial,196.0,0.9245283018867925,14.0,0.0660377358490566,2.0,0.009433962264150943,9.584905660377359,ISC Café,2026-08
2026-08-12,P2,Café,Café46246Especial,186.0,0.8899521531100478,21.0,0.10047846889952153,2.0,0.009569377990430622,9.411483253588516,ISC Café,2026-08
2026-08-12,B,Café,Café46246Especial Veg,196.0,0.98989898989899,2.0,0.010101010101010102,0.0,0.0,9.94949494949495,ISC Café,2026-08
2026-08-12,P2,Café,Café46246Especial Veg,186.0,1.0,0.0,0.0,0.0,0.0,10.0,ISC Café,2026-08
2026-08-13,B,Café,Café46247Especial,197.0,0.9380952380952381,13.0,0.06190476190476191,0.0,0.0,9.69047619047619,ISC Café,2026-08
2026-08-13,P2,Café,Café46247Especial,181.0,0.8153153153153153,41.0,0.18468468468468469,0.0,0.0,9.076576576576576,ISC Café,2026-08
2026-08-13,B,Café,Café46247Especial Veg,197.0,0.9899497487437185,2.0,0.010050251256281407,0.0,0.0,9.949748743718592,ISC Café,2026-08
2026-08-13,P2,Café,Café46247Especial Veg,181.0,0.9783783783783784,4.0,0.021621621621621623,0.0,0.0,9.891891891891891,ISC Café,2026-08
2026-08-14,B,Café,Café46248Especial,180.0,1.0,,0.0,,0.0,10.0,ISC Café,2026-08
2026-08-14,P2,Café,Café46248Especial,179.0,0.8287037037037037,37.0,0.1712962962962963,0.0,0.0,9.143518518518519,ISC Café,2026-08
2026-08-14,B,Café,Café46248Especial Veg,180.0,1.0,,0.0,,0.0,10.0,ISC Café,2026-08
2026-08-14,P2,Café,Café46248Especial Veg,179.0,0.9835164835164835,3.0,0.016483516483516484,0.0,0.0,9.917582417582418,ISC Café,2026-08
2026-08-17,B,Café,Café46251Especial,188.0,0.9690721649484536,6.0,0.030927835051546393,0.0,0.0,9.845360824742269,ISC Café,2026-08
2026-08-17,P2,Café,Café46251Especial,179.0,0.9226804123711341,11.0,0.05670103092783505,4.0,0.020618556701030927,9.530927835051546,ISC Café,2026-08
2026-08-17,B,Café,Café46251Especial Veg,188.0,0.9842931937172775,3.0,0.015706806282722512,0.0,0.0,9.921465968586388,ISC Café,2026-08
2026-08-17,P2,Café,Café46251Especial Veg,179.0,0.9944444444444445,1.0,0.005555555555555556,0.0,0.0,9.972222222222221,ISC Café,2026-08
2026-08-18,B,Café,Café46252Especial,214.0,0.9427312775330396,13.0,0.05726872246696035,0.0,0.0,9.713656387665198,ISC Café,2026-08
2026-08-18,P2,Café,Café46252Especial,197.0,0.8678414096916299,30.0,0.13215859030837004,0.0,0.0,9.33920704845815,ISC Café,2026-08
2026-08-18,B,Café,Café46252Especial Veg,214.0,0.981651376146789,4.0,0.01834862385321101,0.0,0.0,9.908256880733944,ISC Café,2026-08
2026-08-18,P2,Café,Café46252Especial Veg,197.0,1.0,0.0,0.0,0.0,0.0,10.0,ISC Café,2026-08
2026-08-19,B,Café,Café46253Especial,241.0,0.9341085271317829,16.0,0.06201550387596899,1.0,0.003875968992248062,9.655038759689923,ISC Café,2026-08
2026-08-19,P2,Café,Café46253Especial,188.0,0.8355555555555556,35.0,0.15555555555555556,2.0,0.008888888888888889,9.142222222222221,ISC Café,2026-08
2026-08-19,B,Café,Café46253Especial Veg,241.0,0.9917695473251029,2.0,0.00823045267489712,0.0,0.0,9.958847736625515,ISC Café,2026-08
2026-08-19,P2,Café,Café46253Especial Veg,188.0,0.9842931937172775,3.0,0.015706806282722512,0.0,0.0,9.921465968586388,ISC Café,2026-08
2026-08-20,B,Café,Café46254Especial,212.0,1.0,,0.0,,0.0,10.0,ISC Café,2026-08
2026-08-20,P2,Café,Café46254Especial,203.0,0.9311926605504587,12.0,0.05504587155963303,3.0,0.013761467889908258,9.600917431192661,ISC Café,2026-08
2026-08-20,B,Café,Café46254Especial Veg,212.0,1.0,,0.0,,0.0,10.0,ISC Café,2026-08
2026-08-20,P2,Café,Café46254Especial Veg,203.0,0.9902439024390244,1.0,0.004878048780487805,1.0,0.004878048780487805,9.93170731707317,ISC Café,2026-08
2026-08-21,B,Café,Café46255Especial,,0.0,33.0,0.9428571428571428,2.0,0.05714285714285714,4.771428571428571,ISC Café,2026-08
2026-08-21,P2,Café,Café46255Especial,203.0,0.6812080536912751,90.0,0.30201342281879195,5.0,0.016778523489932886,8.338926174496644,ISC Café,2026-08
2026-08-21,B,Café,Café46255Especial Veg,,0.0,2.0,1.0,0.0,0.0,5.0,ISC Café,2026-08
2026-08-21,P2,Café,Café46255Especial Veg,203.0,0.9902439024390244,2.0,0.00975609756097561,0.0,0.0,9.951219512195122,ISC Café,2026-08
2026-08-24,B,Café,Café46258Especial,203.0,0.9485981308411215,11.0,0.0514018691588785,0.0,0.0,9.742990654205608,ISC Café,2026-08
2026-08-24,P2,Café,Café46258Especial,187.0,0.9121951219512195,16.0,0.07804878048780488,2.0,0.00975609756097561,9.521951219512195,ISC Café,2026-08
2026-08-24,B,Café,Café46258Especial Veg,203.0,0.9902439024390244,2.0,0.00975609756097561,0.0,0.0,9.951219512195122,ISC Café,2026-08
2026-08-24,P2,Café,Café46258Especial Veg,187.0,0.9689119170984456,6.0,0.031088082901554404,0.0,0.0,9.844559585492227,ISC Café,2026-08
2026-08-25,B,Café,Café46259Especial,266.0,0.9204152249134948,23.0,0.07958477508650519,0.0,0.0,9.602076124567475,ISC Café,2026-08
2026-08-25,P2,Café,Café46259Especial,222.0,0.8671875,34.0,0.1328125,0.0,0.0,9.3359375,ISC Café,2026-08
2026-08-25,B,Café,Café46259Especial Veg,266.0,0.9925373134328358,2.0,0.007462686567164179,0.0,0.0,9.962686567164178,ISC Café,2026-08
2026-08-25,P2,Café,Café46259Especial Veg,222.0,1.0,0.0,0.0,0.0,0.0,10.0,ISC Café,2026-08
2026-08-26,B,Café,Café46260Especial,254.0,0.9694656488549618,6.0,0.022900763358778626,2.0,0.007633587786259542,9.816793893129772,ISC Café,2026-08
2026-08-26,P2,Café,Café46260Especial,221.0,0.8947368421052632,20.0,0.08097165991902834,6.0,0.024291497975708502,9.376518218623481,ISC Café,2026-08
2026-08-26,B,Café,Café46260Especial Veg,254.0,0.9844961240310077,2.0,0.007751937984496124,2.0,0.007751937984496124,9.891472868217054,ISC Café,2026-08
2026-08-26,P2,Café,Café46260Especial Veg,221.0,0.9866071428571429,3.0,0.013392857142857142,0.0,0.0,9.933035714285714,ISC Café,2026-08
2026-08-27,B,Café,Café46261Especial,241.0,1.0,,0.0,,0.0,10.0,ISC Café,2026-08
2026-08-27,P2,Café,Café46261Especial,194.0,0.8622222222222222,30.0,0.13333333333333333,1.0,0.0044444444444444444,9.293333333333333,ISC Café,2026-08
2026-08-27,B,Café,Café46261Especial Veg,241.0,1.0,,0.0,,0.0,10.0,ISC Café,2026-08
2026-08-27,P2,Café,Café46261Especial Veg,194.0,0.9897959183673469,2.0,0.01020408163265306,0.0,0.0,9.948979591836734,ISC Café,2026-08
2026-08-28,B,Café,Café46262Especial,228.0,1.0,,0.0,,0.0,10.0,ISC Café,2026-08
2026-08-28,P2,Café,Café46262Especial,202.0,0.8487394957983193,35.0,0.14705882352941177,1.0,0.004201680672268907,9.22689075630252,ISC Café,2026-08
2026-08-28,B,Café,Café46262Especial Veg,228.0,1.0,,0.0,,0.0,10.0,ISC Café,2026-08
2026-08-28,P2,Café,Café46262Especial Veg,202.0,0.9950738916256158,1.0,0.0049261083743842365,0.0,0.0,9.975369458128078,ISC Café,2026-08
2026-08-31,B,Café,Café46265Especial,189.0,0.9792746113989638,4.0,0.02072538860103627,0.0,0.0,9.896373056994818,ISC Café,2026-08
2026-08-31,P2,Café,Café46265Especial,195.0,0.9069767441860465,19.0,0.08837209302325581,1.0,0.004651162790697674,9.516279069767442,ISC Café,2026-08
2026-08-31,B,Café,Café46265Especial Veg,189.0,0.9947368421052631,1.0,0.005263157894736842,0.0,0.0,9.973684210526315,ISC Café,2026-08
2026-08-31,P2,Café,Café46265Especial Veg,195.0,1.0,0.0,0.0,0.0,0.0,10.0,ISC Café,2026-08
2026-09-01,B,Café,Café46266Especial,,,,,,,,ISC Café,2026-09
2026-09-01,P2,Café,Café46266Especial,227.0,0.8832684824902723,30.0,0.11673151750972763,0.0,0.0,9.416342412451362,ISC Café,2026-09
2026-09-01,B,Café,Café46266Especial Veg,,,,,,,,ISC Café,2026-09
2026-09-01,P2,Café,Café46266Especial Veg,227.0,1.0,0.0,0.0,0.0,0.0,10.0,ISC Café,2026-09
2026-09-02,B,Café,Café46267Especial,,,,,,,,ISC Café,2026-09
2026-09-02,P2,Café,Café46267Especial,214.0,0.9067796610169492,17.0,0.07203389830508475,5.0,0.0211864406779661,9.44915254237288,ISC Café,2026-09
2026-09-02,B,Café,Café46267Especial Veg,,,,,,,,ISC Café,2026-09
2026-09-02,P2,Café,Café46267Especial Veg,214.0,0.9771689497716894,5.0,0.0228310502283105,0.0,0.0,9.885844748858448,ISC Café,2026-09
2026-09-03,B,Café,Café46268Especial,,,,,,,,ISC Café,2026-09
2026-09-03,P2,Café,Café46268Especial,,,,,,,,ISC Café,2026-09
2026-09-03,B,Café,Café46268Especial Veg,,,,,,,,ISC Café,2026-09
2026-09-03,P2,Café,Café46268Especial Veg,,,,,,,,ISC Café,2026-09
2026-09-04,B,Café,Café46269Especial,,,,,,,,ISC Café,2026-09
2026-09-04,P2,Café,Café46269Especial,,,,,,,,ISC Café,2026-09
2026-09-04,B,Café,Café46269Especial Veg,,,,,,,,ISC Café,2026-09
2026-09-04,P2,Café,Café46269Especial Veg,,,,,,,,ISC Café,2026-09
