refeitorio,data,refeicao,preparacao,cardapio,aparencia,textura,sabor,odor,global,nota,sheet_origem,ru,mes
Benfica,2026-01-05,Café,ESPECIAL,Mingau ,4.0,4.0,4.0,4.0,4.0,8.0,Av. Sensorial,B,2026-01
Benfica,2026-01-05,Café,ESPECIAL VEG,Achocolatado vegano ,4.0,4.0,4.0,4.0,4.0,8.0,Av. Sensorial,B,2026-01
Porangabussu,2026-01-05,Almoço,PV,Cozido Bovino à Calabresa,2.0,3.0,3.0,4.0,2.0,5.4,Av. Sensorial,PO,2026-01
Porangabussu,2026-01-05,Almoço,PB,Cubos de Frango ao M. Vermelho,4.0,4.0,4.0,4.0,4.0,8.0,Av. Sensorial,PO,2026-01
Porangabussu,2026-01-05,Almoço,VEG,Soja Tropical,4.0,4.0,4.0,4.0,4.0,8.0,Av. Sensorial,PO,2026-01
Porangabussu,2026-01-05,Almoço,PV,Cozido Bovino à Calabresa,3.0,3.0,3.0,4.0,3.0,6.2,Av. Sensorial,PO,2026-01
Porangabussu,2026-01-05,Almoço,PB,Cubos de Frango ao M. Vermelho,4.0,4.0,4.0,4.0,4.0,8.0,Av. Sensorial,PO,2026-01
Porangabussu,2026-01-05,Almoço,VEG,Soja Tropical,4.0,4.0,4.0,4.0,4.0,8.0,Av. Sensorial,PO,2026-01
Pici 2,2026-01-05,Café,ESPECIAL,Mingau ,4.0,4.0,4.0,4.0,4.0,8.0,Av. Sensorial,P2,2026-01
Pici 2,2026-01-05,Café,ESPECIAL VEG,Achocolatado vegano ,4.0,4.0,4.0,4.0,4.0,8.0,Av. Sensorial,P2,2026-01
Pici 2,2026-01-05,Almoço,PV,Cozido Bovino à Calabresa,3.0,4.0,4.0,4.0,4.0,7.4,Av. Sensorial,P2,2026-01
Pici 2,2026-01-05,Almoço,PB,Cubos de Frango ao M. Vermelho,4.0,4.0,4.0,4.0,4.0,8.0,Av. Sensorial,P2,2026-01
Pici 2,2026-01-05,Almoço,VEG,Soja Tropical,4.0,4.0,4.0,4.0,4.0,8.0,Av. Sensorial,P2,2026-01
Pici 1,2026-01-05,Almoço,PV,Cozido Bovino à Calabresa,3.0,4.0,4.0,4.0,4.0,7.4,Av. Sensorial,P1,2026-01
Pici 1,2026-01-05,Almoço,PB,Cubos de Frango ao M. Vermelho,4.0,4.0,3.0,4.0,4.0,7.6,Av. Sensorial,P1,2026-01
Pici 1,2026-01-05,Almoço,VEG,Soja Tropical,4.0,4.0,4.0,4.0,4.0,8.0,Av. Sensorial,P1,2026-01
Pici 1,2026-01-05,Jantar,PV,Cubos Suíno ao molho barbecue,4.0,4.0,4.0,4.0,4.0,8.0,Av. Sensorial,P1,2026-01
Pici 1,2026-01-05,Jantar,PB,Sobrecoxa Desossada ao M.,4.0,4.0,4.0,4.0,4.0,8.0,Av. Sensorial,P1,2026-01
Pici 1,2026-01-05,Jantar,VEG,Bolinha de grão de bico,4.0,4.0,4.0,4.0,4.0,8.0,Av. Sensorial,P1,2026-01
Benfica,2026-01-05,Jantar,PV,Cubos Suíno ao molho barbecue,3.0,3.0,3.0,4.0,4.0,6.4,Av. Sensorial,B,2026-01
Benfica,2026-01-05,Jantar,PB,Sobrecoxa Desossada ao M.,4.0,4.0,4.0,4.0,4.0,8.0,Av. Sensorial,B,2026-01
Benfica,2026-01-05,Jantar,VEG,Bolinha de grão de bico,3.0,3.0,4.0,4.0,4.0,7.0,Av. Sensorial,B,2026-01
Benfica,2026-01-06,Café,ESPECIAL,Queijo ,4.0,4.0,4.0,4.0,4.0,8.0,Av. Sensorial,B,2026-01
Benfica,2026-01-06,Café,ESPECIAL VEG,Granola,4.0,4.0,4.0,4.0,4.0,8.0,Av. Sensorial,B,2026-01
Pici 1,2026-01-06,Almoço,PV,Paçoca de Carne,4.0,4.0,4.0,4.0,4.0,8.0,Av. Sensorial,P1,2026-01
Pici 1,2026-01-06,Almoço,PB,Sobrecoxa Assada,4.0,4.0,4.0,4.0,4.0,8.0,Av. Sensorial,P1,2026-01
Pici 1,2026-01-06,Almoço,VEG,Arroz Cremoso de Lentilha,4.0,4.0,4.0,4.0,4.0,8.0,Av. Sensorial,P1,2026-01
Pici 1,2026-01-06,Almoço,PV,Paçoca de Carne,4.0,4.0,4.0,4.0,4.0,8.0,Av. Sensorial,P1,2026-01
Pici 1,2026-01-06,Almoço,PB,Sobrecoxa Assada,4.0,4.0,4.0,4.0,4.0,8.0,Av. Sensorial,P1,2026-01
Pici 1,2026-01-06,Almoço,VEG,Arroz Cremoso de Lentilha,4.0,4.0,4.0,4.0,4.0,8.0,Av. Sensorial,P1,2026-01
Porangabussu,2026-01-06,Almoço,PV,Paçoca de Carne,4.0,4.0,4.0,4.0,4.0,8.0,Av. Sensorial,PO,2026-01
Porangabussu,2026-01-06,Almoço,PB,Sobrecoxa Assada,3.0,2.0,4.0,4.0,3.0,6.0,Av. Sensorial,PO,2026-01
Porangabussu,2026-01-06,Almoço,VEG,Arroz Cremoso de Lentilha,4.0,4.0,4.0,4.0,4.0,8.0,Av. Sensorial,PO,2026-01
Porangabussu,2026-01-06,Almoço,PV,Paçoca de Carne,4.0,4.0,3.0,4.0,4.0,7.6,Av. Sensorial,PO,2026-01
Porangabussu,2026-01-06,Almoço,PB,Sobrecoxa Assada,4.0,4.0,4.0,4.0,4.0,8.0,Av. Sensorial,PO,2026-01
Porangabussu,2026-01-06,Almoço,VEG,Arroz Cremoso de Lentilha,3.0,3.0,3.0,4.0,3.0,6.2,Av. Sensorial,PO,2026-01
Pici 2,2026-01-06,Café,ESPECIAL,Queijo ,4.0,4.0,4.0,4.0,4.0,8.0,Av. Sensorial,P2,2026-01
Pici 2,2026-01-06,Café,ESPECIAL VEG,Granola,4.0,4.0,4.0,4.0,4.0,8.0,Av. Sensorial,P2,2026-01
Pici 2,2026-01-06,Almoço,PV,Paçoca de Carne,4.0,4.0,4.0,4.0,4.0,8.0,Av. Sensorial,P2,2026-01
Pici 2,2026-01-06,Almoço,PB,Sobrecoxa Assada,4.0,4.0,4.0,4.0,4.0,8.0,Av. Sensorial,P2,2026-01
Pici 2,2026-01-06,Almoço,VEG,Arroz Cremoso de Lentilha,4.0,4.0,4.0,4.0,4.0,8.0,Av. Sensorial,P2,2026-01
Pici 1,2026-01-06,Jantar,PV,Carne Moída ao Molho,2.0,4.0,3.0,4.0,3.0,6.2,Av. Sensorial,P1,2026-01
Pici 1,2026-01-06,Jantar,PB,Cubos de Frango com Batata Rústica,4.0,3.0,4.0,4.0,4.0,7.4,Av. Sensorial,P1,2026-01
Pici 1,2026-01-06,Jantar,VEG,Jardineira de Soja,4.0,4.0,3.0,4.0,4.0,7.4,Av. Sensorial,P1,2026-01
Benfica,2026-01-06,Almoço,PV,Paçoca de Carne,4.0,4.0,4.0,4.0,4.0,8.0,Av. Sensorial,B,2026-01
Benfica,2026-01-06,Almoço,PB,Sobrecoxa Assada,3.0,3.0,4.0,4.0,3.0,6.6,Av. Sensorial,B,2026-01
Benfica,2026-01-06,Almoço,VEG,Arroz Cremoso de Lentilha,4.0,4.0,4.0,4.0,4.0,8.0,Av. Sensorial,B,2026-01
Benfica,2026-01-06,Almoço,PV,Paçoca de Carne,4.0,4.0,4.0,4.0,4.0,8.0,Av. Sensorial,B,2026-01
Benfica,2026-01-06,Almoço,PB,Sobrecoxa Assada,4.0,4.0,4.0,4.0,4.0,8.0,Av. Sensorial,B,2026-01
Benfica,2026-01-06,Almoço,VEG,Arroz Cremoso de Lentilha,3.0,3.0,4.0,4.0,4.0,7.0,Av. Sensorial,B,2026-01
Benfica,2026-01-06,Jantar,PV,Carne Moída ao Molho,3.0,4.0,3.0,4.0,3.0,6.8,Av. Sensorial,B,2026-01
Benfica,2026-01-06,Jantar,PB,Cubos de Frango com Batata Rústica,4.0,3.0,4.0,4.0,3.0,7.2,Av. Sensorial,B,2026-01
Benfica,2026-01-06,Jantar,VEG,Jardineira de Soja,4.0,4.0,4.0,4.0,4.0,8.0,Av. Sensorial,B,2026-01
Benfica,2026-01-05,Almoço,PV,Cozido Bovino à Calabresa,3.0,3.0,4.0,4.0,4.0,6.8,Av. Sensorial,B,2026-01
Benfica,2026-01-05,Almoço,PB,Cubos de Frango ao M. Vermelho,4.0,3.0,4.0,4.0,4.0,7.4,Av. Sensorial,B,2026-01
Benfica,2026-01-05,Almoço,VEG,Soja Tropical,4.0,4.0,4.0,4.0,4.0,8.0,Av. Sensorial,B,2026-01
Benfica,2026-01-05,Jantar,PV,Cubos Suíno ao molho barbecue,4.0,4.0,4.0,4.0,4.0,8.0,Av. Sensorial,B,2026-01
Benfica,2026-01-05,Jantar,PB,Sobrecoxa Desossada ao M.,4.0,4.0,4.0,4.0,4.0,8.0,Av. Sensorial,B,2026-01
Benfica,2026-01-05,Jantar,VEG,Bolinha de grão de bico,4.0,4.0,4.0,4.0,4.0,8.0,Av. Sensorial,B,2026-01
Benfica,2026-01-07,Café,ESPECIAL,Ovos Mexidos,4.0,4.0,4.0,4.0,4.0,8.0,Av. Sensorial,B,2026-01
Benfica,2026-01-07,Café,ESPECIAL VEG,Pasta de Amendoim,4.0,4.0,4.0,4.0,4.0,8.0,Av. Sensorial,B,2026-01
Pici 2,2026-01-07,Café,ESPECIAL,Ovos Mexidos,3.0,4.0,4.0,4.0,4.0,7.555555555555555,Av. Sensorial,P2,2026-01
Pici 2,2026-01-07,Café,ESPECIAL VEG,Pasta de Amendoim,4.0,4.0,4.0,4.0,4.0,8.0,Av. Sensorial,P2,2026-01
Pici 2,2026-01-07,Almoço,PV,Feijoada,4.0,4.0,4.0,4.0,4.0,8.0,Av. Sensorial,P2,2026-01
Pici 2,2026-01-07,Almoço,PB,Isca de Frango ao M. de Legumes,4.0,4.0,4.0,4.0,4.0,8.0,Av. Sensorial,P2,2026-01
Pici 2,2026-01-07,Almoço,VEG,Bobó de Legumes,4.0,4.0,4.0,4.0,4.0,8.0,Av. Sensorial,P2,2026-01
Pici 1,2026-01-07,Almoço,PB,Isca de Frango ao M. de Legumes,4.0,4.0,4.0,4.0,4.0,8.0,Av. Sensorial,P1,2026-01
Pici 1,2026-01-07,Almoço,VEG,Bobó de Legumes,4.0,4.0,4.0,4.0,4.0,8.0,Av. Sensorial,P1,2026-01
Porangabussu,2026-01-07,Almoço,PV,Feijoada,4.0,4.0,3.0,4.0,4.0,7.6,Av. Sensorial,PO,2026-01
Porangabussu,2026-01-07,Almoço,PB,Isca de Frango ao M. de Legumes,4.0,4.0,4.0,4.0,4.0,8.0,Av. Sensorial,PO,2026-01
Porangabussu,2026-01-07,Almoço,VEG,Bobó de Legumes,4.0,4.0,4.0,4.0,4.0,8.0,Av. Sensorial,PO,2026-01
Porangabussu,2026-01-07,Almoço,PV,Feijoada,4.0,4.0,4.0,4.0,4.0,8.0,Av. Sensorial,PO,2026-01
Porangabussu,2026-01-07,Almoço,PB,Isca de Frango ao M. de Legumes,4.0,4.0,4.0,4.0,4.0,8.0,Av. Sensorial,PO,2026-01
Porangabussu,2026-01-07,Almoço,VEG,Bobó de Legumes,4.0,4.0,3.0,4.0,4.0,7.4,Av. Sensorial,PO,2026-01
Pici 1,2026-01-07,Jantar,PB,Sobrecoxa Assada/ ao Forno,4.0,4.0,4.0,4.0,4.0,8.0,Av. Sensorial,P1,2026-01
Pici 1,2026-01-07,Jantar,VEG,Lasanha de Batatas,4.0,4.0,4.0,4.0,4.0,8.0,Av. Sensorial,P1,2026-01
Benfica,2026-01-07,Almoço,PV,Feijoada,4.0,4.0,4.0,4.0,4.0,8.0,Av. Sensorial,B,2026-01
Benfica,2026-01-07,Almoço,PB,Isca de Frango ao M. de Legumes,4.0,4.0,4.0,4.0,4.0,8.0,Av. Sensorial,B,2026-01
Benfica,2026-01-07,Almoço,VEG,Bobó de Legumes,4.0,4.0,4.0,4.0,4.0,8.0,Av. Sensorial,B,2026-01
Benfica,2026-01-07,Jantar,PV,Assado de Panela,4.0,4.0,4.0,4.0,4.0,8.0,Av. Sensorial,B,2026-01
Benfica,2026-01-07,Jantar,PB,Sobrecoxa Assada/ ao Forno,4.0,4.0,4.0,4.0,4.0,8.0,Av. Sensorial,B,2026-01
Benfica,2026-01-07,Jantar,VEG,Lasanha de Batatas,4.0,4.0,4.0,4.0,4.0,8.0,Av. Sensorial,B,2026-01
Benfica,2026-01-08,Café,ESPECIAL,Iogurte ,4.0,4.0,4.0,4.0,4.0,8.0,Av. Sensorial,B,2026-01
Benfica,2026-01-08,Café,ESPECIAL VEG,Similar a Iogurte Vegano,4.0,4.0,4.0,4.0,4.0,8.0,Av. Sensorial,B,2026-01
Pici 2,2026-01-08,Café,ESPECIAL,Iogurte ,4.0,4.0,4.0,4.0,4.0,8.0,Av. Sensorial,P2,2026-01
Pici 2,2026-01-08,Café,ESPECIAL VEG,Similar a Iogurte Vegano,4.0,4.0,4.0,4.0,4.0,8.0,Av. Sensorial,P2,2026-01
Pici 2,2026-01-08,Almoço,PV,Isca de Carne ao Molho Escuro,4.0,4.0,4.0,4.0,4.0,8.0,Av. Sensorial,P2,2026-01
Pici 2,2026-01-08,Almoço,PB,Peixe ao M. de Peixada,4.0,4.0,4.0,4.0,4.0,8.0,Av. Sensorial,P2,2026-01
Pici 2,2026-01-08,Almoço,VEG,Estrogonofe de Grão de Bico,4.0,4.0,4.0,4.0,4.0,8.0,Av. Sensorial,P2,2026-01
Porangabussu,2026-01-08,Almoço,PV,Isca de Carne ao Molho Escuro,4.0,4.0,4.0,4.0,4.0,8.0,Av. Sensorial,PO,2026-01
Porangabussu,2026-01-08,Almoço,PB,Peixe ao M. de Peixada,4.0,4.0,4.0,4.0,4.0,8.0,Av. Sensorial,PO,2026-01
Porangabussu,2026-01-08,Almoço,VEG,Estrogonofe de Grão de Bico,4.0,4.0,4.0,4.0,4.0,8.0,Av. Sensorial,PO,2026-01
Pici 1,2026-01-08,Almoço,PB,Peixe ao M. de Peixada,4.0,4.0,4.0,4.0,4.0,8.0,Av. Sensorial,P1,2026-01
Pici 1,2026-01-08,Almoço,VEG,Estrogonofe de Grão de Bico,4.0,4.0,4.0,4.0,4.0,8.0,Av. Sensorial,P1,2026-01
Benfica,2026-01-08,Almoço,PV,Isca de Carne ao Molho Escuro,4.0,4.0,4.0,4.0,4.0,8.0,Av. Sensorial,B,2026-01
Benfica,2026-01-08,Almoço,PB,Peixe ao M. de Peixada,4.0,4.0,4.0,4.0,4.0,8.0,Av. Sensorial,B,2026-01
Benfica,2026-01-08,Almoço,VEG,Estrogonofe de Grão de Bico,4.0,4.0,4.0,4.0,4.0,8.0,Av. Sensorial,B,2026-01
Benfica,2026-01-08,Almoço,PV,Isca de Carne ao Molho Escuro,3.0,3.0,4.0,4.0,4.0,6.8,Av. Sensorial,B,2026-01
Benfica,2026-01-08,Almoço,PB,Peixe ao M. de Peixada,4.0,4.0,4.0,4.0,4.0,8.0,Av. Sensorial,B,2026-01
Benfica,2026-01-08,Almoço,VEG,Estrogonofe de Grão de Bico,3.0,3.0,3.0,4.0,3.0,6.2,Av. Sensorial,B,2026-01
Pici 1,2026-01-08,Jantar,PB,Estrogonofe de Frango,4.0,4.0,4.0,4.0,4.0,8.0,Av. Sensorial,P1,2026-01
Pici 1,2026-01-08,Jantar,VEG,Assado de Lentilha,4.0,4.0,4.0,4.0,4.0,8.0,Av. Sensorial,P1,2026-01
Benfica,2026-01-09,Café,ESPECIAL,Carne Moída ao Molho,3.0,4.0,3.0,4.0,4.0,6.888888888888889,Av. Sensorial,B,2026-01
Benfica,2026-01-09,Café,ESPECIAL VEG,Geleia,4.0,4.0,4.0,4.0,4.0,8.0,Av. Sensorial,B,2026-01
Pici 2,2026-01-09,Café,ESPECIAL,Carne Moída ao Molho,3.0,4.0,3.0,4.0,3.0,6.666666666666667,Av. Sensorial,P2,2026-01
Pici 2,2026-01-09,Café,ESPECIAL VEG,Geleia,4.0,4.0,4.0,4.0,4.0,8.0,Av. Sensorial,P2,2026-01
Pici 2,2026-01-09,Almoço,PV,Dobradinha,4.0,4.0,4.0,4.0,4.0,8.0,Av. Sensorial,P2,2026-01
Pici 2,2026-01-09,Almoço,PB,Isca de Frango Acebolado,4.0,4.0,4.0,4.0,4.0,8.0,Av. Sensorial,P2,2026-01
Pici 2,2026-01-09,Almoço,VEG,Maria Isabel Vegana,4.0,4.0,4.0,4.0,4.0,8.0,Av. Sensorial,P2,2026-01
Porangabussu,2026-01-09,Almoço,PV,Dobradinha,4.0,4.0,3.0,4.0,4.0,7.6,Av. Sensorial,PO,2026-01
Porangabussu,2026-01-09,Almoço,PB,Isca de Frango Acebolado,4.0,4.0,4.0,4.0,4.0,8.0,Av. Sensorial,PO,2026-01
Porangabussu,2026-01-09,Almoço,VEG,Maria Isabel Vegana,4.0,4.0,3.0,4.0,4.0,7.4,Av. Sensorial,PO,2026-01
Porangabussu,2026-01-09,Almoço,PV,Dobradinha,4.0,4.0,3.0,4.0,4.0,7.6,Av. Sensorial,PO,2026-01
Porangabussu,2026-01-09,Almoço,PB,Isca de Frango Acebolado,4.0,4.0,4.0,4.0,4.0,8.0,Av. Sensorial,PO,2026-01
Porangabussu,2026-01-09,Almoço,VEG,Maria Isabel Vegana,4.0,4.0,4.0,4.0,4.0,8.0,Av. Sensorial,PO,2026-01
Benfica,2026-01-09,Almoço,PV,Dobradinha,4.0,4.0,4.0,4.0,4.0,8.0,Av. Sensorial,B,2026-01
Benfica,2026-01-09,Almoço,PB,Isca de Frango Acebolado,4.0,4.0,4.0,4.0,4.0,8.0,Av. Sensorial,B,2026-01
Benfica,2026-01-09,Almoço,VEG,Maria Isabel Vegana,4.0,4.0,4.0,4.0,4.0,8.0,Av. Sensorial,B,2026-01
Benfica,2026-01-09,Almoço,PB,Isca de Frango Acebolado,3.0,3.0,3.0,4.0,3.0,6.2,Av. Sensorial,B,2026-01
Benfica,2026-01-09,Almoço,VEG,Maria Isabel Vegana,3.0,3.0,4.0,4.0,3.0,6.8,Av. Sensorial,B,2026-01
Benfica,2026-01-09,Jantar,PV,Escondidinho de Carne,4.0,4.0,4.0,4.0,4.0,8.0,Av. Sensorial,B,2026-01
Benfica,2026-01-09,Jantar,PB,Sobrecoxa Desossada,4.0,4.0,4.0,4.0,4.0,8.0,Av. Sensorial,B,2026-01
Benfica,2026-01-09,Jantar,VEG,Bolinho de Ervilha com Aveia,4.0,4.0,4.0,4.0,4.0,8.0,Av. Sensorial,B,2026-01
Pici 1,2026-01-09,Almoço,PV,Dobradinha,4.0,4.0,4.0,4.0,4.0,8.0,Av. Sensorial,P1,2026-01
Pici 1,2026-01-09,Almoço,PB,Isca de Frango Acebolado,3.0,3.0,4.0,4.0,4.0,6.8,Av. Sensorial,P1,2026-01
Pici 1,2026-01-09,Almoço,VEG,Maria Isabel Vegana,4.0,4.0,4.0,4.0,4.0,8.0,Av. Sensorial,P1,2026-01
Pici 1,2026-01-09,Jantar,PV,Escondidinho de Carne,4.0,4.0,4.0,4.0,4.0,8.0,Av. Sensorial,P1,2026-01
Pici 1,2026-01-09,Jantar,PB,Sobrecoxa Desossada,4.0,4.0,4.0,4.0,4.0,8.0,Av. Sensorial,P1,2026-01
Pici 1,2026-01-09,Jantar,VEG,Bolinho de Ervilha com Aveia,4.0,4.0,4.0,4.0,4.0,8.0,Av. Sensorial,P1,2026-01
Benfica,2026-01-12,Almoço,PV,Picadinho com Legumes,3.0,4.0,4.0,4.0,4.0,7.4,Av. Sensorial,B,2026-01
Benfica,2026-01-12,Almoço,PB,Sobrecoxa Assada,4.0,3.0,3.0,4.0,4.0,7.0,Av. Sensorial,B,2026-01
Benfica,2026-01-12,Almoço,VEG,Curry de lentilha,4.0,3.0,4.0,4.0,4.0,7.6,Av. Sensorial,B,2026-01
Pici 1,2026-01-12,Almoço,PB,Sobrecoxa Assada,4.0,4.0,4.0,4.0,4.0,8.0,Av. Sensorial,P1,2026-01
Pici 1,2026-01-12,Almoço,VEG,Curry de lentilha,4.0,4.0,4.0,4.0,4.0,8.0,Av. Sensorial,P1,2026-01
Benfica,2026-01-12,Café,ESPECIAL,Achocolatado,4.0,4.0,3.0,4.0,4.0,7.333333333333333,Av. Sensorial,B,2026-01
Benfica,2026-01-12,Café,ESPECIAL VEG,Achocolatado vegano ,4.0,4.0,4.0,4.0,4.0,8.0,Av. Sensorial,B,2026-01
Porangabussu,2026-01-12,Almoço,PV,Picadinho com Legumes,4.0,4.0,4.0,4.0,4.0,8.0,Av. Sensorial,PO,2026-01
Porangabussu,2026-01-12,Almoço,PB,Sobrecoxa Assada,4.0,4.0,4.0,4.0,4.0,8.0,Av. Sensorial,PO,2026-01
Porangabussu,2026-01-12,Almoço,VEG,Curry de lentilha,4.0,4.0,4.0,4.0,4.0,8.0,Av. Sensorial,PO,2026-01
Porangabussu,2026-01-12,Almoço,PV,Picadinho com Legumes,4.0,4.0,4.0,4.0,4.0,8.0,Av. Sensorial,PO,2026-01
Porangabussu,2026-01-12,Almoço,PB,Sobrecoxa Assada,4.0,4.0,4.0,4.0,4.0,8.0,Av. Sensorial,PO,2026-01
Porangabussu,2026-01-12,Almoço,VEG,Curry de lentilha,3.0,3.0,3.0,4.0,3.0,6.2,Av. Sensorial,PO,2026-01
Pici 2,2026-01-12,Café,ESPECIAL,Achocolatado,4.0,4.0,4.0,4.0,4.0,8.0,Av. Sensorial,P2,2026-01
Pici 2,2026-01-12,Café,ESPECIAL VEG,Achocolatado vegano ,4.0,4.0,4.0,4.0,4.0,8.0,Av. Sensorial,P2,2026-01
Pici 2,2026-01-12,Almoço,PV,Picadinho com Legumes,4.0,4.0,4.0,4.0,4.0,8.0,Av. Sensorial,P2,2026-01
Pici 2,2026-01-12,Almoço,PB,Sobrecoxa Assada,4.0,4.0,4.0,4.0,4.0,8.0,Av. Sensorial,P2,2026-01
Pici 2,2026-01-12,Almoço,VEG,Curry de lentilha,4.0,4.0,4.0,4.0,4.0,8.0,Av. Sensorial,P2,2026-01
Benfica,2026-01-12,Almoço,PV,Picadinho com Legumes,4.0,4.0,4.0,4.0,4.0,8.0,Av. Sensorial,B,2026-01
Benfica,2026-01-12,Almoço,PB,Sobrecoxa Assada,4.0,4.0,4.0,4.0,4.0,8.0,Av. Sensorial,B,2026-01
Benfica,2026-01-12,Almoço,VEG,Curry de lentilha,4.0,4.0,4.0,4.0,4.0,8.0,Av. Sensorial,B,2026-01
Benfica,2026-01-12,Jantar,PV,Isca de Carne ao M. Tomate,4.0,4.0,4.0,4.0,4.0,8.0,Av. Sensorial,B,2026-01
Benfica,2026-01-12,Jantar,PB,Cubos de Frango com Ervas,3.0,3.0,4.0,4.0,3.0,6.6,Av. Sensorial,B,2026-01
Benfica,2026-01-12,Jantar,VEG,Salpicão vegano,4.0,4.0,4.0,4.0,4.0,8.0,Av. Sensorial,B,2026-01
Pici 1,2026-01-12,Jantar,PB,Cubos de Frango com Ervas,4.0,3.0,4.0,4.0,4.0,7.4,Av. Sensorial,P1,2026-01
Pici 1,2026-01-12,Jantar,VEG,Salpicão vegano,4.0,4.0,4.0,4.0,4.0,8.0,Av. Sensorial,P1,2026-01
Benfica,2026-01-12,Jantar,PV,Isca de Carne ao M. Tomate,4.0,3.0,4.0,4.0,3.0,7.2,Av. Sensorial,B,2026-01
Benfica,2026-01-12,Jantar,PB,Cubos de Frango com Ervas,3.0,3.0,3.0,4.0,3.0,6.2,Av. Sensorial,B,2026-01
Benfica,2026-01-12,Jantar,VEG,Salpicão vegano,4.0,4.0,4.0,4.0,4.0,8.0,Av. Sensorial,B,2026-01
Benfica,2026-01-13,Café,ESPECIAL,Queijo ,4.0,4.0,4.0,4.0,4.0,8.0,Av. Sensorial,B,2026-01
Benfica,2026-01-13,Café,ESPECIAL VEG,Granola,4.0,4.0,4.0,4.0,4.0,8.0,Av. Sensorial,B,2026-01
Pici 2,2026-01-13,Café,ESPECIAL,Queijo ,4.0,4.0,4.0,4.0,4.0,8.0,Av. Sensorial,P2,2026-01
Pici 2,2026-01-13,Café,ESPECIAL VEG,Granola,4.0,4.0,4.0,4.0,4.0,8.0,Av. Sensorial,P2,2026-01
Pici 2,2026-01-13,Almoço,PV,Cubo suíno acebolado,4.0,4.0,4.0,4.0,4.0,8.0,Av. Sensorial,P2,2026-01
Pici 2,2026-01-13,Almoço,PB,Creme de Frango,4.0,3.0,3.0,4.0,4.0,7.0,Av. Sensorial,P2,2026-01
Pici 2,2026-01-13,Almoço,VEG,Refogado de Lentilha,4.0,4.0,4.0,4.0,4.0,8.0,Av. Sensorial,P2,2026-01
Porangabussu,2026-01-13,Almoço,PV,Cubo suíno acebolado,4.0,4.0,4.0,4.0,4.0,8.0,Av. Sensorial,PO,2026-01
Porangabussu,2026-01-13,Almoço,PB,Creme de Frango,4.0,4.0,4.0,4.0,4.0,8.0,Av. Sensorial,PO,2026-01
Porangabussu,2026-01-13,Almoço,VEG,Refogado de Lentilha,4.0,4.0,4.0,4.0,4.0,8.0,Av. Sensorial,PO,2026-01
Porangabussu,2026-01-13,Almoço,PV,Cubo suíno acebolado,4.0,4.0,4.0,4.0,4.0,8.0,Av. Sensorial,PO,2026-01
Porangabussu,2026-01-13,Almoço,PB,Creme de Frango,4.0,4.0,4.0,4.0,4.0,8.0,Av. Sensorial,PO,2026-01
Porangabussu,2026-01-13,Almoço,VEG,Refogado de Lentilha,3.0,3.0,3.0,4.0,3.0,6.2,Av. Sensorial,PO,2026-01
Pici 1,2026-01-13,Almoço,PV,Cubo suíno acebolado,4.0,3.0,4.0,4.0,3.0,7.2,Av. Sensorial,P1,2026-01
Pici 1,2026-01-13,Almoço,PB,Creme de Frango,4.0,4.0,3.0,4.0,4.0,7.6,Av. Sensorial,P1,2026-01
Pici 1,2026-01-13,Almoço,VEG,Refogado de Lentilha,4.0,4.0,4.0,4.0,4.0,8.0,Av. Sensorial,P1,2026-01
Pici 1,2026-01-13,Almoço,PV,Cubo suíno acebolado,4.0,3.0,4.0,4.0,4.0,7.4,Av. Sensorial,P1,2026-01
Pici 1,2026-01-13,Almoço,PB,Creme de Frango,4.0,4.0,3.0,4.0,4.0,7.6,Av. Sensorial,P1,2026-01
Pici 1,2026-01-13,Almoço,VEG,Refogado de Lentilha,4.0,4.0,4.0,4.0,4.0,8.0,Av. Sensorial,P1,2026-01
Benfica,2026-01-13,Almoço,PV,Cubo suíno acebolado,4.0,4.0,4.0,4.0,4.0,8.0,Av. Sensorial,B,2026-01
Benfica,2026-01-13,Almoço,PB,Creme de Frango,4.0,4.0,4.0,4.0,4.0,8.0,Av. Sensorial,B,2026-01
Benfica,2026-01-13,Almoço,VEG,Refogado de Lentilha,4.0,4.0,4.0,4.0,4.0,8.0,Av. Sensorial,B,2026-01
Porangabussu,2026-01-14,Almoço,PV,Feijoada,4.0,4.0,4.0,4.0,4.0,8.0,Av. Sensorial,PO,2026-01
Porangabussu,2026-01-14,Almoço,PB,Sobrecoxa com Gergelim,4.0,4.0,4.0,4.0,4.0,8.0,Av. Sensorial,PO,2026-01
Porangabussu,2026-01-14,Almoço,VEG,Moqueca Vegetariana,4.0,4.0,4.0,4.0,4.0,8.0,Av. Sensorial,PO,2026-01
Porangabussu,2026-01-14,Almoço,PV,Feijoada,4.0,4.0,4.0,4.0,4.0,8.0,Av. Sensorial,PO,2026-01
Porangabussu,2026-01-14,Almoço,PB,Sobrecoxa com Gergelim,4.0,4.0,4.0,4.0,4.0,8.0,Av. Sensorial,PO,2026-01
Porangabussu,2026-01-14,Almoço,VEG,Moqueca Vegetariana,4.0,4.0,4.0,4.0,4.0,8.0,Av. Sensorial,PO,2026-01
Benfica,2026-01-13,Almoço,PV,Cubo suíno acebolado,4.0,4.0,4.0,4.0,4.0,8.0,Av. Sensorial,B,2026-01
Benfica,2026-01-13,Almoço,PB,Creme de Frango,3.0,3.0,4.0,4.0,4.0,6.8,Av. Sensorial,B,2026-01
Benfica,2026-01-13,Almoço,VEG,Refogado de Lentilha,4.0,3.0,4.0,4.0,4.0,7.6,Av. Sensorial,B,2026-01
Pici 1,2026-01-13,Jantar,PB,Sobrecoxa Desossada,4.0,4.0,4.0,4.0,4.0,8.0,Av. Sensorial,P1,2026-01
Pici 1,2026-01-13,Jantar,VEG,Hambúrguer de Soja,,,,,,0.0,Av. Sensorial,P1,2026-01
Benfica,2026-01-13,Jantar,PV,Carne Moída à Bolonhesa,4.0,4.0,4.0,4.0,4.0,8.0,Av. Sensorial,B,2026-01
Benfica,2026-01-13,Jantar,PB,Sobrecoxa Desossada,4.0,4.0,4.0,4.0,4.0,8.0,Av. Sensorial,B,2026-01
Benfica,2026-01-13,Jantar,VEG,Hambúrguer de Soja,4.0,4.0,3.0,4.0,4.0,7.4,Av. Sensorial,B,2026-01
Benfica,2026-01-13,Jantar,PV,Carne Moída à Bolonhesa,4.0,4.0,3.0,4.0,4.0,7.6,Av. Sensorial,B,2026-01
Benfica,2026-01-13,Jantar,PB,Sobrecoxa Desossada,4.0,4.0,4.0,4.0,4.0,8.0,Av. Sensorial,B,2026-01
Benfica,2026-01-13,Jantar,VEG,Hambúrguer de Soja,3.0,3.0,4.0,4.0,4.0,7.0,Av. Sensorial,B,2026-01
Benfica,2026-01-14,Café,ESPECIAL,Ovos Mexidos,4.0,4.0,4.0,4.0,4.0,8.0,Av. Sensorial,B,2026-01
Benfica,2026-01-14,Café,ESPECIAL VEG,Pasta de Amendoim,4.0,4.0,4.0,4.0,4.0,8.0,Av. Sensorial,B,2026-01
Pici 2,2026-01-14,Café,ESPECIAL,Ovos Mexidos,4.0,4.0,4.0,4.0,4.0,8.0,Av. Sensorial,P2,2026-01
Pici 2,2026-01-14,Café,ESPECIAL VEG,Pasta de Amendoim,4.0,4.0,4.0,4.0,4.0,8.0,Av. Sensorial,P2,2026-01
Pici 2,2026-01-14,Almoço,PV,Feijoada,4.0,4.0,4.0,4.0,4.0,8.0,Av. Sensorial,P2,2026-01
Pici 2,2026-01-14,Almoço,PB,Sobrecoxa com Gergelim,4.0,4.0,4.0,4.0,4.0,8.0,Av. Sensorial,P2,2026-01
Pici 2,2026-01-14,Almoço,VEG,Moqueca Vegetariana,4.0,4.0,4.0,4.0,4.0,8.0,Av. Sensorial,P2,2026-01
Benfica,2026-01-14,Almoço,PV,Feijoada,3.0,4.0,4.0,4.0,4.0,7.4,Av. Sensorial,B,2026-01
Benfica,2026-01-14,Almoço,PB,Sobrecoxa com Gergelim,4.0,4.0,4.0,4.0,4.0,8.0,Av. Sensorial,B,2026-01
Benfica,2026-01-14,Almoço,VEG,Moqueca Vegetariana,4.0,4.0,4.0,4.0,4.0,8.0,Av. Sensorial,B,2026-01
Benfica,2026-01-14,Almoço,PV,Feijoada,3.0,4.0,4.0,4.0,4.0,7.4,Av. Sensorial,B,2026-01
Benfica,2026-01-14,Almoço,PB,Sobrecoxa com Gergelim,4.0,4.0,4.0,4.0,4.0,8.0,Av. Sensorial,B,2026-01
Benfica,2026-01-14,Almoço,VEG,Moqueca Vegetariana,4.0,4.0,4.0,4.0,4.0,8.0,Av. Sensorial,B,2026-01
Benfica,2026-01-14,Jantar,PV,Suíno ao M. Escuro,3.0,4.0,4.0,4.0,4.0,7.4,Av. Sensorial,B,2026-01
Benfica,2026-01-14,Jantar,PB,Isca de Frango Acebolado,4.0,4.0,4.0,4.0,4.0,8.0,Av. Sensorial,B,2026-01
Benfica,2026-01-14,Jantar,VEG,Panqueca Vegana ao Molho Branco,4.0,4.0,4.0,4.0,4.0,8.0,Av. Sensorial,B,2026-01
Benfica,2026-01-14,Jantar,PV,Suíno ao M. Escuro,3.0,3.0,4.0,4.0,4.0,6.8,Av. Sensorial,B,2026-01
Benfica,2026-01-14,Jantar,PB,Isca de Frango Acebolado,3.0,3.0,4.0,4.0,4.0,6.8,Av. Sensorial,B,2026-01
Benfica,2026-01-14,Jantar,VEG,Panqueca Vegana ao Molho Branco,3.0,4.0,4.0,4.0,4.0,7.4,Av. Sensorial,B,2026-01
Benfica,2026-01-15,Café,ESPECIAL,Iogurte ,4.0,4.0,4.0,4.0,4.0,8.0,Av. Sensorial,B,2026-01
Benfica,2026-01-15,Café,ESPECIAL VEG,Similar a Iogurte Vegano,4.0,4.0,4.0,4.0,4.0,8.0,Av. Sensorial,B,2026-01
Pici 2,2026-01-15,Café,ESPECIAL,Iogurte ,4.0,4.0,4.0,4.0,4.0,8.0,Av. Sensorial,P2,2026-01
Pici 2,2026-01-15,Café,ESPECIAL VEG,Similar a Iogurte Vegano,4.0,4.0,4.0,4.0,4.0,8.0,Av. Sensorial,P2,2026-01
Pici 2,2026-01-15,Almoço,PV,Carne Moída Refogada,4.0,4.0,4.0,4.0,4.0,8.0,Av. Sensorial,P2,2026-01
Pici 2,2026-01-15,Almoço,PB,Cubos de Frango ao M. Tropical ,4.0,4.0,4.0,4.0,4.0,8.0,Av. Sensorial,P2,2026-01
Pici 2,2026-01-15,Almoço,VEG,Soja Tropical,4.0,4.0,4.0,4.0,4.0,8.0,Av. Sensorial,P2,2026-01
Porangabussu,2026-01-15,Almoço,PV,Carne Moída Refogada,4.0,4.0,4.0,4.0,4.0,8.0,Av. Sensorial,PO,2026-01
Porangabussu,2026-01-15,Almoço,PB,Cubos de Frango ao M. Tropical ,4.0,4.0,4.0,4.0,4.0,8.0,Av. Sensorial,PO,2026-01
Porangabussu,2026-01-15,Almoço,VEG,Soja Tropical,4.0,4.0,4.0,4.0,4.0,8.0,Av. Sensorial,PO,2026-01
Porangabussu,2026-01-15,Almoço,PV,Carne Moída Refogada,4.0,4.0,4.0,4.0,4.0,8.0,Av. Sensorial,PO,2026-01
Porangabussu,2026-01-15,Almoço,PB,Cubos de Frango ao M. Tropical ,4.0,4.0,4.0,4.0,4.0,8.0,Av. Sensorial,PO,2026-01
Porangabussu,2026-01-15,Almoço,VEG,Soja Tropical,4.0,4.0,4.0,4.0,4.0,8.0,Av. Sensorial,PO,2026-01
Benfica,2026-01-15,Almoço,PV,Carne Moída Refogada,4.0,4.0,4.0,4.0,4.0,8.0,Av. Sensorial,B,2026-01
Benfica,2026-01-15,Almoço,PB,Cubos de Frango ao M. Tropical ,4.0,4.0,4.0,4.0,4.0,8.0,Av. Sensorial,B,2026-01
Benfica,2026-01-15,Almoço,VEG,Soja Tropical,4.0,4.0,4.0,4.0,4.0,8.0,Av. Sensorial,B,2026-01
Benfica,2026-01-15,Almoço,PV,Carne Moída Refogada,4.0,4.0,4.0,4.0,4.0,8.0,Av. Sensorial,B,2026-01
Benfica,2026-01-15,Almoço,PB,Cubos de Frango ao M. Tropical ,4.0,4.0,4.0,4.0,4.0,8.0,Av. Sensorial,B,2026-01
Benfica,2026-01-15,Almoço,VEG,Soja Tropical,4.0,4.0,4.0,4.0,4.0,8.0,Av. Sensorial,B,2026-01
Benfica,2026-01-15,Almoço,PV,Carne Moída Refogada,4.0,4.0,4.0,4.0,4.0,8.0,Av. Sensorial,B,2026-01
Benfica,2026-01-15,Almoço,PB,Cubos de Frango ao M. Tropical ,4.0,4.0,4.0,4.0,4.0,8.0,Av. Sensorial,B,2026-01
Benfica,2026-01-15,Almoço,VEG,Soja Tropical,4.0,4.0,3.0,4.0,4.0,7.4,Av. Sensorial,B,2026-01
Benfica,2026-01-15,Jantar,PV,Cubos Carne ao M. Madeira,3.0,3.0,4.0,4.0,3.0,6.6,Av. Sensorial,B,2026-01
Benfica,2026-01-15,Jantar,PB,Peixe à Delícia,4.0,4.0,4.0,4.0,4.0,8.0,Av. Sensorial,B,2026-01
Benfica,2026-01-15,Jantar,VEG,Suflê de Legumes,4.0,4.0,4.0,4.0,4.0,8.0,Av. Sensorial,B,2026-01
Pici 2,2026-01-16,Café,ESPECIAL,Frango Desfiado,4.0,4.0,4.0,4.0,4.0,8.0,Av. Sensorial,P2,2026-01
Pici 2,2026-01-16,Café,ESPECIAL VEG,Geleia,4.0,4.0,4.0,4.0,4.0,8.0,Av. Sensorial,P2,2026-01
Pici 2,2026-01-16,Almoço,PV,Carne de Sol Acebolada,4.0,4.0,4.0,4.0,4.0,8.0,Av. Sensorial,P2,2026-01
Pici 2,2026-01-16,Almoço,PB,Sobrecoxa Assada,4.0,4.0,4.0,4.0,4.0,8.0,Av. Sensorial,P2,2026-01
Pici 2,2026-01-16,Almoço,VEG,Assado de Grão de Bico com Legumes,4.0,4.0,4.0,4.0,4.0,8.0,Av. Sensorial,P2,2026-01
Benfica,2026-01-16,Almoço,PV,Carne de Sol Acebolada,4.0,4.0,4.0,4.0,4.0,8.0,Av. Sensorial,B,2026-01
Benfica,2026-01-16,Almoço,PB,Sobrecoxa Assada,3.0,3.0,4.0,4.0,4.0,6.8,Av. Sensorial,B,2026-01
Benfica,2026-01-16,Almoço,VEG,Assado de Grão de Bico com Legumes,4.0,4.0,4.0,4.0,4.0,8.0,Av. Sensorial,B,2026-01
Porangabussu,2026-01-16,Almoço,PV,Carne de Sol Acebolada,4.0,4.0,4.0,4.0,4.0,8.0,Av. Sensorial,PO,2026-01
Porangabussu,2026-01-16,Almoço,PB,Sobrecoxa Assada,4.0,4.0,4.0,4.0,4.0,8.0,Av. Sensorial,PO,2026-01
Porangabussu,2026-01-16,Almoço,VEG,Assado de Grão de Bico com Legumes,4.0,4.0,4.0,4.0,4.0,8.0,Av. Sensorial,PO,2026-01
Porangabussu,2026-01-16,Almoço,PV,Carne de Sol Acebolada,4.0,4.0,4.0,4.0,4.0,8.0,Av. Sensorial,PO,2026-01
Porangabussu,2026-01-16,Almoço,PB,Sobrecoxa Assada,4.0,4.0,4.0,4.0,4.0,8.0,Av. Sensorial,PO,2026-01
Porangabussu,2026-01-16,Almoço,VEG,Assado de Grão de Bico com Legumes,4.0,4.0,3.0,4.0,4.0,7.4,Av. Sensorial,PO,2026-01
Benfica,2026-01-16,Almoço,PV,Carne de Sol Acebolada,4.0,4.0,4.0,4.0,4.0,8.0,Av. Sensorial,B,2026-01
Benfica,2026-01-16,Almoço,PB,Sobrecoxa Assada,4.0,4.0,4.0,4.0,4.0,8.0,Av. Sensorial,B,2026-01
Benfica,2026-01-16,Almoço,VEG,Assado de Grão de Bico com Legumes,4.0,4.0,4.0,4.0,4.0,8.0,Av. Sensorial,B,2026-01
Benfica,2026-01-16,Jantar,PV,Torta de Calabresa,4.0,4.0,3.0,4.0,3.0,7.4,Av. Sensorial,B,2026-01
Benfica,2026-01-16,Jantar,PB,Cubos de Frango ao M. Escuro,4.0,4.0,3.0,4.0,3.0,7.4,Av. Sensorial,B,2026-01
Benfica,2026-01-16,Jantar,VEG,Torta de Legumes,4.0,4.0,4.0,4.0,4.0,8.0,Av. Sensorial,B,2026-01
Benfica,2026-01-16,Jantar,PV,Torta de Calabresa,4.0,4.0,3.0,4.0,4.0,7.6,Av. Sensorial,B,2026-01
Benfica,2026-01-16,,PB,#N/A,4.0,4.0,4.0,4.0,4.0,8.0,Av. Sensorial,B,2026-01
Benfica,2026-01-16,,VEG,#N/A,4.0,4.0,4.0,4.0,4.0,8.0,Av. Sensorial,B,2026-01
Pici 1,2026-01-16,Jantar,PV,Torta de Calabresa,4.0,4.0,3.0,4.0,4.0,7.6,Av. Sensorial,P1,2026-01
Pici 1,2026-01-16,Jantar,PB,Cubos de Frango ao M. Escuro,4.0,4.0,3.0,4.0,3.0,7.4,Av. Sensorial,P1,2026-01
Pici 1,2026-01-16,Jantar,VEG,Torta de Legumes,4.0,4.0,4.0,4.0,4.0,8.0,Av. Sensorial,P1,2026-01
Pici 2,2026-01-19,Café,ESPECIAL,Mingau ,4.0,4.0,4.0,4.0,4.0,8.0,Av. Sensorial,P2,2026-01
Pici 2,2026-01-19,Café,ESPECIAL VEG,Achocolatado vegano ,4.0,4.0,4.0,4.0,4.0,8.0,Av. Sensorial,P2,2026-01
Benfica,2026-01-19,Café,ESPECIAL,Mingau ,4.0,4.0,4.0,4.0,4.0,8.0,Av. Sensorial,B,2026-01
Benfica,2026-01-19,Café,ESPECIAL VEG,Achocolatado vegano ,4.0,4.0,4.0,4.0,4.0,8.0,Av. Sensorial,B,2026-01
Pici 2,2026-01-19,Almoço,PV,Cozido Nordestino,3.0,2.0,2.0,4.0,2.0,5.0,Av. Sensorial,P2,2026-01
Pici 2,2026-01-19,Almoço,PB,Isca de Frango Acebolado,3.0,3.0,3.0,4.0,3.0,6.2,Av. Sensorial,P2,2026-01
Benfica,2026-01-19,Almoço,PV,Cozido Nordestino,3.0,3.0,4.0,4.0,3.0,6.6,Av. Sensorial,B,2026-01
Benfica,2026-01-19,Almoço,PB,Isca de Frango Acebolado,3.0,4.0,4.0,4.0,4.0,7.4,Av. Sensorial,B,2026-01
Benfica,2026-01-19,Almoço,VEG,Soja Nordestina,4.0,4.0,4.0,4.0,4.0,8.0,Av. Sensorial,B,2026-01
Labomar,2026-01-19,Almoço,PV,Cozido Nordestino,3.0,2.0,3.0,3.0,3.0,5.4,Av. Sensorial,L,2026-01
Labomar,2026-01-19,Almoço,PB,Isca de Frango Acebolado,3.0,3.0,3.0,3.0,3.0,6.0,Av. Sensorial,L,2026-01
Labomar,2026-01-19,Almoço,VEG,Soja Nordestina,4.0,4.0,4.0,4.0,4.0,8.0,Av. Sensorial,L,2026-01
Benfica,2026-01-19,Almoço,PV,Cozido Nordestino,2.0,4.0,4.0,4.0,3.0,6.6,Av. Sensorial,B,2026-01
Benfica,2026-01-19,Almoço,PB,Isca de Frango Acebolado,4.0,4.0,4.0,4.0,4.0,8.0,Av. Sensorial,B,2026-01
Benfica,2026-01-19,Almoço,VEG,Soja Nordestina,4.0,4.0,4.0,4.0,4.0,8.0,Av. Sensorial,B,2026-01
Pici 2,2026-01-19,Almoço,PV,Cozido Nordestino,3.0,3.0,4.0,4.0,3.0,6.6,Av. Sensorial,P2,2026-01
Pici 2,2026-01-19,Almoço,PB,Isca de Frango Acebolado,4.0,4.0,4.0,4.0,4.0,8.0,Av. Sensorial,P2,2026-01
Pici 2,2026-01-19,Almoço,VEG,Soja Nordestina,4.0,4.0,4.0,4.0,4.0,8.0,Av. Sensorial,P2,2026-01
Pici 1,2026-01-19,Almoço,PV,Cozido Nordestino,3.0,3.0,3.0,4.0,3.0,6.2,Av. Sensorial,P1,2026-01
Pici 1,2026-01-19,Almoço,PB,Isca de Frango Acebolado,3.0,3.0,4.0,4.0,4.0,6.8,Av. Sensorial,P1,2026-01
Pici 1,2026-01-19,Almoço,VEG,Soja Nordestina,4.0,4.0,4.0,4.0,4.0,8.0,Av. Sensorial,P1,2026-01
Pici 1,2026-01-19,Jantar,PB,Sobrecoxa ao M. de Ervas,4.0,4.0,4.0,4.0,4.0,8.0,Av. Sensorial,P1,2026-01
Pici 1,2026-01-19,Jantar,VEG,Rocambole de Grão de Bico,4.0,4.0,4.0,4.0,4.0,8.0,Av. Sensorial,P1,2026-01
Benfica,2026-01-19,Jantar,PV,Isca de Carne Acebolada,4.0,3.0,4.0,4.0,3.0,7.2,Av. Sensorial,B,2026-01
Benfica,2026-01-19,Jantar,PB,Sobrecoxa ao M. de Ervas,4.0,4.0,4.0,4.0,4.0,8.0,Av. Sensorial,B,2026-01
Benfica,2026-01-19,Jantar,VEG,Rocambole de Grão de Bico,4.0,4.0,4.0,4.0,4.0,8.0,Av. Sensorial,B,2026-01
Benfica,2026-01-19,Jantar,PV,Isca de Carne Acebolada,4.0,3.0,4.0,4.0,4.0,7.4,Av. Sensorial,B,2026-01
Benfica,2026-01-19,Jantar,PB,Sobrecoxa ao M. de Ervas,4.0,4.0,4.0,4.0,4.0,8.0,Av. Sensorial,B,2026-01
Benfica,2026-01-19,Jantar,VEG,Rocambole de Grão de Bico,4.0,4.0,4.0,4.0,4.0,8.0,Av. Sensorial,B,2026-01
Benfica,2026-01-20,Café,ESPECIAL,Queijo ,4.0,4.0,4.0,4.0,4.0,8.0,Av. Sensorial,B,2026-01
Benfica,2026-01-20,Café,ESPECIAL VEG,Granola,4.0,4.0,4.0,4.0,4.0,8.0,Av. Sensorial,B,2026-01
Pici 2,2026-01-20,Café,ESPECIAL,Queijo ,4.0,4.0,4.0,4.0,4.0,8.0,Av. Sensorial,P2,2026-01
Pici 2,2026-01-20,Café,ESPECIAL VEG,Granola,4.0,4.0,4.0,4.0,4.0,8.0,Av. Sensorial,P2,2026-01
Pici 2,2026-01-20,Almoço,PV,Cubos Suíno ao molho barbecue,3.0,4.0,4.0,4.0,4.0,7.4,Av. Sensorial,P2,2026-01
Pici 2,2026-01-20,Almoço,PB,Vatapá de Frango,4.0,4.0,4.0,4.0,4.0,8.0,Av. Sensorial,P2,2026-01
Pici 2,2026-01-20,Almoço,VEG,Jardineira de Lentilha,4.0,3.0,4.0,4.0,4.0,7.6,Av. Sensorial,P2,2026-01
Porangabussu,2026-01-19,Almoço,PV,Cozido Nordestino,3.0,2.0,3.0,4.0,3.0,5.6,Av. Sensorial,PO,2026-01
Porangabussu,2026-01-19,Almoço,PB,Isca de Frango Acebolado,3.0,3.0,4.0,4.0,3.0,6.6,Av. Sensorial,PO,2026-01
Porangabussu,2026-01-19,Almoço,VEG,Soja Nordestina,4.0,4.0,4.0,4.0,4.0,8.0,Av. Sensorial,PO,2026-01
Porangabussu,2026-01-20,Almoço,PV,Cubos Suíno ao molho barbecue,4.0,4.0,4.0,4.0,4.0,8.0,Av. Sensorial,PO,2026-01
Porangabussu,2026-01-20,Almoço,PB,Vatapá de Frango,4.0,4.0,4.0,4.0,4.0,8.0,Av. Sensorial,PO,2026-01
Porangabussu,2026-01-20,Almoço,VEG,Jardineira de Lentilha,4.0,4.0,4.0,4.0,4.0,8.0,Av. Sensorial,PO,2026-01
Porangabussu,2026-01-20,Almoço,PV,Cubos Suíno ao molho barbecue,4.0,4.0,3.0,4.0,4.0,7.6,Av. Sensorial,PO,2026-01
Porangabussu,2026-01-20,Almoço,PB,Vatapá de Frango,4.0,4.0,4.0,4.0,4.0,8.0,Av. Sensorial,PO,2026-01
Porangabussu,2026-01-20,Almoço,VEG,Jardineira de Lentilha,3.0,3.0,3.0,4.0,3.0,6.2,Av. Sensorial,PO,2026-01
Pici 2,2026-01-20,Café,ESPECIAL,Queijo ,4.0,4.0,4.0,4.0,4.0,8.0,Av. Sensorial,P2,2026-01
Pici 2,2026-01-20,Almoço,PV,Cubos Suíno ao molho barbecue,4.0,3.0,4.0,4.0,4.0,7.4,Av. Sensorial,P2,2026-01
Pici 2,2026-01-20,Almoço,PB,Vatapá de Frango,4.0,4.0,4.0,4.0,4.0,8.0,Av. Sensorial,P2,2026-01
Pici 2,2026-01-20,Almoço,VEG,Jardineira de Lentilha,4.0,3.0,3.0,4.0,3.0,6.8,Av. Sensorial,P2,2026-01
Labomar,2026-01-20,Almoço,PV,Cubos Suíno ao molho barbecue,4.0,3.0,4.0,4.0,4.0,7.4,Av. Sensorial,L,2026-01
Labomar,2026-01-20,Almoço,PB,Vatapá de Frango,4.0,4.0,4.0,4.0,4.0,8.0,Av. Sensorial,L,2026-01
Labomar,2026-01-20,Almoço,VEG,Jardineira de Lentilha,4.0,3.0,4.0,4.0,4.0,7.6,Av. Sensorial,L,2026-01
Benfica,2026-01-20,Almoço,PV,Cubos Suíno ao molho barbecue,3.0,4.0,4.0,4.0,4.0,7.4,Av. Sensorial,B,2026-01
Benfica,2026-01-20,Almoço,PB,Vatapá de Frango,4.0,4.0,4.0,4.0,4.0,8.0,Av. Sensorial,B,2026-01
Benfica,2026-01-20,Almoço,VEG,Jardineira de Lentilha,4.0,4.0,4.0,4.0,4.0,8.0,Av. Sensorial,B,2026-01
Pici 1,2026-01-20,Almoço,PB,Vatapá de Frango,4.0,4.0,4.0,4.0,4.0,8.0,Av. Sensorial,P1,2026-01
Pici 1,2026-01-20,Almoço,VEG,Jardineira de Lentilha,4.0,3.0,3.0,4.0,3.0,6.8,Av. Sensorial,P1,2026-01
Benfica,2026-01-20,Almoço,PV,Cubos Suíno ao molho barbecue,3.0,3.0,4.0,4.0,4.0,6.8,Av. Sensorial,B,2026-01
Benfica,2026-01-20,Almoço,PB,Vatapá de Frango,4.0,4.0,4.0,4.0,4.0,8.0,Av. Sensorial,B,2026-01
Benfica,2026-01-20,Almoço,VEG,Jardineira de Lentilha,4.0,4.0,4.0,4.0,4.0,8.0,Av. Sensorial,B,2026-01
Benfica,2026-01-20,Jantar,PV,Carne Moída Refogada,3.0,4.0,4.0,4.0,4.0,7.4,Av. Sensorial,B,2026-01
Benfica,2026-01-20,Jantar,PB,Cubos de Frango Acebolado,4.0,4.0,4.0,4.0,4.0,8.0,Av. Sensorial,B,2026-01
Benfica,2026-01-20,Jantar,VEG,Soja Tropical,4.0,4.0,4.0,4.0,4.0,8.0,Av. Sensorial,B,2026-01
Benfica,2026-01-20,Almoço,PV,Cubos Suíno ao molho barbecue,4.0,4.0,4.0,4.0,4.0,8.0,Av. Sensorial,B,2026-01
Benfica,2026-01-20,Almoço,PB,Vatapá de Frango,4.0,4.0,5.0,4.0,4.0,8.4,Av. Sensorial,B,2026-01
Benfica,2026-01-20,Almoço,VEG,Jardineira de Lentilha,4.0,4.0,3.0,4.0,4.0,7.4,Av. Sensorial,B,2026-01
Benfica,2026-01-21,Café,ESPECIAL,Ovos Mexidos,4.0,4.0,4.0,4.0,4.0,8.0,Av. Sensorial,B,2026-01
Benfica,2026-01-21,Café,ESPECIAL VEG,Pasta de Amendoim,4.0,4.0,4.0,4.0,4.0,8.0,Av. Sensorial,B,2026-01
Porangabussu,2026-01-21,Almoço,PV,Feijoada,4.0,4.0,4.0,4.0,4.0,8.0,Av. Sensorial,PO,2026-01
Porangabussu,2026-01-21,Almoço,PB,Cubos de Frango com Ervas,3.0,4.0,3.0,4.0,4.0,7.0,Av. Sensorial,PO,2026-01
Porangabussu,2026-01-21,Almoço,VEG,Feijoada Vegetariana,4.0,4.0,4.0,4.0,4.0,8.0,Av. Sensorial,PO,2026-01
Porangabussu,2026-01-21,Almoço,PV,Feijoada,4.0,4.0,4.0,4.0,4.0,8.0,Av. Sensorial,PO,2026-01
Porangabussu,2026-01-21,Almoço,PB,Cubos de Frango com Ervas,4.0,4.0,4.0,4.0,4.0,8.0,Av. Sensorial,PO,2026-01
Porangabussu,2026-01-21,Almoço,VEG,Feijoada Vegetariana,4.0,4.0,3.0,4.0,4.0,7.4,Av. Sensorial,PO,2026-01
Pici 2,2026-01-21,Café,ESPECIAL,Ovos Mexidos,4.0,4.0,4.0,4.0,4.0,8.0,Av. Sensorial,P2,2026-01
Pici 2,2026-01-21,Café,ESPECIAL VEG,Pasta de Amendoim,4.0,4.0,4.0,4.0,4.0,8.0,Av. Sensorial,P2,2026-01
Pici 2,2026-01-21,Almoço,PV,Feijoada,4.0,4.0,4.0,4.0,4.0,8.0,Av. Sensorial,P2,2026-01
Pici 2,2026-01-21,Almoço,PB,Cubos de Frango com Ervas,4.0,3.0,4.0,4.0,4.0,7.4,Av. Sensorial,P2,2026-01
Pici 2,2026-01-21,Almoço,VEG,Feijoada Vegetariana,4.0,4.0,4.0,4.0,4.0,8.0,Av. Sensorial,P2,2026-01
Pici 2,2026-01-21,Café,ESPECIAL,Ovos Mexidos,4.0,4.0,4.0,4.0,4.0,8.0,Av. Sensorial,P2,2026-01
Pici 2,2026-01-21,Almoço,PV,Feijoada,4.0,4.0,4.0,4.0,4.0,8.0,Av. Sensorial,P2,2026-01
Pici 2,2026-01-21,Almoço,PB,Cubos de Frango com Ervas,4.0,3.0,3.0,4.0,4.0,7.0,Av. Sensorial,P2,2026-01
Pici 1,2026-01-21,Almoço,PB,Cubos de Frango com Ervas,3.0,4.0,4.0,4.0,4.0,7.4,Av. Sensorial,P1,2026-01
Pici 1,2026-01-21,Almoço,VEG,Feijoada Vegetariana,3.0,3.0,4.0,4.0,4.0,7.0,Av. Sensorial,P1,2026-01
Pici 1,2026-01-21,Almoço,PV,Feijoada,4.0,4.0,4.0,4.0,4.0,8.0,Av. Sensorial,P1,2026-01
Pici 1,2026-01-21,Almoço,PB,Cubos de Frango com Ervas,4.0,4.0,4.0,4.0,4.0,8.0,Av. Sensorial,P1,2026-01
Pici 1,2026-01-21,Almoço,VEG,Feijoada Vegetariana,3.0,4.0,4.0,4.0,4.0,7.4,Av. Sensorial,P1,2026-01
Benfica,2026-01-21,Almoço,PV,Feijoada,4.0,4.0,4.0,4.0,4.0,8.0,Av. Sensorial,B,2026-01
Benfica,2026-01-21,Almoço,PB,Cubos de Frango com Ervas,4.0,4.0,4.0,4.0,4.0,8.0,Av. Sensorial,B,2026-01
Benfica,2026-01-21,Almoço,VEG,Feijoada Vegetariana,3.0,4.0,3.0,4.0,4.0,6.8,Av. Sensorial,B,2026-01
Benfica,2026-01-21,Almoço,PV,Feijoada,4.0,4.0,4.0,4.0,4.0,8.0,Av. Sensorial,B,2026-01
Benfica,2026-01-21,Almoço,PB,Cubos de Frango com Ervas,3.0,4.0,3.0,4.0,4.0,7.0,Av. Sensorial,B,2026-01
Benfica,2026-01-21,Almoço,VEG,Feijoada Vegetariana,4.0,4.0,4.0,4.0,4.0,8.0,Av. Sensorial,B,2026-01
Pici 1,2026-01-21,Jantar,PB,Sobrecoxa Assada,4.0,4.0,4.0,4.0,4.0,8.0,Av. Sensorial,P1,2026-01
Pici 1,2026-01-21,Jantar,VEG,Bobó de Legumes,4.0,4.0,4.0,4.0,4.0,8.0,Av. Sensorial,P1,2026-01
Benfica,2026-01-21,Jantar,PV,Picadinho com Legumes,3.0,3.0,4.0,4.0,3.0,6.6,Av. Sensorial,B,2026-01
Benfica,2026-01-21,Jantar,PB,Sobrecoxa Assada,4.0,4.0,4.0,4.0,4.0,8.0,Av. Sensorial,B,2026-01
Benfica,2026-01-21,Jantar,VEG,Bobó de Legumes,4.0,4.0,4.0,4.0,4.0,8.0,Av. Sensorial,B,2026-01
Benfica,2026-01-22,Café,ESPECIAL,Iogurte ,4.0,4.0,4.0,4.0,4.0,8.0,Av. Sensorial,B,2026-01
Benfica,2026-01-22,Café,ESPECIAL VEG,Similar a Iogurte Vegano,4.0,4.0,4.0,4.0,4.0,8.0,Av. Sensorial,B,2026-01
Benfica,2026-01-22,Jantar,PV,Cubo suíno acebolado,,,,,,0.0,Av. Sensorial,B,2026-01
Benfica,2026-01-22,Jantar,PB,Cubos de Frango com Ervas,,,,,,0.0,Av. Sensorial,B,2026-01
Benfica,2026-01-22,Jantar,VEG,Bolo Salgado Vegano,,,,,,0.0,Av. Sensorial,B,2026-01
Pici 2,2026-01-22,Café,ESPECIAL,Iogurte ,4.0,4.0,4.0,4.0,4.0,8.0,Av. Sensorial,P2,2026-01
Pici 2,2026-01-22,Café,ESPECIAL VEG,Similar a Iogurte Vegano,4.0,4.0,4.0,4.0,4.0,8.0,Av. Sensorial,P2,2026-01
Labomar,2026-01-21,Almoço,PV,Feijoada,4.0,4.0,4.0,4.0,4.0,8.0,Av. Sensorial,L,2026-01
Labomar,2026-01-21,Almoço,PB,Cubos de Frango com Ervas,3.0,4.0,3.0,4.0,4.0,7.0,Av. Sensorial,L,2026-01
Labomar,2026-01-21,Almoço,VEG,Feijoada Vegetariana,4.0,4.0,4.0,4.0,4.0,8.0,Av. Sensorial,L,2026-01
Labomar,2026-01-22,Almoço,PV,Assado de Panela,4.0,4.0,4.0,4.0,4.0,8.0,Av. Sensorial,L,2026-01
Labomar,2026-01-22,Almoço,PB,Peixe ao M. de Peixada,4.0,4.0,4.0,4.0,4.0,8.0,Av. Sensorial,L,2026-01
Labomar,2026-01-22,Almoço,VEG,Soja à Bolonhesa,4.0,4.0,4.0,4.0,4.0,8.0,Av. Sensorial,L,2026-01
Pici 1,2026-01-22,Almoço,PB,Peixe ao M. de Peixada,4.0,4.0,4.0,4.0,4.0,8.0,Av. Sensorial,P1,2026-01
Pici 1,2026-01-22,Almoço,VEG,Soja à Bolonhesa,4.0,4.0,4.0,4.0,4.0,8.0,Av. Sensorial,P1,2026-01
Benfica,2026-01-22,Almoço,PV,Assado de Panela,4.0,5.0,5.0,4.0,4.0,9.0,Av. Sensorial,B,2026-01
Benfica,2026-01-22,Almoço,PB,Peixe ao M. de Peixada,5.0,4.0,5.0,4.0,4.0,9.0,Av. Sensorial,B,2026-01
Benfica,2026-01-22,Almoço,VEG,Soja à Bolonhesa,4.0,4.0,4.0,4.0,4.0,8.0,Av. Sensorial,B,2026-01
Porangabussu,2026-01-22,Almoço,PV,Assado de Panela,4.0,5.0,5.0,4.0,4.0,9.0,Av. Sensorial,PO,2026-01
Porangabussu,2026-01-22,Almoço,PB,Peixe ao M. de Peixada,4.0,4.0,5.0,4.0,4.0,8.4,Av. Sensorial,PO,2026-01
Porangabussu,2026-01-22,Almoço,VEG,Soja à Bolonhesa,4.0,4.0,4.0,4.0,4.0,8.0,Av. Sensorial,PO,2026-01
Porangabussu,2026-01-22,Almoço,PV,Assado de Panela,4.0,4.0,4.0,4.0,4.0,8.0,Av. Sensorial,PO,2026-01
Porangabussu,2026-01-22,Almoço,PB,Peixe ao M. de Peixada,4.0,4.0,4.0,4.0,4.0,8.0,Av. Sensorial,PO,2026-01
Porangabussu,2026-01-22,Almoço,VEG,Soja à Bolonhesa,4.0,4.0,4.0,4.0,4.0,8.0,Av. Sensorial,PO,2026-01
Pici 2,2026-01-22,Almoço,PV,Assado de Panela,4.0,4.0,4.0,4.0,4.0,8.0,Av. Sensorial,P2,2026-01
Pici 2,2026-01-22,Almoço,PB,Peixe ao M. de Peixada,4.0,4.0,4.0,4.0,4.0,8.0,Av. Sensorial,P2,2026-01
Pici 2,2026-01-22,Almoço,VEG,Soja à Bolonhesa,4.0,4.0,4.0,4.0,4.0,8.0,Av. Sensorial,P2,2026-01
Pici 2,2026-01-22,Almoço,PV,Assado de Panela,4.0,4.0,4.0,4.0,4.0,8.0,Av. Sensorial,P2,2026-01
Pici 2,2026-01-22,Almoço,PB,Peixe ao M. de Peixada,4.0,4.0,4.0,4.0,4.0,8.0,Av. Sensorial,P2,2026-01
Benfica,2026-01-22,Almoço,PV,Assado de Panela,4.0,4.0,4.0,4.0,4.0,8.0,Av. Sensorial,B,2026-01
Benfica,2026-01-22,Almoço,PB,Peixe ao M. de Peixada,4.0,4.0,4.0,4.0,4.0,8.0,Av. Sensorial,B,2026-01
Benfica,2026-01-22,Almoço,VEG,Soja à Bolonhesa,4.0,4.0,4.0,4.0,4.0,8.0,Av. Sensorial,B,2026-01
Pici 1,2026-01-22,Jantar,PB,Cubos de Frango com Ervas,3.0,3.0,4.0,4.0,3.0,6.6,Av. Sensorial,P1,2026-01
Pici 1,2026-01-22,Jantar,VEG,Bolo Salgado Vegano,4.0,4.0,4.0,4.0,4.0,8.0,Av. Sensorial,P1,2026-01
Benfica,2026-01-22,Jantar,PV,Cubo suíno acebolado,4.0,3.0,4.0,4.0,4.0,7.4,Av. Sensorial,B,2026-01
Benfica,2026-01-22,Jantar,PB,Cubos de Frango com Ervas,4.0,4.0,4.0,4.0,4.0,8.0,Av. Sensorial,B,2026-01
Benfica,2026-01-22,Jantar,VEG,Bolo Salgado Vegano,4.0,4.0,4.0,4.0,4.0,8.0,Av. Sensorial,B,2026-01
Benfica,2026-01-23,Café,ESPECIAL,Frango Desfiado,4.0,4.0,4.0,4.0,4.0,8.0,Av. Sensorial,B,2026-01
Benfica,2026-01-23,Café,ESPECIAL VEG,Geleia,4.0,4.0,4.0,4.0,4.0,8.0,Av. Sensorial,B,2026-01
Pici 1,2026-01-23,Café,ESPECIAL,Frango Desfiado,4.0,4.0,4.0,4.0,4.0,8.0,Av. Sensorial,P1,2026-01
Pici 1,2026-01-23,Café,ESPECIAL,Frango Desfiado,4.0,4.0,4.0,4.0,4.0,8.0,Av. Sensorial,P1,2026-01
Pici 1,2026-01-23,Café,ESPECIAL VEG,Geleia,4.0,4.0,4.0,4.0,4.0,8.0,Av. Sensorial,P1,2026-01
Benfica,2026-01-23,Almoço,PV,Picadinho de Carne com Legumes,3.0,4.0,4.0,4.0,4.0,7.4,Av. Sensorial,B,2026-01
Benfica,2026-01-23,Almoço,PB,Isca de Frango ao Molho,4.0,4.0,4.0,4.0,4.0,8.0,Av. Sensorial,B,2026-01
Benfica,2026-01-23,Almoço,VEG,Refogado  de Soja,4.0,4.0,5.0,4.0,4.0,8.6,Av. Sensorial,B,2026-01
Porangabussu,2026-01-23,Almoço,PV,Picadinho de Carne com Legumes,4.0,4.0,4.0,4.0,4.0,8.0,Av. Sensorial,PO,2026-01
Porangabussu,2026-01-23,Almoço,PB,Isca de Frango ao Molho,2.0,4.0,1.0,4.0,2.0,5.2,Av. Sensorial,PO,2026-01
Porangabussu,2026-01-23,Almoço,VEG,Refogado  de Soja,4.0,4.0,2.0,4.0,3.0,6.6,Av. Sensorial,PO,2026-01
Porangabussu,2026-01-23,Almoço,PV,Picadinho de Carne com Legumes,3.0,3.0,3.0,4.0,3.0,6.2,Av. Sensorial,PO,2026-01
Porangabussu,2026-01-23,Almoço,PB,Isca de Frango ao Molho,3.0,3.0,3.0,4.0,3.0,6.2,Av. Sensorial,PO,2026-01
Porangabussu,2026-01-23,Almoço,VEG,Refogado  de Soja,3.0,3.0,3.0,4.0,3.0,6.2,Av. Sensorial,PO,2026-01
Pici 1,2026-01-23,Almoço,PB,Isca de Frango ao Molho,4.0,4.0,4.0,4.0,4.0,8.0,Av. Sensorial,P1,2026-01
Pici 1,2026-01-23,Almoço,VEG,Refogado  de Soja,4.0,4.0,4.0,4.0,4.0,8.0,Av. Sensorial,P1,2026-01
Benfica,2026-01-23,Almoço,PV,Picadinho de Carne com Legumes,4.0,4.0,4.0,4.0,4.0,8.0,Av. Sensorial,B,2026-01
Benfica,2026-01-23,Almoço,PB,Isca de Frango ao Molho,4.0,4.0,4.0,4.0,4.0,8.0,Av. Sensorial,B,2026-01
Benfica,2026-01-23,Almoço,VEG,Refogado  de Soja,4.0,4.0,4.0,4.0,4.0,8.0,Av. Sensorial,B,2026-01
Benfica,2026-01-23,Jantar,PV,Lasanha de Calabresa,4.0,4.0,4.0,4.0,4.0,8.0,Av. Sensorial,B,2026-01
Benfica,2026-01-23,Jantar,PB,Sobrecoxa Assada,4.0,4.0,4.0,4.0,4.0,8.0,Av. Sensorial,B,2026-01
Benfica,2026-01-23,Jantar,VEG,Lasanha de Brócolis,4.0,4.0,4.0,4.0,4.0,8.0,Av. Sensorial,B,2026-01
Benfica,2026-01-23,Jantar,PV,Lasanha de Calabresa,4.0,4.0,3.0,4.0,4.0,7.6,Av. Sensorial,B,2026-01
Benfica,2026-01-23,Jantar,PB,Sobrecoxa Assada,4.0,4.0,4.0,4.0,4.0,8.0,Av. Sensorial,B,2026-01
Benfica,2026-01-23,Jantar,VEG,Lasanha de Brócolis,3.0,4.0,4.0,4.0,4.0,7.4,Av. Sensorial,B,2026-01
Pici 1,2026-01-23,Almoço,PB,Isca de Frango ao Molho,3.0,4.0,3.0,4.0,3.0,6.8,Av. Sensorial,P1,2026-01
Pici 1,2026-01-23,Almoço,VEG,Refogado  de Soja,4.0,4.0,4.0,4.0,4.0,8.0,Av. Sensorial,P1,2026-01
Pici 1,2026-01-23,Jantar,PB,Sobrecoxa Assada,4.0,4.0,4.0,4.0,4.0,8.0,Av. Sensorial,P1,2026-01
Pici 1,2026-01-23,Jantar,VEG,Lasanha de Brócolis,4.0,4.0,4.0,4.0,4.0,8.0,Av. Sensorial,P1,2026-01
Pici 1,2026-01-23,Almoço,PV,Picadinho de Carne com Legumes,4.0,3.0,4.0,4.0,4.0,7.4,Av. Sensorial,P1,2026-01
Pici 1,2026-01-23,Almoço,PB,Isca de Frango ao Molho,4.0,4.0,4.0,4.0,4.0,8.0,Av. Sensorial,P1,2026-01
Pici 1,2026-01-23,Almoço,VEG,Refogado  de Soja,4.0,4.0,4.0,4.0,4.0,8.0,Av. Sensorial,P1,2026-01
Pici 1,2026-01-26,Café,ESPECIAL,Achocolatado,4.0,4.0,4.0,4.0,4.0,8.0,Av. Sensorial,P1,2026-01
Pici 1,2026-01-26,Café,ESPECIAL VEG,Achocolatado vegano ,4.0,4.0,4.0,4.0,4.0,8.0,Av. Sensorial,P1,2026-01
Benfica,2026-01-26,Café,ESPECIAL,Achocolatado,4.0,4.0,4.0,4.0,4.0,8.0,Av. Sensorial,B,2026-01
Benfica,2026-01-26,Café,ESPECIAL VEG,Achocolatado vegano ,4.0,4.0,4.0,4.0,4.0,8.0,Av. Sensorial,B,2026-01
Benfica,2026-01-26,Almoço,PV,Cubos de Carne ao M. Madeira,3.0,3.0,4.0,4.0,4.0,6.8,Av. Sensorial,B,2026-01
Benfica,2026-01-26,Almoço,PB,Sobrecoxa com Gergelim,3.0,3.0,4.0,4.0,4.0,6.8,Av. Sensorial,B,2026-01
Benfica,2026-01-26,Almoço,VEG,Vatapá Vegano,4.0,4.0,4.0,4.0,4.0,8.0,Av. Sensorial,B,2026-01
Pici 1,2026-01-26,Almoço,PB,Sobrecoxa com Gergelim,3.0,3.0,4.0,4.0,3.0,6.6,Av. Sensorial,P1,2026-01
Pici 1,2026-01-26,Almoço,VEG,Vatapá Vegano,4.0,4.0,4.0,4.0,4.0,8.0,Av. Sensorial,P1,2026-01
Pici 1,2026-01-26,Almoço,PB,Sobrecoxa com Gergelim,4.0,4.0,4.0,4.0,4.0,8.0,Av. Sensorial,P1,2026-01
Pici 1,2026-01-26,Almoço,VEG,Vatapá Vegano,4.0,4.0,4.0,4.0,4.0,8.0,Av. Sensorial,P1,2026-01
Porangabussu,2026-01-26,Almoço,PV,Cubos de Carne ao M. Madeira,4.0,2.0,4.0,4.0,4.0,6.8,Av. Sensorial,PO,2026-01
Porangabussu,2026-01-26,Almoço,PB,Sobrecoxa com Gergelim,4.0,4.0,4.0,4.0,4.0,8.0,Av. Sensorial,PO,2026-01
Porangabussu,2026-01-26,Almoço,VEG,Vatapá Vegano,4.0,4.0,4.0,4.0,4.0,8.0,Av. Sensorial,PO,2026-01
Porangabussu,2026-01-26,Almoço,PV,Cubos de Carne ao M. Madeira,4.0,2.0,3.0,4.0,4.0,6.4,Av. Sensorial,PO,2026-01
Porangabussu,2026-01-26,Almoço,PB,Sobrecoxa com Gergelim,4.0,4.0,4.0,4.0,4.0,8.0,Av. Sensorial,PO,2026-01
Porangabussu,2026-01-26,Almoço,VEG,Vatapá Vegano,4.0,4.0,4.0,4.0,4.0,8.0,Av. Sensorial,PO,2026-01
Pici 1,2026-01-26,Almoço,PV,Cubos de Carne ao M. Madeira,3.0,3.0,4.0,4.0,4.0,6.8,Av. Sensorial,P1,2026-01
Pici 1,2026-01-26,Almoço,PB,Sobrecoxa com Gergelim,4.0,4.0,4.0,4.0,4.0,8.0,Av. Sensorial,P1,2026-01
Pici 1,2026-01-26,Almoço,VEG,Vatapá Vegano,4.0,4.0,4.0,4.0,4.0,8.0,Av. Sensorial,P1,2026-01
Pici 1,2026-01-26,Jantar,PB,Cubos de Frango ao M. de Ervas,4.0,4.0,4.0,4.0,4.0,8.0,Av. Sensorial,P1,2026-01
Pici 1,2026-01-26,Jantar,VEG,Estrogonofe de Legumes,4.0,4.0,4.0,4.0,4.0,8.0,Av. Sensorial,P1,2026-01
Benfica,2026-01-26,Almoço,PV,Cubos de Carne ao M. Madeira,3.0,4.0,4.0,4.0,3.0,7.2,Av. Sensorial,B,2026-01
Benfica,2026-01-26,Almoço,PB,Sobrecoxa com Gergelim,3.0,3.0,4.0,4.0,4.0,6.8,Av. Sensorial,B,2026-01
Benfica,2026-01-26,Almoço,VEG,Vatapá Vegano,4.0,4.0,4.0,4.0,4.0,8.0,Av. Sensorial,B,2026-01
Benfica,2026-01-26,Jantar,PV,Suíno à Carioca,4.0,4.0,4.0,4.0,4.0,8.0,Av. Sensorial,B,2026-01
Benfica,2026-01-26,Jantar,PB,Cubos de Frango ao M. de Ervas,4.0,4.0,4.0,4.0,4.0,8.0,Av. Sensorial,B,2026-01
Benfica,2026-01-26,Jantar,VEG,Estrogonofe de Legumes,4.0,4.0,4.0,4.0,4.0,8.0,Av. Sensorial,B,2026-01
Benfica,2026-01-26,Jantar,PV,Suíno à Carioca,4.0,3.0,4.0,4.0,4.0,7.4,Av. Sensorial,B,2026-01
Benfica,2026-01-26,Jantar,PB,Cubos de Frango ao M. de Ervas,4.0,4.0,4.0,4.0,4.0,8.0,Av. Sensorial,B,2026-01
Benfica,2026-01-26,Jantar,VEG,Estrogonofe de Legumes,4.0,4.0,3.0,4.0,4.0,7.4,Av. Sensorial,B,2026-01
Labomar,2026-01-23,Almoço,VEG,Refogado  de Soja,4.0,4.0,4.0,4.0,4.0,8.0,Av. Sensorial,L,2026-01
Labomar,2026-01-23,Almoço,PV,Picadinho de Carne com Legumes,4.0,4.0,4.0,4.0,4.0,8.0,Av. Sensorial,L,2026-01
Labomar,2026-01-23,Almoço,PB,Isca de Frango ao Molho,4.0,4.0,4.0,4.0,4.0,8.0,Av. Sensorial,L,2026-01
Labomar,2026-01-26,Almoço,PV,Cubos de Carne ao M. Madeira,3.0,3.0,4.0,4.0,4.0,6.8,Av. Sensorial,L,2026-01
Labomar,2026-01-26,Almoço,PB,Sobrecoxa com Gergelim,4.0,4.0,4.0,4.0,4.0,8.0,Av. Sensorial,L,2026-01
Labomar,2026-01-26,Almoço,VEG,Vatapá Vegano,4.0,4.0,4.0,4.0,4.0,8.0,Av. Sensorial,L,2026-01
Benfica,2026-01-27,Almoço,PV,Cubos Suíno ao molho barbecue,4.0,4.0,4.0,4.0,4.0,8.0,Av. Sensorial,B,2026-01
Benfica,2026-01-27,Almoço,PB,Isca de Frango Acebolado,4.0,4.0,4.0,4.0,4.0,8.0,Av. Sensorial,B,2026-01
Benfica,2026-01-27,Almoço,VEG,Guisado de Lentilha,4.0,3.0,4.0,4.0,4.0,7.6,Av. Sensorial,B,2026-01
Labomar,2026-01-27,Almoço,PV,Cubos Suíno ao molho barbecue,,,,,,0.0,Av. Sensorial,L,2026-01
Labomar,2026-01-27,Almoço,PB,Isca de Frango Acebolado,,,,,,0.0,Av. Sensorial,L,2026-01
Labomar,2026-01-27,Almoço,VEG,Guisado de Lentilha,,,,,,0.0,Av. Sensorial,L,2026-01
Pici 1,2026-01-27,Café,ESPECIAL,Queijo ,4.0,4.0,4.0,4.0,4.0,8.0,Av. Sensorial,P1,2026-01
Pici 1,2026-01-27,Café,ESPECIAL VEG,Granola,4.0,4.0,4.0,4.0,4.0,8.0,Av. Sensorial,P1,2026-01
Pici 1,2026-01-27,Almoço,PV,Cubos Suíno ao molho barbecue,3.0,4.0,4.0,4.0,4.0,7.4,Av. Sensorial,P1,2026-01
Pici 1,2026-01-27,Almoço,PB,Isca de Frango Acebolado,4.0,3.0,4.0,4.0,4.0,7.4,Av. Sensorial,P1,2026-01
Pici 1,2026-01-27,Almoço,VEG,Guisado de Lentilha,4.0,3.0,4.0,4.0,4.0,7.6,Av. Sensorial,P1,2026-01
Pici 1,2026-01-27,Almoço,PV,Cubos Suíno ao molho barbecue,4.0,3.0,4.0,4.0,4.0,7.4,Av. Sensorial,P1,2026-01
Pici 1,2026-01-27,Almoço,PB,Isca de Frango Acebolado,3.0,3.0,3.0,4.0,3.0,6.2,Av. Sensorial,P1,2026-01
Pici 1,2026-01-27,Almoço,PB,Isca de Frango Acebolado,3.0,3.0,3.0,4.0,3.0,6.2,Av. Sensorial,P1,2026-01
Pici 1,2026-01-27,Almoço,VEG,Guisado de Lentilha,4.0,3.0,4.0,4.0,4.0,7.6,Av. Sensorial,P1,2026-01
Porangabussu,2026-01-27,Almoço,PV,Cubos Suíno ao molho barbecue,,,,,,0.0,Av. Sensorial,PO,2026-01
Porangabussu,2026-01-27,Almoço,PB,Isca de Frango Acebolado,,,,,,0.0,Av. Sensorial,PO,2026-01
Porangabussu,2026-01-27,Almoço,VEG,Guisado de Lentilha,,,,,,0.0,Av. Sensorial,PO,2026-01
Porangabussu,2026-01-27,Almoço,PV,Cubos Suíno ao molho barbecue,3.0,3.0,4.0,4.0,4.0,6.8,Av. Sensorial,PO,2026-01
Porangabussu,2026-01-27,Almoço,PB,Isca de Frango Acebolado,3.0,4.0,4.0,4.0,4.0,7.4,Av. Sensorial,PO,2026-01
Porangabussu,2026-01-27,Almoço,VEG,Guisado de Lentilha,3.0,3.0,3.0,4.0,3.0,6.2,Av. Sensorial,PO,2026-01
Pici 1,2026-01-27,Jantar,PB,Sobrecoxa Desosssada Crocante,4.0,4.0,4.0,4.0,4.0,8.0,Av. Sensorial,P1,2026-01
Pici 1,2026-01-27,Jantar,VEG,Soja à Bolonhesa,4.0,4.0,4.0,4.0,4.0,8.0,Av. Sensorial,P1,2026-01
Benfica,2026-01-27,Almoço,PV,Cubos Suíno ao molho barbecue,3.0,4.0,4.0,4.0,4.0,7.4,Av. Sensorial,B,2026-01
Benfica,2026-01-27,Almoço,PB,Isca de Frango Acebolado,3.0,3.0,4.0,4.0,4.0,6.8,Av. Sensorial,B,2026-01
Benfica,2026-01-27,Almoço,VEG,Guisado de Lentilha,4.0,4.0,4.0,4.0,4.0,8.0,Av. Sensorial,B,2026-01
Benfica,2026-01-27,Jantar,PV,Carne Moída ao M. Tomate,4.0,4.0,4.0,4.0,4.0,8.0,Av. Sensorial,B,2026-01
Benfica,2026-01-27,Jantar,PB,Sobrecoxa Desosssada Crocante,4.0,4.0,4.0,4.0,4.0,8.0,Av. Sensorial,B,2026-01
Benfica,2026-01-27,Jantar,VEG,Soja à Bolonhesa,4.0,4.0,4.0,4.0,4.0,8.0,Av. Sensorial,B,2026-01
Benfica,2026-01-27,Jantar,PV,Carne Moída ao M. Tomate,4.0,4.0,4.0,4.0,4.0,8.0,Av. Sensorial,B,2026-01
Benfica,2026-01-27,Jantar,PB,Sobrecoxa Desosssada Crocante,4.0,4.0,4.0,4.0,4.0,8.0,Av. Sensorial,B,2026-01
Benfica,2026-01-27,Jantar,VEG,Soja à Bolonhesa,4.0,4.0,3.0,4.0,4.0,7.4,Av. Sensorial,B,2026-01
Benfica,2026-01-28,Café,ESPECIAL,Ovos Mexidos,4.0,4.0,4.0,4.0,4.0,8.0,Av. Sensorial,B,2026-01
Benfica,2026-01-28,Café,ESPECIAL VEG,Pasta de Amendoim,4.0,4.0,4.0,4.0,4.0,8.0,Av. Sensorial,B,2026-01
Pici 1,2026-01-28,Café,ESPECIAL,Ovos Mexidos,4.0,4.0,4.0,4.0,4.0,8.0,Av. Sensorial,P1,2026-01
Pici 1,2026-01-28,Café,ESPECIAL VEG,Pasta de Amendoim,4.0,4.0,4.0,4.0,4.0,8.0,Av. Sensorial,P1,2026-01
Porangabussu,2026-01-28,Almoço,PV,Feijoada,,,,,,0.0,Av. Sensorial,PO,2026-01
Porangabussu,2026-01-28,Almoço,PB,Sobrecoxa Assada,,,,,,0.0,Av. Sensorial,PO,2026-01
Porangabussu,2026-01-28,Almoço,VEG,Refogado  de Soja,,,,,,0.0,Av. Sensorial,PO,2026-01
Porangabussu,2026-01-28,Almoço,PV,Feijoada,4.0,4.0,4.0,4.0,4.0,8.0,Av. Sensorial,PO,2026-01
Porangabussu,2026-01-28,Almoço,PB,Sobrecoxa Assada,5.0,5.0,5.0,5.0,5.0,10.0,Av. Sensorial,PO,2026-01
Porangabussu,2026-01-28,Almoço,VEG,Refogado  de Soja,4.0,4.0,3.0,4.0,4.0,7.4,Av. Sensorial,PO,2026-01
Benfica,2026-01-28,Almoço,PV,Feijoada,4.0,4.0,4.0,4.0,4.0,8.0,Av. Sensorial,B,2026-01
Benfica,2026-01-28,Almoço,PB,Sobrecoxa Assada,4.0,4.0,4.0,4.0,4.0,8.0,Av. Sensorial,B,2026-01
Benfica,2026-01-28,Almoço,VEG,Refogado  de Soja,4.0,4.0,4.0,4.0,4.0,8.0,Av. Sensorial,B,2026-01
Pici 1,2026-01-28,Café,ESPECIAL,Ovos Mexidos,4.0,4.0,4.0,4.0,4.0,8.0,Av. Sensorial,P1,2026-01
Pici 1,2026-01-28,Almoço,PV,Feijoada,4.0,4.0,4.0,4.0,4.0,8.0,Av. Sensorial,P1,2026-01
Pici 1,2026-01-28,Almoço,PB,Sobrecoxa Assada,4.0,4.0,4.0,4.0,4.0,8.0,Av. Sensorial,P1,2026-01
Pici 1,2026-01-28,Almoço,PV,Feijoada,4.0,4.0,4.0,4.0,4.0,8.0,Av. Sensorial,P1,2026-01
Pici 1,2026-01-28,Almoço,PB,Sobrecoxa Assada,4.0,4.0,4.0,4.0,4.0,8.0,Av. Sensorial,P1,2026-01
Pici 1,2026-01-28,Almoço,VEG,Refogado  de Soja,4.0,4.0,4.0,4.0,4.0,8.0,Av. Sensorial,P1,2026-01
Pici 1,2026-01-28,Almoço,PV,Feijoada,4.0,4.0,4.0,4.0,4.0,8.0,Av. Sensorial,P1,2026-01
Pici 1,2026-01-28,Almoço,PB,Sobrecoxa Assada,4.0,4.0,4.0,4.0,4.0,8.0,Av. Sensorial,P1,2026-01
Pici 1,2026-01-28,Almoço,VEG,Refogado  de Soja,4.0,4.0,4.0,4.0,4.0,8.0,Av. Sensorial,P1,2026-01
Benfica,2026-01-28,Almoço,PV,Feijoada,4.0,4.0,4.0,4.0,4.0,8.0,Av. Sensorial,B,2026-01
Benfica,2026-01-28,Almoço,PB,Sobrecoxa Assada,4.0,4.0,4.0,4.0,4.0,8.0,Av. Sensorial,B,2026-01
Benfica,2026-01-28,Almoço,VEG,Refogado  de Soja,4.0,4.0,4.0,4.0,4.0,8.0,Av. Sensorial,B,2026-01
Benfica,2026-01-28,Jantar,PV,Estrogonofe de Carne,3.0,3.0,3.0,4.0,3.0,6.2,Av. Sensorial,B,2026-01
Benfica,2026-01-28,Jantar,PB,Cubos de Frango ao M. de Legumes,4.0,4.0,3.0,4.0,4.0,7.6,Av. Sensorial,B,2026-01
Benfica,2026-01-28,Jantar,VEG,Almôndegas de Lentilha,4.0,4.0,4.0,4.0,4.0,8.0,Av. Sensorial,B,2026-01
Pici 1,2026-01-28,Jantar,PB,Cubos de Frango ao M. de Legumes,4.0,4.0,4.0,4.0,4.0,8.0,Av. Sensorial,P1,2026-01
Pici 1,2026-01-28,Jantar,VEG,Almôndegas de Lentilha,4.0,4.0,4.0,4.0,4.0,8.0,Av. Sensorial,P1,2026-01
Benfica,2026-01-29,Café,ESPECIAL,Iogurte ,4.0,4.0,4.0,4.0,4.0,8.0,Av. Sensorial,B,2026-01
Benfica,2026-01-29,Café,ESPECIAL VEG,Similar a Iogurte Vegano,4.0,4.0,4.0,4.0,4.0,8.0,Av. Sensorial,B,2026-01
Pici 1,2026-01-29,Café,ESPECIAL,Iogurte ,4.0,4.0,4.0,4.0,4.0,8.0,Av. Sensorial,P1,2026-01
Pici 1,2026-01-29,Café,ESPECIAL VEG,Similar a Iogurte Vegano,4.0,4.0,4.0,4.0,4.0,8.0,Av. Sensorial,P1,2026-01
Pici 1,2026-01-29,Almoço,PB,Cubos de Frango ao M. de Tomate,4.0,4.0,3.0,4.0,3.0,7.4,Av. Sensorial,P1,2026-01
Pici 1,2026-01-29,Almoço,VEG,Assado de Grão de Bico,4.0,4.0,4.0,4.0,4.0,8.0,Av. Sensorial,P1,2026-01
Porangabussu,2026-01-29,Almoço,PV,Carne Moída Refogada,,,,,,0.0,Av. Sensorial,PO,2026-01
Porangabussu,2026-01-29,Almoço,PB,Cubos de Frango ao M. de Tomate,,,,,,0.0,Av. Sensorial,PO,2026-01
Porangabussu,2026-01-29,Almoço,VEG,Assado de Grão de Bico,,,,,,0.0,Av. Sensorial,PO,2026-01
Porangabussu,2026-01-29,Almoço,PV,Carne Moída Refogada,4.0,4.0,4.0,4.0,4.0,8.0,Av. Sensorial,PO,2026-01
Porangabussu,2026-01-29,Almoço,PB,Cubos de Frango ao M. de Tomate,4.0,4.0,4.0,4.0,4.0,8.0,Av. Sensorial,PO,2026-01
Porangabussu,2026-01-29,Almoço,VEG,Assado de Grão de Bico,4.0,4.0,3.0,4.0,4.0,7.4,Av. Sensorial,PO,2026-01
Pici 1,2026-01-29,Almoço,PV,Carne Moída Refogada,4.0,4.0,4.0,4.0,4.0,8.0,Av. Sensorial,P1,2026-01
Pici 1,2026-01-29,Almoço,PB,Cubos de Frango ao M. de Tomate,4.0,4.0,4.0,4.0,4.0,8.0,Av. Sensorial,P1,2026-01
Pici 1,2026-01-29,Almoço,VEG,Assado de Grão de Bico,4.0,4.0,4.0,4.0,4.0,8.0,Av. Sensorial,P1,2026-01
Benfica,2026-01-29,Almoço,PV,Carne Moída Refogada,3.0,3.0,4.0,4.0,4.0,6.8,Av. Sensorial,B,2026-01
Benfica,2026-01-29,Almoço,PB,Cubos de Frango ao M. de Tomate,4.0,4.0,4.0,4.0,4.0,8.0,Av. Sensorial,B,2026-01
Benfica,2026-01-29,Almoço,VEG,Assado de Grão de Bico,3.0,4.0,4.0,4.0,4.0,7.4,Av. Sensorial,B,2026-01
Pici 1,2026-01-29,Jantar,PB,Peixe ao M. Branco,4.0,3.0,4.0,4.0,4.0,7.4,Av. Sensorial,P1,2026-01
Pici 1,2026-01-29,Jantar,VEG,Yakissoba Vegetariano,4.0,4.0,4.0,4.0,4.0,8.0,Av. Sensorial,P1,2026-01
Benfica,2026-01-29,Almoço,PV,Carne Moída Refogada,3.0,3.0,4.0,4.0,4.0,6.8,Av. Sensorial,B,2026-01
Benfica,2026-01-29,Almoço,PB,Cubos de Frango ao M. de Tomate,4.0,4.0,4.0,4.0,4.0,8.0,Av. Sensorial,B,2026-01
Benfica,2026-01-29,Almoço,VEG,Assado de Grão de Bico,4.0,4.0,4.0,4.0,4.0,8.0,Av. Sensorial,B,2026-01
Benfica,2026-01-29,Jantar,PV,Isca de Carne Chinesa,4.0,3.0,4.0,4.0,4.0,7.4,Av. Sensorial,B,2026-01
Benfica,2026-01-29,Jantar,PB,Peixe ao M. Branco,4.0,4.0,4.0,4.0,4.0,8.0,Av. Sensorial,B,2026-01
Benfica,2026-01-29,Jantar,VEG,Yakissoba Vegetariano,4.0,4.0,3.0,4.0,4.0,7.4,Av. Sensorial,B,2026-01
Pici 1,2026-01-29,Almoço,PV,Carne Moída Refogada,4.0,4.0,4.0,4.0,4.0,8.0,Av. Sensorial,P1,2026-01
Pici 1,2026-01-29,Almoço,PB,Cubos de Frango ao M. de Tomate,4.0,4.0,4.0,4.0,4.0,8.0,Av. Sensorial,P1,2026-01
Pici 1,2026-01-29,Almoço,VEG,Assado de Grão de Bico,4.0,4.0,4.0,4.0,4.0,8.0,Av. Sensorial,P1,2026-01
Benfica,2026-01-30,Café,ESPECIAL,Frango Desfiado,4.0,4.0,4.0,4.0,4.0,8.0,Av. Sensorial,B,2026-01
Benfica,2026-01-30,Café,ESPECIAL VEG,Geleia,4.0,4.0,4.0,4.0,4.0,8.0,Av. Sensorial,B,2026-01
Pici 1,2026-01-30,Café,ESPECIAL,Frango Desfiado,4.0,4.0,4.0,4.0,4.0,8.0,Av. Sensorial,P1,2026-01
Pici 1,2026-01-30,Café,ESPECIAL VEG,Geleia,4.0,4.0,4.0,4.0,4.0,8.0,Av. Sensorial,P1,2026-01
Benfica,2026-01-30,Almoço,PV,Isca de Carne Acebolada,3.0,4.0,4.0,4.0,4.0,7.4,Av. Sensorial,B,2026-01
Benfica,2026-01-30,Almoço,PB,Sobrecoxa ao Molho,4.0,4.0,4.0,4.0,4.0,8.0,Av. Sensorial,B,2026-01
Benfica,2026-01-30,Almoço,VEG,Jardineira de Soja,4.0,4.0,4.0,4.0,4.0,8.0,Av. Sensorial,B,2026-01
Pici 1,2026-01-30,Café,ESPECIAL,Frango Desfiado,4.0,4.0,4.0,4.0,4.0,8.0,Av. Sensorial,P1,2026-01
Pici 1,2026-01-30,Almoço,PB,Sobrecoxa ao Molho,4.0,4.0,4.0,4.0,4.0,8.0,Av. Sensorial,P1,2026-01
Pici 1,2026-01-30,Almoço,VEG,Jardineira de Soja,4.0,4.0,4.0,4.0,4.0,8.0,Av. Sensorial,P1,2026-01
Labomar,2026-01-29,Almoço,PV,Carne Moída Refogada,4.0,4.0,4.0,4.0,4.0,8.0,Av. Sensorial,L,2026-01
Labomar,2026-01-29,Almoço,PB,Cubos de Frango ao M. de Tomate,4.0,4.0,4.0,4.0,4.0,8.0,Av. Sensorial,L,2026-01
Labomar,2026-01-29,Almoço,VEG,Assado de Grão de Bico,4.0,4.0,4.0,4.0,4.0,8.0,Av. Sensorial,L,2026-01
Labomar,2026-01-30,Almoço,PV,Isca de Carne Acebolada,4.0,4.0,4.0,4.0,4.0,8.0,Av. Sensorial,L,2026-01
Labomar,2026-01-30,Almoço,PB,Sobrecoxa ao Molho,4.0,4.0,4.0,4.0,4.0,8.0,Av. Sensorial,L,2026-01
Labomar,2026-01-30,Almoço,VEG,Jardineira de Soja,4.0,4.0,4.0,4.0,4.0,8.0,Av. Sensorial,L,2026-01
Pici 1,2026-01-30,Almoço,PB,Sobrecoxa ao Molho,4.0,4.0,4.0,4.0,4.0,8.0,Av. Sensorial,P1,2026-01
Pici 1,2026-01-30,Almoço,VEG,Jardineira de Soja,4.0,4.0,4.0,4.0,4.0,8.0,Av. Sensorial,P1,2026-01
Pici 1,2026-01-30,Almoço,PV,Isca de Carne Acebolada,3.0,4.0,4.0,4.0,4.0,7.4,Av. Sensorial,P1,2026-01
Pici 1,2026-01-30,Almoço,PB,Sobrecoxa ao Molho,4.0,4.0,4.0,4.0,4.0,8.0,Av. Sensorial,P1,2026-01
Pici 1,2026-01-30,Almoço,VEG,Jardineira de Soja,4.0,4.0,4.0,4.0,4.0,8.0,Av. Sensorial,P1,2026-01
Porangabussu,2026-01-30,Almoço,PV,Isca de Carne Acebolada,3.0,3.0,4.0,4.0,4.0,6.8,Av. Sensorial,PO,2026-01
Porangabussu,2026-01-30,Almoço,PB,Sobrecoxa ao Molho,4.0,4.0,4.0,4.0,4.0,8.0,Av. Sensorial,PO,2026-01
Porangabussu,2026-01-30,Almoço,VEG,Jardineira de Soja,4.0,4.0,4.0,4.0,4.0,8.0,Av. Sensorial,PO,2026-01
Pici 1,2026-01-30,Jantar,PV,Cubo suíno acebolado,4.0,4.0,3.0,4.0,3.0,7.4,Av. Sensorial,P1,2026-01
Pici 1,2026-01-30,Jantar,PB,Creme de Frango,4.0,4.0,4.0,4.0,4.0,8.0,Av. Sensorial,P1,2026-01
Pici 1,2026-01-30,Jantar,VEG,Escondidinho de Legumes,3.0,3.0,4.0,4.0,4.0,7.0,Av. Sensorial,P1,2026-01
Benfica,2026-01-30,Almoço,PV,Isca de Carne Acebolada,4.0,4.0,4.0,4.0,4.0,8.0,Av. Sensorial,B,2026-01
Benfica,2026-01-30,Almoço,PB,Sobrecoxa ao Molho,4.0,4.0,4.0,4.0,4.0,8.0,Av. Sensorial,B,2026-01
Benfica,2026-01-30,Almoço,VEG,Jardineira de Soja,4.0,4.0,4.0,4.0,4.0,8.0,Av. Sensorial,B,2026-01
Benfica,2026-01-30,Jantar,PV,Cubo suíno acebolado,4.0,4.0,2.0,4.0,3.0,7.0,Av. Sensorial,B,2026-01
Benfica,2026-01-30,Jantar,PB,Creme de Frango,4.0,4.0,2.0,4.0,3.0,7.0,Av. Sensorial,B,2026-01
Benfica,2026-01-30,Jantar,VEG,Escondidinho de Legumes,4.0,4.0,4.0,4.0,4.0,8.0,Av. Sensorial,B,2026-01
Pici 1,2026-02-02,Café,ESPECIAL,Mingau ,4.0,4.0,4.0,4.0,4.0,8.0,Av. Sensorial,P1,2026-02
Pici 1,2026-02-02,Café,ESPECIAL VEG,Achocolatado vegano ,4.0,4.0,4.0,4.0,4.0,8.0,Av. Sensorial,P1,2026-02
Labomar,2026-02-02,Almoço,PV,Cozido Bovino à Calabresa,3.0,4.0,4.0,4.0,4.0,7.4,Av. Sensorial,L,2026-02
Labomar,2026-02-02,Almoço,PB,Cubos de Frango ao M. Vermelho,4.0,4.0,4.0,4.0,4.0,8.0,Av. Sensorial,L,2026-02
Labomar,2026-02-02,Almoço,VEG,Soja Tropical,4.0,4.0,4.0,4.0,4.0,8.0,Av. Sensorial,L,2026-02
Pici 1,2026-02-02,Almoço,PB,Cubos de Frango ao M. Vermelho,4.0,4.0,4.0,4.0,4.0,8.0,Av. Sensorial,P1,2026-02
Pici 1,2026-02-02,Almoço,VEG,Soja Tropical,4.0,4.0,4.0,4.0,4.0,8.0,Av. Sensorial,P1,2026-02
Pici 1,2026-02-02,Almoço,PV,Cozido Bovino à Calabresa,3.0,4.0,4.0,4.0,4.0,7.4,Av. Sensorial,P1,2026-02
Pici 1,2026-02-02,Almoço,PB,Cubos de Frango ao M. Vermelho,4.0,4.0,4.0,4.0,4.0,8.0,Av. Sensorial,P1,2026-02
Pici 1,2026-02-02,Almoço,VEG,Soja Tropical,4.0,4.0,4.0,4.0,4.0,8.0,Av. Sensorial,P1,2026-02
Benfica,2026-02-02,Almoço,PV,Cozido Bovino à Calabresa,3.0,4.0,4.0,4.0,4.0,7.4,Av. Sensorial,B,2026-02
Benfica,2026-02-02,Almoço,PB,Cubos de Frango ao M. Vermelho,4.0,4.0,4.0,4.0,4.0,8.0,Av. Sensorial,B,2026-02
Benfica,2026-02-02,Almoço,VEG,Soja Tropical,4.0,4.0,4.0,4.0,4.0,8.0,Av. Sensorial,B,2026-02
Porangabussu,2026-02-02,Almoço,PV,Cozido Bovino à Calabresa,3.0,3.0,3.0,4.0,3.0,6.2,Av. Sensorial,PO,2026-02
Porangabussu,2026-02-02,Almoço,PB,Cubos de Frango ao M. Vermelho,3.0,4.0,4.0,4.0,4.0,7.4,Av. Sensorial,PO,2026-02
Porangabussu,2026-02-02,Almoço,VEG,Soja Tropical,4.0,4.0,4.0,4.0,4.0,8.0,Av. Sensorial,PO,2026-02
Pici 1,2026-02-02,Jantar,PV,Cubos Suíno ao molho barbecue,4.0,4.0,4.0,4.0,4.0,8.0,Av. Sensorial,P1,2026-02
Pici 1,2026-02-02,Jantar,PB,Sobrecoxa ao M. de Ervas,4.0,4.0,4.0,4.0,4.0,8.0,Av. Sensorial,P1,2026-02
Pici 1,2026-02-02,Jantar,VEG,Bolinha de grão de bico,4.0,4.0,4.0,4.0,4.0,8.0,Av. Sensorial,P1,2026-02
Pici 1,2026-02-02,Jantar,PV,Cubos Suíno ao molho barbecue,3.0,4.0,4.0,4.0,4.0,7.4,Av. Sensorial,P1,2026-02
Pici 1,2026-02-02,Jantar,PB,Sobrecoxa ao M. de Ervas,4.0,4.0,4.0,4.0,4.0,8.0,Av. Sensorial,P1,2026-02
Pici 1,2026-02-02,Jantar,VEG,Bolinha de grão de bico,4.0,4.0,4.0,4.0,4.0,8.0,Av. Sensorial,P1,2026-02
Benfica,2026-02-02,Almoço,PV,Cozido Bovino à Calabresa,3.0,4.0,3.0,4.0,4.0,7.0,Av. Sensorial,B,2026-02
Benfica,2026-02-02,Almoço,PB,Cubos de Frango ao M. Vermelho,4.0,4.0,4.0,4.0,4.0,8.0,Av. Sensorial,B,2026-02
Benfica,2026-02-02,Almoço,VEG,Soja Tropical,4.0,4.0,4.0,4.0,4.0,8.0,Av. Sensorial,B,2026-02
Benfica,2026-02-02,Jantar,PV,Cubos Suíno ao molho barbecue,3.0,4.0,4.0,4.0,4.0,7.4,Av. Sensorial,B,2026-02
Benfica,2026-02-02,Jantar,PB,Sobrecoxa ao M. de Ervas,4.0,4.0,4.0,4.0,4.0,8.0,Av. Sensorial,B,2026-02
Benfica,2026-02-02,Jantar,VEG,Bolinha de grão de bico,4.0,4.0,4.0,4.0,4.0,8.0,Av. Sensorial,B,2026-02
Benfica,2026-02-02,Jantar,PV,Cubos Suíno ao molho barbecue,4.0,4.0,4.0,4.0,4.0,8.0,Av. Sensorial,B,2026-02
Benfica,2026-02-02,Jantar,PB,Sobrecoxa ao M. de Ervas,4.0,4.0,4.0,4.0,4.0,8.0,Av. Sensorial,B,2026-02
Benfica,2026-02-02,Jantar,VEG,Bolinha de grão de bico,4.0,4.0,4.0,4.0,4.0,8.0,Av. Sensorial,B,2026-02
Porangabussu,2026-02-03,Café,ESPECIAL,Queijo ,4.0,4.0,4.0,4.0,4.0,8.0,Av. Sensorial,PO,2026-02
Benfica,2026-02-03,Almoço,PV,Paçoca de Carne,4.0,4.0,4.0,4.0,4.0,8.0,Av. Sensorial,B,2026-02
Benfica,2026-02-03,Almoço,PB,Sobrecoxa Assada,4.0,4.0,4.0,4.0,4.0,8.0,Av. Sensorial,B,2026-02
Benfica,2026-02-03,Almoço,VEG,Arroz Cremoso de Lentilha,4.0,4.0,4.0,4.0,4.0,8.0,Av. Sensorial,B,2026-02
Pici 1,2026-02-03,Almoço,PB,Sobrecoxa Assada,4.0,4.0,4.0,4.0,4.0,8.0,Av. Sensorial,P1,2026-02
Pici 1,2026-02-03,Almoço,VEG,Arroz Cremoso de Lentilha,4.0,4.0,4.0,4.0,4.0,8.0,Av. Sensorial,P1,2026-02
Pici 1,2026-02-03,Café,ESPECIAL,Queijo ,4.0,4.0,4.0,4.0,4.0,8.0,Av. Sensorial,P1,2026-02
Pici 1,2026-02-03,Café,ESPECIAL VEG,Granola,3.0,3.0,4.0,4.0,4.0,7.142857142857143,Av. Sensorial,P1,2026-02
Pici 1,2026-02-03,Almoço,PV,Paçoca de Carne,3.0,4.0,4.0,4.0,4.0,7.4,Av. Sensorial,P1,2026-02
Pici 1,2026-02-03,Almoço,PB,Sobrecoxa Assada,4.0,3.0,4.0,4.0,4.0,7.4,Av. Sensorial,P1,2026-02
Pici 1,2026-02-03,Almoço,VEG,Arroz Cremoso de Lentilha,4.0,4.0,4.0,4.0,4.0,8.0,Av. Sensorial,P1,2026-02
Porangabussu,2026-02-03,Almoço,PV,Paçoca de Carne,3.0,3.0,4.0,4.0,4.0,6.8,Av. Sensorial,PO,2026-02
Porangabussu,2026-02-03,Almoço,PB,Sobrecoxa Assada,4.0,4.0,4.0,4.0,4.0,8.0,Av. Sensorial,PO,2026-02
Porangabussu,2026-02-03,Almoço,VEG,Arroz Cremoso de Lentilha,4.0,4.0,3.0,4.0,4.0,7.4,Av. Sensorial,PO,2026-02
Pici 1,2026-02-03,Almoço,PV,Paçoca de Carne,4.0,4.0,3.0,4.0,4.0,7.6,Av. Sensorial,P1,2026-02
Pici 1,2026-02-03,Almoço,PB,Sobrecoxa Assada,4.0,4.0,4.0,4.0,4.0,8.0,Av. Sensorial,P1,2026-02
Pici 1,2026-02-03,Café,ESPECIAL,Queijo ,4.0,4.0,4.0,4.0,4.0,8.0,Av. Sensorial,P1,2026-02
Benfica,2026-02-03,Almoço,PV,Paçoca de Carne,3.0,4.0,4.0,4.0,4.0,7.4,Av. Sensorial,B,2026-02
Benfica,2026-02-03,Almoço,PB,Sobrecoxa Assada,3.0,4.0,4.0,4.0,4.0,7.4,Av. Sensorial,B,2026-02
Benfica,2026-02-03,Almoço,VEG,Arroz Cremoso de Lentilha,4.0,4.0,4.0,4.0,4.0,8.0,Av. Sensorial,B,2026-02
Benfica,2026-02-03,Jantar,PV,Carne Moída Refogada,3.0,4.0,4.0,4.0,4.0,7.4,Av. Sensorial,B,2026-02
Benfica,2026-02-03,Jantar,PB,Cubos de Frango com Batata Rústica,4.0,4.0,4.0,4.0,4.0,8.0,Av. Sensorial,B,2026-02
Benfica,2026-02-03,Jantar,VEG,Jardineira de Soja,4.0,4.0,4.0,4.0,4.0,8.0,Av. Sensorial,B,2026-02
Pici 1,2026-02-03,Jantar,PB,Cubos de Frango com Batata Rústica,4.0,4.0,4.0,4.0,4.0,8.0,Av. Sensorial,P1,2026-02
Pici 1,2026-02-03,Jantar,VEG,Jardineira de Soja,4.0,4.0,4.0,4.0,4.0,8.0,Av. Sensorial,P1,2026-02
Benfica,2026-02-04,Café,ESPECIAL,Ovos Mexidos,4.0,4.0,4.0,4.0,4.0,8.0,Av. Sensorial,B,2026-02
Benfica,2026-02-04,Café,ESPECIAL VEG,Pasta de Amendoim,4.0,4.0,4.0,4.0,4.0,8.0,Av. Sensorial,B,2026-02
Pici 1,2026-02-04,Café,ESPECIAL,Ovos Mexidos,4.0,4.0,4.0,4.0,4.0,8.0,Av. Sensorial,P1,2026-02
Pici 1,2026-02-04,Café,ESPECIAL VEG,Pasta de Amendoim,4.0,4.0,4.0,4.0,4.0,8.0,Av. Sensorial,P1,2026-02
Benfica,2026-02-04,Almoço,PV,Feijoada,4.0,4.0,4.0,4.0,4.0,8.0,Av. Sensorial,B,2026-02
Benfica,2026-02-04,Almoço,PB,Isca de Frango ao M. de Legumes,4.0,4.0,4.0,4.0,4.0,8.0,Av. Sensorial,B,2026-02
Benfica,2026-02-04,Almoço,VEG,Bobó de Legumes,4.0,4.0,3.0,4.0,4.0,7.4,Av. Sensorial,B,2026-02
Pici 1,2026-02-04,Almoço,PB,Isca de Frango ao M. de Legumes,4.0,4.0,4.0,4.0,4.0,8.0,Av. Sensorial,P1,2026-02
Pici 1,2026-02-04,Almoço,VEG,Bobó de Legumes,4.0,4.0,4.0,4.0,4.0,8.0,Av. Sensorial,P1,2026-02
Porangabussu,2026-02-04,Almoço,PV,Feijoada,4.0,4.0,4.0,4.0,4.0,8.0,Av. Sensorial,PO,2026-02
Porangabussu,2026-02-04,Almoço,PB,Isca de Frango ao M. de Legumes,4.0,4.0,3.0,4.0,4.0,7.6,Av. Sensorial,PO,2026-02
Porangabussu,2026-02-04,Almoço,VEG,Bobó de Legumes,4.0,4.0,3.0,4.0,4.0,7.4,Av. Sensorial,PO,2026-02
Pici 1,2026-02-04,Almoço,PV,Feijoada,4.0,4.0,3.0,4.0,4.0,7.6,Av. Sensorial,P1,2026-02
Pici 1,2026-02-04,Almoço,PB,Isca de Frango ao M. de Legumes,4.0,4.0,4.0,4.0,4.0,8.0,Av. Sensorial,P1,2026-02
Pici 1,2026-02-04,Almoço,VEG,Bobó de Legumes,4.0,4.0,4.0,4.0,4.0,8.0,Av. Sensorial,P1,2026-02
Benfica,2026-02-04,Almoço,PV,Feijoada,3.0,4.0,3.0,4.0,4.0,7.0,Av. Sensorial,B,2026-02
Benfica,2026-02-04,Almoço,PB,Isca de Frango ao M. de Legumes,4.0,4.0,4.0,4.0,4.0,8.0,Av. Sensorial,B,2026-02
Benfica,2026-02-04,Almoço,VEG,Bobó de Legumes,4.0,4.0,4.0,4.0,4.0,8.0,Av. Sensorial,B,2026-02
Benfica,2026-02-04,Jantar,PV,Assado de Panela,4.0,4.0,3.0,4.0,4.0,7.6,Av. Sensorial,B,2026-02
Benfica,2026-02-04,Jantar,PB,Sobrecoxa Assada,4.0,4.0,4.0,4.0,4.0,8.0,Av. Sensorial,B,2026-02
Benfica,2026-02-04,Jantar,VEG,Lasanha de Batatas,4.0,4.0,4.0,4.0,4.0,8.0,Av. Sensorial,B,2026-02
Benfica,2026-02-04,Jantar,PV,Assado de Panela,4.0,3.0,4.0,4.0,4.0,7.4,Av. Sensorial,B,2026-02
Benfica,2026-02-04,Jantar,PB,Sobrecoxa Assada,4.0,4.0,4.0,4.0,4.0,8.0,Av. Sensorial,B,2026-02
Benfica,2026-02-04,Jantar,VEG,Lasanha de Batatas,4.0,4.0,4.0,4.0,4.0,8.0,Av. Sensorial,B,2026-02
Pici 1,2026-02-04,Jantar,PV,Assado de Panela,4.0,4.0,3.0,4.0,4.0,7.6,Av. Sensorial,P1,2026-02
Pici 1,2026-02-04,Jantar,PB,Sobrecoxa Assada,4.0,4.0,4.0,4.0,4.0,8.0,Av. Sensorial,P1,2026-02
Pici 1,2026-02-04,Jantar,VEG,Lasanha de Batatas,4.0,4.0,4.0,4.0,4.0,8.0,Av. Sensorial,P1,2026-02
Porangabussu,2026-02-05,Café,ESPECIAL,Iogurte ,4.0,4.0,4.0,4.0,4.0,8.0,Av. Sensorial,PO,2026-02
Benfica,2026-02-05,Almoço,PV,Isca de Carne ao Molho Escuro,4.0,4.0,3.0,3.0,3.0,7.2,Av. Sensorial,B,2026-02
Benfica,2026-02-05,Almoço,PB,Peixe ao M. de Peixada,4.0,4.0,4.0,4.0,4.0,8.0,Av. Sensorial,B,2026-02
Benfica,2026-02-05,Almoço,VEG,Estrogonofe de Grão de Bico,4.0,4.0,4.0,4.0,4.0,8.0,Av. Sensorial,B,2026-02
Benfica,2026-02-05,Jantar,PV,Cubos Suíno Acebolado,4.0,4.0,4.0,4.0,4.0,8.0,Av. Sensorial,B,2026-02
Benfica,2026-02-05,Jantar,PB,Estrogonofe de Frango,3.0,4.0,4.0,4.0,4.0,7.4,Av. Sensorial,B,2026-02
Benfica,2026-02-05,Jantar,VEG,Assado de Lentilha,4.0,4.0,4.0,4.0,4.0,8.0,Av. Sensorial,B,2026-02
Pici 1,2026-02-05,Café,ESPECIAL,Iogurte ,4.0,4.0,4.0,4.0,4.0,8.0,Av. Sensorial,P1,2026-02
Pici 1,2026-02-05,Café,ESPECIAL VEG,Similar a Iogurte Vegano,4.0,4.0,4.0,4.0,4.0,8.0,Av. Sensorial,P1,2026-02
Pici 1,2026-02-05,Almoço,PV,Isca de Carne ao Molho Escuro,4.0,4.0,4.0,4.0,4.0,8.0,Av. Sensorial,P1,2026-02
Pici 1,2026-02-05,Almoço,PB,Peixe ao M. de Peixada,4.0,4.0,4.0,4.0,4.0,8.0,Av. Sensorial,P1,2026-02
Pici 1,2026-02-05,Almoço,VEG,Estrogonofe de Grão de Bico,4.0,4.0,4.0,4.0,4.0,8.0,Av. Sensorial,P1,2026-02
Benfica,2026-02-06,Café,ESPECIAL,Carne Moída ao Molho,4.0,4.0,4.0,4.0,4.0,8.0,Av. Sensorial,B,2026-02
Benfica,2026-02-06,Café,ESPECIAL VEG,Geleia,4.0,4.0,4.0,4.0,4.0,8.0,Av. Sensorial,B,2026-02
Pici 1,2026-02-06,Café,ESPECIAL,Carne Moída ao Molho,4.0,4.0,4.0,4.0,4.0,8.0,Av. Sensorial,P1,2026-02
Pici 1,2026-02-06,Café,ESPECIAL VEG,Geleia,4.0,4.0,4.0,4.0,4.0,8.0,Av. Sensorial,P1,2026-02
Benfica,2026-02-05,Almoço,PV,Isca de Carne ao Molho Escuro,3.0,4.0,4.0,4.0,4.0,7.4,Av. Sensorial,B,2026-02
Benfica,2026-02-05,Almoço,PB,Peixe ao M. de Peixada,3.0,4.0,4.0,4.0,4.0,7.4,Av. Sensorial,B,2026-02
Benfica,2026-02-05,Almoço,VEG,Estrogonofe de Grão de Bico,4.0,4.0,4.0,4.0,4.0,8.0,Av. Sensorial,B,2026-02
Benfica,2026-02-05,Almoço,PV,Isca de Carne ao Molho Escuro,4.0,4.0,4.0,4.0,4.0,8.0,Av. Sensorial,B,2026-02
Benfica,2026-02-05,Almoço,PB,Peixe ao M. de Peixada,4.0,4.0,5.0,4.0,4.0,8.4,Av. Sensorial,B,2026-02
Benfica,2026-02-05,Almoço,VEG,Estrogonofe de Grão de Bico,4.0,4.0,4.0,4.0,4.0,8.0,Av. Sensorial,B,2026-02
Benfica,2026-02-06,Almoço,PV,Dobradinha,4.0,4.0,4.0,4.0,4.0,8.0,Av. Sensorial,B,2026-02
Benfica,2026-02-06,Almoço,PB,Isca de Frango Acebolado,4.0,4.0,4.0,4.0,4.0,8.0,Av. Sensorial,B,2026-02
Benfica,2026-02-06,Almoço,VEG,Maria Isabel Vegana,4.0,,4.0,4.0,4.0,6.4,Av. Sensorial,B,2026-02
Pici 1,2026-02-06,Almoço,PV,Dobradinha,4.0,4.0,4.0,4.0,4.0,8.0,Av. Sensorial,P1,2026-02
Pici 1,2026-02-06,Almoço,PB,Isca de Frango Acebolado,4.0,4.0,4.0,4.0,4.0,8.0,Av. Sensorial,P1,2026-02
Pici 1,2026-02-06,Almoço,VEG,Maria Isabel Vegana,4.0,4.0,4.0,4.0,4.0,8.0,Av. Sensorial,P1,2026-02
Porangabussu,2026-02-06,Almoço,PB,Isca de Frango Acebolado,4.0,4.0,4.0,4.0,4.0,8.0,Av. Sensorial,PO,2026-02
Porangabussu,2026-02-06,Almoço,VEG,Maria Isabel Vegana,4.0,4.0,4.0,4.0,4.0,8.0,Av. Sensorial,PO,2026-02
Pici 1,2026-02-06,Almoço,PV,Dobradinha,4.0,4.0,4.0,4.0,4.0,8.0,Av. Sensorial,P1,2026-02
Pici 1,2026-02-06,Almoço,PB,Isca de Frango Acebolado,4.0,4.0,4.0,4.0,4.0,8.0,Av. Sensorial,P1,2026-02
Pici 1,2026-02-06,Almoço,VEG,Maria Isabel Vegana,4.0,4.0,4.0,4.0,4.0,8.0,Av. Sensorial,P1,2026-02
Pici 1,2026-02-05,Almoço,PB,Peixe ao M. de Peixada,4.0,4.0,4.0,4.0,4.0,8.0,Av. Sensorial,P1,2026-02
Pici 1,2026-02-05,Almoço,VEG,Estrogonofe de Grão de Bico,4.0,4.0,4.0,4.0,4.0,8.0,Av. Sensorial,P1,2026-02
Pici 1,2026-02-05,Jantar,PB,Estrogonofe de Frango,4.0,4.0,4.0,4.0,4.0,8.0,Av. Sensorial,P1,2026-02
Pici 1,2026-02-05,Jantar,VEG,Assado de Lentilha,4.0,4.0,4.0,4.0,4.0,8.0,Av. Sensorial,P1,2026-02
Benfica,2026-02-06,Almoço,PV,Dobradinha,4.0,4.0,4.0,4.0,4.0,8.0,Av. Sensorial,B,2026-02
Benfica,2026-02-06,Almoço,PB,Isca de Frango Acebolado,4.0,4.0,4.0,4.0,4.0,8.0,Av. Sensorial,B,2026-02
Benfica,2026-02-06,Almoço,VEG,Maria Isabel Vegana,4.0,4.0,3.0,4.0,4.0,7.4,Av. Sensorial,B,2026-02
Benfica,2026-02-06,Jantar,PV,Escondidinho de Carne,4.0,4.0,4.0,4.0,4.0,8.0,Av. Sensorial,B,2026-02
Benfica,2026-02-06,Jantar,PB,Sobrecoxa Assada,4.0,4.0,4.0,4.0,4.0,8.0,Av. Sensorial,B,2026-02
Benfica,2026-02-06,Jantar,VEG,Bolinho de Ervilha com Aveia,4.0,4.0,4.0,4.0,4.0,8.0,Av. Sensorial,B,2026-02
Benfica,2026-02-06,Jantar,PV,Escondidinho de Carne,4.0,4.0,4.0,4.0,4.0,8.0,Av. Sensorial,B,2026-02
Benfica,2026-02-06,Jantar,PB,Sobrecoxa Assada,4.0,4.0,4.0,4.0,4.0,8.0,Av. Sensorial,B,2026-02
Benfica,2026-02-06,Jantar,VEG,Bolinho de Ervilha com Aveia,4.0,4.0,4.0,4.0,4.0,8.0,Av. Sensorial,B,2026-02
Pici 1,2026-02-06,Jantar,PV,Escondidinho de Carne,4.0,4.0,4.0,4.0,4.0,8.0,Av. Sensorial,P1,2026-02
Pici 1,2026-02-06,Jantar,PB,Sobrecoxa Assada,4.0,4.0,4.0,4.0,4.0,8.0,Av. Sensorial,P1,2026-02
Pici 1,2026-02-06,Jantar,VEG,Bolinho de Ervilha com Aveia,4.0,4.0,4.0,4.0,4.0,8.0,Av. Sensorial,P1,2026-02
Benfica,2026-02-09,Café,ESPECIAL,Achocolatado,4.0,4.0,4.0,4.0,4.0,8.0,Av. Sensorial,B,2026-02
Benfica,2026-02-09,Café,ESPECIAL VEG,Achocolatado vegano ,4.0,4.0,4.0,4.0,4.0,8.0,Av. Sensorial,B,2026-02
Pici 1,2026-02-09,Almoço,PB,Sobrecoxa Assada,4.0,4.0,4.0,4.0,4.0,8.0,Av. Sensorial,P1,2026-02
Pici 1,2026-02-09,Almoço,VEG,Curry de lentilha,4.0,4.0,3.0,4.0,4.0,7.4,Av. Sensorial,P1,2026-02
Benfica,2026-02-09,Almoço,PV,Picadinho com Legumes,2.0,3.0,4.0,4.0,3.0,6.0,Av. Sensorial,B,2026-02
Benfica,2026-02-09,Almoço,PB,Sobrecoxa Assada,4.0,4.0,4.0,4.0,4.0,8.0,Av. Sensorial,B,2026-02
Benfica,2026-02-09,Almoço,VEG,Curry de lentilha,4.0,4.0,4.0,4.0,4.0,8.0,Av. Sensorial,B,2026-02
Porangabussu,2026-02-09,Almoço,PV,Picadinho com Legumes,4.0,3.0,3.0,4.0,4.0,7.0,Av. Sensorial,PO,2026-02
Porangabussu,2026-02-09,Almoço,PB,Sobrecoxa Assada,4.0,4.0,4.0,4.0,4.0,8.0,Av. Sensorial,PO,2026-02
Pici 1,2026-02-09,Almoço,PV,Picadinho com Legumes,4.0,4.0,4.0,4.0,4.0,8.0,Av. Sensorial,P1,2026-02
Pici 1,2026-02-09,Almoço,PB,Sobrecoxa Assada,4.0,4.0,4.0,4.0,4.0,8.0,Av. Sensorial,P1,2026-02
Pici 1,2026-02-09,Café,ESPECIAL,Achocolatado,4.0,4.0,4.0,4.0,4.0,8.0,Av. Sensorial,P1,2026-02
Pici 1,2026-02-09,Café,ESPECIAL VEG,Achocolatado vegano ,4.0,4.0,4.0,4.0,4.0,8.0,Av. Sensorial,P1,2026-02
Pici 1,2026-02-09,Almoço,PV,Picadinho com Legumes,3.0,3.0,4.0,4.0,4.0,6.8,Av. Sensorial,P1,2026-02
Pici 1,2026-02-09,Almoço,PB,Sobrecoxa Assada,4.0,4.0,4.0,4.0,4.0,8.0,Av. Sensorial,P1,2026-02
Pici 1,2026-02-09,Almoço,VEG,Curry de lentilha,4.0,4.0,4.0,4.0,4.0,8.0,Av. Sensorial,P1,2026-02
Benfica,2026-02-09,Almoço,PV,Picadinho com Legumes,3.0,3.0,4.0,4.0,4.0,6.8,Av. Sensorial,B,2026-02
Benfica,2026-02-09,Almoço,PB,Sobrecoxa Assada,3.0,3.0,4.0,4.0,4.0,6.8,Av. Sensorial,B,2026-02
Benfica,2026-02-09,Almoço,VEG,Curry de lentilha,4.0,4.0,4.0,4.0,4.0,8.0,Av. Sensorial,B,2026-02
Benfica,2026-02-09,Jantar,PV,Cubo suíno acebolado,3.0,4.0,4.0,4.0,4.0,7.4,Av. Sensorial,B,2026-02
Benfica,2026-02-09,Jantar,PB,Isca de Frango com Ervas,3.0,4.0,4.0,4.0,4.0,7.4,Av. Sensorial,B,2026-02
Benfica,2026-02-09,Jantar,PV,Cubo suíno acebolado,4.0,3.0,3.0,4.0,4.0,7.0,Av. Sensorial,B,2026-02
Benfica,2026-02-09,Jantar,PB,Isca de Frango com Ervas,4.0,3.0,4.0,4.0,4.0,7.4,Av. Sensorial,B,2026-02
Benfica,2026-02-09,Jantar,VEG,Salpicão vegano,4.0,4.0,4.0,4.0,4.0,8.0,Av. Sensorial,B,2026-02
Benfica,2026-02-09,Jantar,VEG,Salpicão vegano,4.0,4.0,4.0,4.0,4.0,8.0,Av. Sensorial,B,2026-02
Pici 1,2026-02-09,Jantar,PV,Cubo suíno acebolado,4.0,4.0,4.0,4.0,4.0,8.0,Av. Sensorial,P1,2026-02
Pici 1,2026-02-09,Jantar,PB,Isca de Frango com Ervas,4.0,4.0,4.0,4.0,4.0,8.0,Av. Sensorial,P1,2026-02
Pici 1,2026-02-09,Jantar,VEG,Salpicão vegano,4.0,4.0,4.0,4.0,4.0,8.0,Av. Sensorial,P1,2026-02
Benfica,2026-02-10,Almoço,PV,Cubo suíno acebolado,4.0,4.0,4.0,4.0,4.0,8.0,Av. Sensorial,B,2026-02
Benfica,2026-02-10,Almoço,PB,Creme de Frango,4.0,4.0,4.0,4.0,4.0,8.0,Av. Sensorial,B,2026-02
Benfica,2026-02-10,Almoço,VEG,Refogado de Lentilha,4.0,4.0,4.0,4.0,4.0,8.0,Av. Sensorial,B,2026-02
Pici 1,2026-02-10,Café,ESPECIAL,Queijo ,4.0,4.0,4.0,4.0,4.0,8.0,Av. Sensorial,P1,2026-02
Pici 1,2026-02-10,Café,ESPECIAL VEG,Granola,4.0,4.0,4.0,4.0,4.0,8.0,Av. Sensorial,P1,2026-02
Pici 1,2026-02-10,Almoço,PV,Cubo suíno acebolado,4.0,4.0,4.0,4.0,4.0,8.0,Av. Sensorial,P1,2026-02
Pici 1,2026-02-10,Almoço,PB,Creme de Frango,4.0,4.0,4.0,4.0,4.0,8.0,Av. Sensorial,P1,2026-02
Pici 1,2026-02-10,Almoço,VEG,Refogado de Lentilha,4.0,4.0,4.0,4.0,4.0,8.0,Av. Sensorial,P1,2026-02
Pici 1,2026-02-10,Almoço,PB,Creme de Frango,4.0,4.0,4.0,4.0,4.0,8.0,Av. Sensorial,P1,2026-02
Pici 1,2026-02-10,Almoço,VEG,Refogado de Lentilha,4.0,4.0,4.0,4.0,4.0,8.0,Av. Sensorial,P1,2026-02
Porangabussu,2026-02-10,Café,ESPECIAL,Queijo ,4.0,4.0,4.0,4.0,4.0,8.0,Av. Sensorial,PO,2026-02
Porangabussu,2026-02-10,Almoço,PV,Cubo suíno acebolado,4.0,4.0,4.0,4.0,4.0,8.0,Av. Sensorial,PO,2026-02
Porangabussu,2026-02-10,Almoço,PB,Creme de Frango,4.0,4.0,4.0,4.0,4.0,8.0,Av. Sensorial,PO,2026-02
Pici 1,2026-02-10,Jantar,PV,Isca Carne ao M. Tomate,4.0,4.0,4.0,4.0,4.0,8.0,Av. Sensorial,P1,2026-02
Pici 1,2026-02-10,Jantar,PB,Sobrecoxa Desossada,4.0,4.0,4.0,4.0,4.0,8.0,Av. Sensorial,P1,2026-02
Pici 1,2026-02-10,Jantar,VEG,Hambúrguer de Soja,4.0,4.0,4.0,4.0,4.0,8.0,Av. Sensorial,P1,2026-02
Pici 1,2026-02-10,Jantar,PV,Isca Carne ao M. Tomate,4.0,4.0,4.0,4.0,4.0,8.0,Av. Sensorial,P1,2026-02
Pici 1,2026-02-10,Jantar,PB,Sobrecoxa Desossada,4.0,4.0,4.0,4.0,4.0,8.0,Av. Sensorial,P1,2026-02
Pici 1,2026-02-10,Jantar,VEG,Hambúrguer de Soja,4.0,4.0,4.0,4.0,4.0,8.0,Av. Sensorial,P1,2026-02
Benfica,2026-02-10,Almoço,PV,Cubo suíno acebolado,4.0,4.0,4.0,4.0,4.0,8.0,Av. Sensorial,B,2026-02
Benfica,2026-02-10,Almoço,PB,Creme de Frango,4.0,4.0,4.0,4.0,4.0,8.0,Av. Sensorial,B,2026-02
Benfica,2026-02-10,Almoço,VEG,Refogado de Lentilha,4.0,4.0,4.0,4.0,4.0,8.0,Av. Sensorial,B,2026-02
Benfica,2026-02-10,Jantar,PV,Isca Carne ao M. Tomate,4.0,3.0,4.0,4.0,4.0,7.4,Av. Sensorial,B,2026-02
Benfica,2026-02-10,Jantar,PB,Sobrecoxa Desossada,4.0,4.0,4.0,4.0,4.0,8.0,Av. Sensorial,B,2026-02
Benfica,2026-02-10,Jantar,VEG,Hambúrguer de Soja,4.0,4.0,4.0,4.0,4.0,8.0,Av. Sensorial,B,2026-02
Benfica,2026-02-10,Jantar,PV,Isca Carne ao M. Tomate,4.0,4.0,2.0,4.0,4.0,7.2,Av. Sensorial,B,2026-02
Benfica,2026-02-10,Jantar,PB,Sobrecoxa Desossada,4.0,4.0,4.0,4.0,4.0,8.0,Av. Sensorial,B,2026-02
Benfica,2026-02-10,Jantar,VEG,Hambúrguer de Soja,4.0,4.0,4.0,4.0,4.0,8.0,Av. Sensorial,B,2026-02
Benfica,2026-02-11,Café,ESPECIAL,Ovos Mexidos,4.0,4.0,4.0,4.0,4.0,8.0,Av. Sensorial,B,2026-02
Benfica,2026-02-11,Café,ESPECIAL VEG,Pasta de Amendoim,4.0,4.0,4.0,4.0,4.0,8.0,Av. Sensorial,B,2026-02
Pici 1,2026-02-11,Café,ESPECIAL,Ovos Mexidos,4.0,4.0,4.0,4.0,4.0,8.0,Av. Sensorial,P1,2026-02
Pici 1,2026-02-11,Café,ESPECIAL VEG,Pasta de Amendoim,4.0,4.0,4.0,4.0,4.0,8.0,Av. Sensorial,P1,2026-02
Pici 1,2026-02-11,Almoço,PV,Feijoada,4.0,4.0,4.0,4.0,4.0,8.0,Av. Sensorial,P1,2026-02
Pici 1,2026-02-11,Almoço,PB,Sobrecoxa com Gergelim,4.0,4.0,4.0,4.0,4.0,8.0,Av. Sensorial,P1,2026-02
Pici 1,2026-02-11,Almoço,VEG,Moqueca Vegetariana,4.0,4.0,4.0,4.0,4.0,8.0,Av. Sensorial,P1,2026-02
Pici 1,2026-02-11,Almoço,PB,Sobrecoxa com Gergelim,4.0,4.0,4.0,4.0,4.0,8.0,Av. Sensorial,P1,2026-02
Pici 1,2026-02-11,Almoço,VEG,Moqueca Vegetariana,4.0,4.0,4.0,4.0,4.0,8.0,Av. Sensorial,P1,2026-02
Porangabussu,2026-02-11,Almoço,PV,Feijoada,4.0,4.0,4.0,4.0,4.0,8.0,Av. Sensorial,PO,2026-02
Porangabussu,2026-02-11,Almoço,PB,Sobrecoxa com Gergelim,4.0,4.0,4.0,4.0,4.0,8.0,Av. Sensorial,PO,2026-02
Porangabussu,2026-02-11,Almoço,VEG,Moqueca Vegetariana,4.0,4.0,4.0,4.0,4.0,8.0,Av. Sensorial,PO,2026-02
Pici 1,2026-02-11,Almoço,PV,Feijoada,4.0,4.0,3.0,4.0,4.0,7.6,Av. Sensorial,P1,2026-02
Pici 1,2026-02-11,Almoço,PB,Sobrecoxa com Gergelim,4.0,4.0,4.0,4.0,4.0,8.0,Av. Sensorial,P1,2026-02
Benfica,2026-02-11,Almoço,VEG,Moqueca Vegetariana,4.0,4.0,4.0,4.0,4.0,8.0,Av. Sensorial,B,2026-02
Benfica,2026-02-11,Almoço,PV,Feijoada,3.0,4.0,4.0,4.0,4.0,7.4,Av. Sensorial,B,2026-02
Benfica,2026-02-11,Almoço,PB,Sobrecoxa com Gergelim,4.0,4.0,4.0,4.0,4.0,8.0,Av. Sensorial,B,2026-02
Benfica,2026-02-11,Almoço,PV,Feijoada,3.0,4.0,3.0,4.0,4.0,7.0,Av. Sensorial,B,2026-02
Benfica,2026-02-11,Almoço,PB,Sobrecoxa com Gergelim,4.0,4.0,4.0,4.0,4.0,8.0,Av. Sensorial,B,2026-02
Benfica,2026-02-11,Almoço,VEG,Moqueca Vegetariana,4.0,4.0,4.0,4.0,4.0,8.0,Av. Sensorial,B,2026-02
Benfica,2026-02-11,Jantar,PV,Cubo Suíno ao M. Escuro,3.0,4.0,4.0,4.0,4.0,7.4,Av. Sensorial,B,2026-02
Benfica,2026-02-11,Jantar,PB,Isca de Frango Acebolado,3.0,4.0,4.0,4.0,4.0,7.4,Av. Sensorial,B,2026-02
Benfica,2026-02-11,Jantar,VEG,Panqueca Vegana ao Molho Branco,4.0,4.0,4.0,4.0,4.0,8.0,Av. Sensorial,B,2026-02
Benfica,2026-02-11,Jantar,PV,Cubo Suíno ao M. Escuro,4.0,4.0,4.0,4.0,4.0,8.0,Av. Sensorial,B,2026-02
Benfica,2026-02-11,Jantar,PB,Isca de Frango Acebolado,3.0,4.0,4.0,4.0,4.0,7.4,Av. Sensorial,B,2026-02
Benfica,2026-02-11,Jantar,VEG,Panqueca Vegana ao Molho Branco,4.0,4.0,4.0,4.0,4.0,8.0,Av. Sensorial,B,2026-02
Pici 1,2026-02-11,Jantar,PV,Cubo Suíno ao M. Escuro,3.0,4.0,4.0,4.0,4.0,7.4,Av. Sensorial,P1,2026-02
Pici 1,2026-02-11,Jantar,PB,Isca de Frango Acebolado,3.0,3.0,4.0,4.0,4.0,6.8,Av. Sensorial,P1,2026-02
Pici 1,2026-02-11,Jantar,VEG,Panqueca Vegana ao Molho Branco,4.0,4.0,4.0,4.0,4.0,8.0,Av. Sensorial,P1,2026-02
Pici 1,2026-02-12,Café,ESPECIAL,Iogurte ,4.0,4.0,4.0,4.0,4.0,8.0,Av. Sensorial,P1,2026-02
Pici 1,2026-02-12,Café,ESPECIAL VEG,Similar a Iogurte Vegano,4.0,4.0,4.0,4.0,4.0,8.0,Av. Sensorial,P1,2026-02
Pici 1,2026-02-12,Almoço,PV,Carne Moída Refogada,3.0,4.0,4.0,4.0,4.0,7.4,Av. Sensorial,P1,2026-02
Pici 1,2026-02-12,Almoço,PB, Frango ao M. Tropical,4.0,4.0,4.0,4.0,4.0,8.0,Av. Sensorial,P1,2026-02
Pici 1,2026-02-12,Almoço,VEG,Soja Tropical,4.0,4.0,4.0,4.0,4.0,8.0,Av. Sensorial,P1,2026-02
Pici 1,2026-02-12,Almoço,PV,Carne Moída Refogada,3.0,4.0,4.0,4.0,4.0,7.4,Av. Sensorial,P1,2026-02
Pici 1,2026-02-12,Almoço,PB, Frango ao M. Tropical,4.0,4.0,4.0,4.0,4.0,8.0,Av. Sensorial,P1,2026-02
Pici 1,2026-02-12,Almoço,VEG,Soja Tropical,4.0,4.0,4.0,4.0,4.0,8.0,Av. Sensorial,P1,2026-02
Benfica,2026-02-12,Almoço,PV,Carne Moída Refogada,4.0,4.0,4.0,4.0,4.0,8.0,Av. Sensorial,B,2026-02
Benfica,2026-02-12,Almoço,PB, Frango ao M. Tropical,4.0,4.0,4.0,4.0,4.0,8.0,Av. Sensorial,B,2026-02
Benfica,2026-02-12,Almoço,VEG,Soja Tropical,4.0,4.0,4.0,4.0,4.0,8.0,Av. Sensorial,B,2026-02
Pici 1,2026-02-12,Almoço,PV,Carne Moída Refogada,3.0,3.0,3.0,4.0,3.0,6.2,Av. Sensorial,P1,2026-02
Pici 1,2026-02-12,Almoço,PB, Frango ao M. Tropical,4.0,4.0,4.0,4.0,4.0,8.0,Av. Sensorial,P1,2026-02
Porangabussu,2026-02-12,Almoço,PV,Carne Moída Refogada,3.0,3.0,4.0,4.0,4.0,6.8,Av. Sensorial,PO,2026-02
Porangabussu,2026-02-12,Almoço,PB, Frango ao M. Tropical,4.0,4.0,3.0,4.0,4.0,7.6,Av. Sensorial,PO,2026-02
Porangabussu,2026-02-12,Almoço,VEG,Soja Tropical,4.0,4.0,4.0,4.0,4.0,8.0,Av. Sensorial,PO,2026-02
Benfica,2026-02-12,Almoço,PV,Carne Moída Refogada,3.0,3.0,3.0,4.0,4.0,6.4,Av. Sensorial,B,2026-02
Benfica,2026-02-12,Almoço,PB, Frango ao M. Tropical,4.0,4.0,4.0,4.0,4.0,8.0,Av. Sensorial,B,2026-02
Benfica,2026-02-12,Almoço,VEG,Soja Tropical,4.0,4.0,4.0,4.0,4.0,8.0,Av. Sensorial,B,2026-02
Benfica,2026-02-12,Jantar,PV,Cubos de Carne ao M. Madeira,4.0,3.0,4.0,4.0,4.0,7.4,Av. Sensorial,B,2026-02
Benfica,2026-02-12,Jantar,PB,Peixe à Delícia,4.0,4.0,4.0,4.0,4.0,8.0,Av. Sensorial,B,2026-02
Benfica,2026-02-12,Jantar,VEG,Suflê de Legumes,4.0,4.0,4.0,4.0,4.0,8.0,Av. Sensorial,B,2026-02
Pici 1,2026-02-12,Jantar,PV,Cubos de Carne ao M. Madeira,4.0,3.0,4.0,4.0,4.0,7.4,Av. Sensorial,P1,2026-02
Pici 1,2026-02-12,Jantar,PB,Peixe à Delícia,4.0,4.0,4.0,4.0,4.0,8.0,Av. Sensorial,P1,2026-02
Pici 1,2026-02-12,Jantar,VEG,Suflê de Legumes,4.0,4.0,4.0,4.0,4.0,8.0,Av. Sensorial,P1,2026-02
Benfica,2026-02-12,Jantar,PV,Cubos de Carne ao M. Madeira,3.0,2.0,3.0,4.0,3.0,5.6,Av. Sensorial,B,2026-02
Benfica,2026-02-12,Jantar,PB,Peixe à Delícia,4.0,4.0,3.0,4.0,4.0,7.6,Av. Sensorial,B,2026-02
Benfica,2026-02-12,Jantar,VEG,Suflê de Legumes,4.0,4.0,3.0,4.0,4.0,7.4,Av. Sensorial,B,2026-02
Benfica,2026-02-13,Café,ESPECIAL,Frango Desfiado,4.0,4.0,4.0,4.0,4.0,8.0,Av. Sensorial,B,2026-02
Benfica,2026-02-13,Café,ESPECIAL VEG,Geleia,4.0,4.0,4.0,4.0,4.0,8.0,Av. Sensorial,B,2026-02
Pici 1,2026-02-13,Café,ESPECIAL,Frango Desfiado,4.0,4.0,4.0,4.0,4.0,8.0,Av. Sensorial,P1,2026-02
Pici 1,2026-02-13,Café,ESPECIAL VEG,Geleia,4.0,4.0,4.0,4.0,4.0,8.0,Av. Sensorial,P1,2026-02
Pici 1,2026-02-13,Almoço,PV,Carne de Sol Acebolada,4.0,4.0,4.0,4.0,4.0,8.0,Av. Sensorial,P1,2026-02
Pici 1,2026-02-13,Almoço,PB,Sobrecoxa Assada,4.0,4.0,4.0,4.0,4.0,8.0,Av. Sensorial,P1,2026-02
Pici 1,2026-02-13,Almoço,VEG,Assado de Grão de Bico com Legumes,4.0,4.0,4.0,4.0,4.0,8.0,Av. Sensorial,P1,2026-02
Pici 1,2026-02-13,Almoço,PV,Carne de Sol Acebolada,4.0,4.0,4.0,4.0,4.0,8.0,Av. Sensorial,P1,2026-02
Pici 1,2026-02-13,Almoço,PB,Sobrecoxa Assada,4.0,4.0,4.0,4.0,4.0,8.0,Av. Sensorial,P1,2026-02
Pici 1,2026-02-13,Almoço,VEG,Assado de Grão de Bico com Legumes,4.0,4.0,4.0,4.0,4.0,8.0,Av. Sensorial,P1,2026-02
Benfica,2026-02-13,Almoço,PV,Carne de Sol Acebolada,4.0,4.0,4.0,4.0,4.0,8.0,Av. Sensorial,B,2026-02
Benfica,2026-02-13,Almoço,PB,Sobrecoxa Assada,4.0,4.0,4.0,4.0,4.0,8.0,Av. Sensorial,B,2026-02
Benfica,2026-02-13,Almoço,VEG,Assado de Grão de Bico com Legumes,4.0,4.0,4.0,4.0,4.0,8.0,Av. Sensorial,B,2026-02
Pici 1,2026-02-13,Almoço,PV,Carne de Sol Acebolada,4.0,4.0,4.0,4.0,4.0,8.0,Av. Sensorial,P1,2026-02
Pici 1,2026-02-13,Almoço,PB,Sobrecoxa Assada,4.0,4.0,4.0,4.0,4.0,8.0,Av. Sensorial,P1,2026-02
Porangabussu,2026-02-13,Almoço,PV,Carne de Sol Acebolada,4.0,4.0,4.0,4.0,4.0,8.0,Av. Sensorial,PO,2026-02
Porangabussu,2026-02-13,Almoço,PB,Sobrecoxa Assada,4.0,4.0,4.0,4.0,4.0,8.0,Av. Sensorial,PO,2026-02
Porangabussu,2026-02-13,Almoço,VEG,Assado de Grão de Bico com Legumes,4.0,4.0,3.0,4.0,4.0,7.4,Av. Sensorial,PO,2026-02
Pici 1,2026-02-13,Jantar,PV,Torta de Calabresa,4.0,4.0,3.0,4.0,4.0,7.6,Av. Sensorial,P1,2026-02
Pici 1,2026-02-13,Jantar,PB,Cubos de Frango ao M. Escuro,3.0,4.0,4.0,4.0,4.0,7.4,Av. Sensorial,P1,2026-02
Pici 1,2026-02-13,Jantar,VEG,Torta de Legumes,4.0,4.0,4.0,4.0,4.0,8.0,Av. Sensorial,P1,2026-02
Benfica,2026-02-13,Almoço,PV,Carne de Sol Acebolada,4.0,4.0,4.0,4.0,4.0,8.0,Av. Sensorial,B,2026-02
Benfica,2026-02-13,Almoço,PB,Sobrecoxa Assada,4.0,4.0,4.0,4.0,4.0,8.0,Av. Sensorial,B,2026-02
Benfica,2026-02-13,Almoço,VEG,Assado de Grão de Bico com Legumes,4.0,4.0,4.0,4.0,4.0,8.0,Av. Sensorial,B,2026-02
Benfica,2026-02-13,Jantar,PV,Torta de Calabresa,4.0,4.0,4.0,4.0,4.0,8.0,Av. Sensorial,B,2026-02
Benfica,2026-02-13,Jantar,PB,Cubos de Frango ao M. Escuro,3.0,4.0,4.0,4.0,4.0,7.4,Av. Sensorial,B,2026-02
Benfica,2026-02-13,Jantar,VEG,Torta de Legumes,4.0,4.0,4.0,4.0,4.0,8.0,Av. Sensorial,B,2026-02
Pici 1,2026-02-19,Café,ESPECIAL,Iogurte ,4.0,4.0,4.0,4.0,4.0,8.0,Av. Sensorial,P1,2026-02
Pici 1,2026-02-19,Café,ESPECIAL VEG,Similar a Iogurte Vegano,4.0,4.0,3.0,4.0,4.0,7.428571428571429,Av. Sensorial,P1,2026-02
Benfica,2026-02-19,Almoço,PV,Assado de Panela,4.0,3.0,4.0,4.0,4.0,7.4,Av. Sensorial,B,2026-02
Benfica,2026-02-19,Almoço,PB,Peixe ao M. de Peixada,3.0,4.0,4.0,4.0,4.0,7.4,Av. Sensorial,B,2026-02
Benfica,2026-02-19,Almoço,VEG,Soja à Bolonhesa,4.0,4.0,4.0,4.0,4.0,8.0,Av. Sensorial,B,2026-02
Pici 1,2026-02-19,Almoço,PV,Assado de Panela,4.0,4.0,4.0,4.0,4.0,8.0,Av. Sensorial,P1,2026-02
Pici 1,2026-02-19,Almoço,PB,Peixe ao M. de Peixada,4.0,4.0,4.0,4.0,4.0,8.0,Av. Sensorial,P1,2026-02
Pici 1,2026-02-19,Almoço,VEG,Soja à Bolonhesa,4.0,4.0,4.0,4.0,4.0,8.0,Av. Sensorial,P1,2026-02
Pici 1,2026-02-19,Almoço,PV,Assado de Panela,4.0,4.0,4.0,4.0,4.0,8.0,Av. Sensorial,P1,2026-02
Pici 1,2026-02-19,Almoço,PB,Peixe ao M. de Peixada,4.0,4.0,4.0,4.0,4.0,8.0,Av. Sensorial,P1,2026-02
Pici 1,2026-02-19,Almoço,VEG,Soja à Bolonhesa,4.0,4.0,4.0,4.0,4.0,8.0,Av. Sensorial,P1,2026-02
Pici 1,2026-02-19,Almoço,PV,Assado de Panela,4.0,4.0,4.0,4.0,4.0,8.0,Av. Sensorial,P1,2026-02
Pici 1,2026-02-19,Almoço,PB,Peixe ao M. de Peixada,4.0,4.0,4.0,4.0,4.0,8.0,Av. Sensorial,P1,2026-02
Pici 1,2026-02-19,Almoço,VEG,Soja à Bolonhesa,4.0,4.0,4.0,4.0,4.0,8.0,Av. Sensorial,P1,2026-02
Porangabussu,2026-02-19,Almoço,PV,Assado de Panela,4.0,4.0,5.0,4.0,4.0,8.4,Av. Sensorial,PO,2026-02
Porangabussu,2026-02-19,Almoço,PB,Peixe ao M. de Peixada,4.0,4.0,4.0,4.0,4.0,8.0,Av. Sensorial,PO,2026-02
Porangabussu,2026-02-19,Almoço,VEG,Soja à Bolonhesa,4.0,4.0,4.0,4.0,4.0,8.0,Av. Sensorial,PO,2026-02
Porangabussu,2026-02-19,Almoço,PV,Assado de Panela,4.0,4.0,4.0,4.0,4.0,8.0,Av. Sensorial,PO,2026-02
Porangabussu,2026-02-19,Almoço,PB,Peixe ao M. de Peixada,4.0,4.0,4.0,4.0,4.0,8.0,Av. Sensorial,PO,2026-02
Porangabussu,2026-02-19,Almoço,VEG,Soja à Bolonhesa,4.0,4.0,4.0,4.0,4.0,8.0,Av. Sensorial,PO,2026-02
Benfica,2026-02-19,Almoço,PV,Assado de Panela,4.0,4.0,4.0,4.0,4.0,8.0,Av. Sensorial,B,2026-02
Benfica,2026-02-19,Almoço,PB,Peixe ao M. de Peixada,4.0,4.0,3.0,4.0,4.0,7.6,Av. Sensorial,B,2026-02
Pici 1,2026-02-19,Jantar,PV,Cubo suíno acebolado,4.0,4.0,4.0,4.0,4.0,8.0,Av. Sensorial,P1,2026-02
Pici 1,2026-02-19,Jantar,PB,Cubos de Frango com Ervas,4.0,4.0,4.0,4.0,4.0,8.0,Av. Sensorial,P1,2026-02
Pici 1,2026-02-19,Jantar,VEG,Bolo Salgado Vegano,4.0,4.0,4.0,4.0,4.0,8.0,Av. Sensorial,P1,2026-02
Benfica,2026-02-19,Almoço,PV,Assado de Panela,4.0,4.0,4.0,4.0,4.0,8.0,Av. Sensorial,B,2026-02
Benfica,2026-02-19,Almoço,PB,Peixe ao M. de Peixada,4.0,4.0,4.0,4.0,4.0,8.0,Av. Sensorial,B,2026-02
Benfica,2026-02-19,Almoço,VEG,Soja à Bolonhesa,4.0,4.0,4.0,4.0,4.0,8.0,Av. Sensorial,B,2026-02
Benfica,2026-02-19,Jantar,PV,Cubo suíno acebolado,4.0,4.0,4.0,4.0,4.0,8.0,Av. Sensorial,B,2026-02
Benfica,2026-02-19,Jantar,PB,Cubos de Frango com Ervas,4.0,4.0,4.0,4.0,4.0,8.0,Av. Sensorial,B,2026-02
Benfica,2026-02-19,Jantar,VEG,Bolo Salgado Vegano,4.0,4.0,4.0,4.0,4.0,8.0,Av. Sensorial,B,2026-02
Benfica,2026-02-20,Café,ESPECIAL,Frango Desfiado,4.0,4.0,4.0,4.0,4.0,8.0,Av. Sensorial,B,2026-02
Benfica,2026-02-20,Café,ESPECIAL VEG,Geleia,4.0,4.0,4.0,4.0,4.0,8.0,Av. Sensorial,B,2026-02
Pici 1,2026-02-20,Café,ESPECIAL,Frango Desfiado,4.0,4.0,4.0,4.0,4.0,8.0,Av. Sensorial,P1,2026-02
Pici 1,2026-02-20,Café,ESPECIAL VEG,Geleia,4.0,4.0,4.0,4.0,4.0,8.0,Av. Sensorial,P1,2026-02
Benfica,2026-02-20,Almoço,VEG,Refogado  de Soja,4.0,4.0,4.0,4.0,4.0,8.0,Av. Sensorial,B,2026-02
Pici 1,2026-02-20,Almoço,PV,Isca de Fígado ao Molho,4.0,4.0,4.0,4.0,4.0,8.0,Av. Sensorial,P1,2026-02
Pici 1,2026-02-20,Almoço,PB,Isca de Frango ao Molho Vermelho,4.0,4.0,4.0,4.0,4.0,8.0,Av. Sensorial,P1,2026-02
Pici 1,2026-02-20,Almoço,VEG,Refogado  de Soja,4.0,4.0,4.0,4.0,4.0,8.0,Av. Sensorial,P1,2026-02
Labomar,2026-02-19,Almoço,PV,Assado de Panela,4.0,4.0,4.0,4.0,4.0,8.0,Av. Sensorial,L,2026-02
Labomar,2026-02-19,Almoço,PB,Peixe ao M. de Peixada,4.0,4.0,4.0,4.0,4.0,8.0,Av. Sensorial,L,2026-02
Labomar,2026-02-19,Almoço,VEG,Soja à Bolonhesa,4.0,4.0,4.0,4.0,4.0,8.0,Av. Sensorial,L,2026-02
Labomar,2026-02-20,Almoço,PV,Isca de Fígado ao Molho,4.0,4.0,4.0,4.0,4.0,8.0,Av. Sensorial,L,2026-02
Labomar,2026-02-20,Almoço,PB,Isca de Frango ao Molho Vermelho,4.0,4.0,4.0,4.0,4.0,8.0,Av. Sensorial,L,2026-02
Labomar,2026-02-20,Almoço,VEG,Refogado  de Soja,4.0,4.0,4.0,4.0,4.0,8.0,Av. Sensorial,L,2026-02
Pici 1,2026-02-20,Almoço,PV,Isca de Fígado ao Molho,4.0,4.0,4.0,4.0,4.0,8.0,Av. Sensorial,P1,2026-02
Pici 1,2026-02-20,Almoço,PB,Isca de Frango ao Molho Vermelho,4.0,4.0,4.0,4.0,4.0,8.0,Av. Sensorial,P1,2026-02
Pici 1,2026-02-20,Almoço,VEG,Refogado  de Soja,4.0,4.0,4.0,4.0,4.0,8.0,Av. Sensorial,P1,2026-02
Pici 1,2026-02-20,Almoço,PV,Isca de Fígado ao Molho,5.0,5.0,5.0,5.0,5.0,10.0,Av. Sensorial,P1,2026-02
Pici 1,2026-02-20,Almoço,PB,Isca de Frango ao Molho Vermelho,4.0,4.0,4.0,4.0,4.0,8.0,Av. Sensorial,P1,2026-02
Pici 1,2026-02-20,Almoço,VEG,Refogado  de Soja,3.0,3.0,4.0,4.0,4.0,7.0,Av. Sensorial,P1,2026-02
Porangabussu,2026-02-20,Almoço,PV,Isca de Fígado ao Molho,4.0,4.0,4.0,4.0,4.0,8.0,Av. Sensorial,PO,2026-02
Porangabussu,2026-02-20,Almoço,PB,Isca de Frango ao Molho Vermelho,4.0,4.0,4.0,4.0,4.0,8.0,Av. Sensorial,PO,2026-02
Porangabussu,2026-02-20,Almoço,VEG,Refogado  de Soja,4.0,4.0,4.0,4.0,4.0,8.0,Av. Sensorial,PO,2026-02
Porangabussu,2026-02-20,Almoço,PB,Isca de Frango ao Molho Vermelho,4.0,4.0,4.0,4.0,4.0,8.0,Av. Sensorial,PO,2026-02
Porangabussu,2026-02-20,Almoço,VEG,Refogado  de Soja,4.0,3.0,3.0,4.0,4.0,7.0,Av. Sensorial,PO,2026-02
Benfica,2026-02-20,Almoço,VEG,Refogado  de Soja,4.0,3.0,3.0,4.0,4.0,7.0,Av. Sensorial,B,2026-02
Benfica,2026-02-20,Jantar,VEG,Lasanha de Brócolis,4.0,4.0,4.0,4.0,4.0,8.0,Av. Sensorial,B,2026-02
Benfica,2026-02-20,Jantar,PV,Lasanha de Calabresa,4.0,4.0,4.0,4.0,4.0,8.0,Av. Sensorial,B,2026-02
Benfica,2026-02-20,Jantar,PB,Sobrecoxa Assada,4.0,4.0,4.0,4.0,4.0,8.0,Av. Sensorial,B,2026-02
Benfica,2026-02-20,Jantar,VEG,Lasanha de Brócolis,4.0,4.0,4.0,4.0,4.0,8.0,Av. Sensorial,B,2026-02
Pici 1,2026-02-20,Jantar,PV,Lasanha de Calabresa,3.0,4.0,3.0,4.0,3.0,6.8,Av. Sensorial,P1,2026-02
Pici 1,2026-02-20,Jantar,PB,Sobrecoxa Assada,4.0,4.0,4.0,4.0,4.0,8.0,Av. Sensorial,P1,2026-02
Pici 1,2026-02-20,Jantar,VEG,Lasanha de Brócolis,4.0,4.0,4.0,4.0,4.0,8.0,Av. Sensorial,P1,2026-02
Pici 1,2026-02-20,Jantar,PV,Lasanha de Calabresa,3.0,4.0,3.0,4.0,4.0,7.0,Av. Sensorial,P1,2026-02
Pici 1,2026-02-20,Jantar,PB,Sobrecoxa Assada,4.0,4.0,4.0,4.0,4.0,8.0,Av. Sensorial,P1,2026-02
Pici 1,2026-02-20,Jantar,VEG,Lasanha de Brócolis,4.0,4.0,4.0,4.0,4.0,8.0,Av. Sensorial,P1,2026-02
Benfica,2026-02-23,Café,ESPECIAL,Achocolatado,4.0,4.0,4.0,4.0,4.0,8.0,Av. Sensorial,B,2026-02
Benfica,2026-02-23,Café,ESPECIAL VEG,Achocolatado vegano ,4.0,4.0,4.0,4.0,4.0,8.0,Av. Sensorial,B,2026-02
Pici 1,2026-02-23,Café,ESPECIAL,Achocolatado,4.0,4.0,4.0,4.0,4.0,8.0,Av. Sensorial,P1,2026-02
Pici 1,2026-02-23,Café,ESPECIAL VEG,Achocolatado vegano ,4.0,4.0,4.0,4.0,4.0,8.0,Av. Sensorial,P1,2026-02
Labomar,2026-02-23,Almoço,PV,Cubos de Carne ao M. Madeira,3.0,3.0,4.0,4.0,3.0,6.6,Av. Sensorial,L,2026-02
Labomar,2026-02-23,Almoço,PB,Sobrecoxa com Gergelim,4.0,4.0,4.0,4.0,4.0,8.0,Av. Sensorial,L,2026-02
Labomar,2026-02-23,Almoço,VEG,Vatapá Vegano,4.0,4.0,3.0,4.0,3.0,7.2,Av. Sensorial,L,2026-02
Benfica,2026-02-23,Almoço,PV,Cubos de Carne ao M. Madeira,4.0,4.0,4.0,4.0,4.0,8.0,Av. Sensorial,B,2026-02
Benfica,2026-02-23,Almoço,PB,Sobrecoxa com Gergelim,4.0,4.0,4.0,4.0,4.0,8.0,Av. Sensorial,B,2026-02
Benfica,2026-02-23,Almoço,VEG,Vatapá Vegano,3.0,4.0,3.0,4.0,4.0,6.8,Av. Sensorial,B,2026-02
Pici 1,2026-02-23,Almoço,PV,Cubos de Carne ao M. Madeira,3.0,4.0,4.0,4.0,4.0,7.4,Av. Sensorial,P1,2026-02
Pici 1,2026-02-23,Almoço,PB,Sobrecoxa com Gergelim,4.0,4.0,4.0,4.0,4.0,8.0,Av. Sensorial,P1,2026-02
Pici 1,2026-02-23,Almoço,VEG,Vatapá Vegano,4.0,4.0,4.0,4.0,4.0,8.0,Av. Sensorial,P1,2026-02
Porangabussu,2026-02-23,Almoço,PV,Cubos de Carne ao M. Madeira,4.0,4.0,4.0,4.0,4.0,8.0,Av. Sensorial,PO,2026-02
Porangabussu,2026-02-23,Almoço,PB,Sobrecoxa com Gergelim,4.0,4.0,4.0,4.0,4.0,8.0,Av. Sensorial,PO,2026-02
Porangabussu,2026-02-23,Almoço,VEG,Vatapá Vegano,4.0,4.0,4.0,4.0,4.0,8.0,Av. Sensorial,PO,2026-02
Porangabussu,2026-02-23,Almoço,PV,Cubos de Carne ao M. Madeira,3.0,3.0,3.0,4.0,3.0,6.2,Av. Sensorial,PO,2026-02
Porangabussu,2026-02-23,Almoço,PB,Sobrecoxa com Gergelim,4.0,4.0,4.0,4.0,4.0,8.0,Av. Sensorial,PO,2026-02
Porangabussu,2026-02-23,Almoço,VEG,Vatapá Vegano,4.0,4.0,4.0,4.0,4.0,8.0,Av. Sensorial,PO,2026-02
Benfica,2026-02-23,Almoço,VEG,Vatapá Vegano,4.0,4.0,3.0,4.0,4.0,7.4,Av. Sensorial,B,2026-02
Benfica,2026-02-23,Jantar,VEG,Estrogonofe de Legumes,4.0,4.0,4.0,4.0,4.0,8.0,Av. Sensorial,B,2026-02
Pici 1,2026-02-23,Almoço,PV,Cubos de Carne ao M. Madeira,2.0,4.0,3.0,4.0,3.0,6.2,Av. Sensorial,P1,2026-02
Pici 1,2026-02-23,Almoço,PB,Sobrecoxa com Gergelim,4.0,4.0,4.0,4.0,4.0,8.0,Av. Sensorial,P1,2026-02
Pici 1,2026-02-23,Almoço,VEG,Vatapá Vegano,4.0,4.0,4.0,4.0,4.0,8.0,Av. Sensorial,P1,2026-02
Pici 1,2026-02-24,Café,ESPECIAL,Queijo ,4.0,4.0,4.0,4.0,4.0,8.0,Av. Sensorial,P1,2026-02
Pici 1,2026-02-24,Café,ESPECIAL VEG,Granola,4.0,4.0,4.0,4.0,4.0,8.0,Av. Sensorial,P1,2026-02
Pici 1,2026-02-24,Almoço,PV,Cubos Suíno ao molho barbecue,4.0,4.0,4.0,4.0,4.0,8.0,Av. Sensorial,P1,2026-02
Pici 1,2026-02-24,Almoço,PB,Isca de Frango Acebolado,4.0,3.0,4.0,4.0,3.0,7.2,Av. Sensorial,P1,2026-02
Pici 1,2026-02-24,Almoço,VEG,Guisado de Lentilha,4.0,4.0,4.0,4.0,4.0,8.0,Av. Sensorial,P1,2026-02
Labomar,2026-02-24,Almoço,PV,Cubos Suíno ao molho barbecue,4.0,4.0,4.0,4.0,4.0,8.0,Av. Sensorial,L,2026-02
Labomar,2026-02-24,Almoço,PB,Isca de Frango Acebolado,4.0,4.0,4.0,4.0,4.0,8.0,Av. Sensorial,L,2026-02
Labomar,2026-02-24,Almoço,VEG,Guisado de Lentilha,4.0,4.0,4.0,4.0,4.0,8.0,Av. Sensorial,L,2026-02
Pici 1,2026-02-24,Almoço,PV,Cubos Suíno ao molho barbecue,4.0,5.0,5.0,4.0,4.0,9.0,Av. Sensorial,P1,2026-02
Pici 1,2026-02-24,Almoço,PB,Isca de Frango Acebolado,4.0,3.0,3.0,4.0,4.0,7.0,Av. Sensorial,P1,2026-02
Pici 1,2026-02-24,Almoço,VEG,Guisado de Lentilha,4.0,4.0,2.0,4.0,4.0,6.8,Av. Sensorial,P1,2026-02
Porangabussu,2026-02-24,Café,ESPECIAL,Queijo ,4.0,4.0,4.0,4.0,4.0,8.0,Av. Sensorial,PO,2026-02
Porangabussu,2026-02-24,Almoço,PV,Cubos Suíno ao molho barbecue,4.0,4.0,4.0,4.0,4.0,8.0,Av. Sensorial,PO,2026-02
Porangabussu,2026-02-24,Almoço,PB,Isca de Frango Acebolado,4.0,4.0,4.0,4.0,4.0,8.0,Av. Sensorial,PO,2026-02
Porangabussu,2026-02-24,Almoço,VEG,Guisado de Lentilha,3.0,4.0,3.0,4.0,4.0,6.8,Av. Sensorial,PO,2026-02
Porangabussu,2026-02-24,Almoço,PV,Cubos Suíno ao molho barbecue,4.0,4.0,4.0,4.0,4.0,8.0,Av. Sensorial,PO,2026-02
Porangabussu,2026-02-24,Almoço,PB,Isca de Frango Acebolado,4.0,4.0,4.0,4.0,4.0,8.0,Av. Sensorial,PO,2026-02
Porangabussu,2026-02-24,Almoço,VEG,Guisado de Lentilha,3.0,3.0,3.0,4.0,3.0,6.2,Av. Sensorial,PO,2026-02
Pici 1,2026-02-24,Almoço,PV,Cubos Suíno ao molho barbecue,4.0,4.0,4.0,4.0,4.0,8.0,Av. Sensorial,P1,2026-02
Pici 1,2026-02-24,Almoço,PB,Isca de Frango Acebolado,4.0,4.0,4.0,4.0,4.0,8.0,Av. Sensorial,P1,2026-02
Pici 1,2026-02-24,Almoço,VEG,Guisado de Lentilha,4.0,4.0,4.0,4.0,4.0,8.0,Av. Sensorial,P1,2026-02
Benfica,2026-02-24,Almoço,PV,Cubos Suíno ao molho barbecue,4.0,4.0,4.0,4.0,4.0,8.0,Av. Sensorial,B,2026-02
Benfica,2026-02-24,Almoço,PB,Isca de Frango Acebolado,3.0,4.0,4.0,4.0,4.0,7.4,Av. Sensorial,B,2026-02
Benfica,2026-02-24,Almoço,VEG,Guisado de Lentilha,3.0,3.0,3.0,4.0,4.0,6.4,Av. Sensorial,B,2026-02
Benfica,2026-02-24,Jantar,PV,Estrogonofe de Carne,4.0,3.0,3.0,4.0,4.0,7.0,Av. Sensorial,B,2026-02
Benfica,2026-02-24,Jantar,PB,Sobrecoxa Crocante,4.0,4.0,4.0,4.0,4.0,8.0,Av. Sensorial,B,2026-02
Benfica,2026-02-24,Jantar,VEG,Soja á Bolonhesa,4.0,4.0,4.0,4.0,4.0,8.0,Av. Sensorial,B,2026-02
Benfica,2026-02-24,Jantar,PV,Estrogonofe de Carne,3.0,3.0,4.0,4.0,4.0,6.8,Av. Sensorial,B,2026-02
Benfica,2026-02-24,Jantar,PB,Sobrecoxa Crocante,4.0,4.0,4.0,4.0,4.0,8.0,Av. Sensorial,B,2026-02
Benfica,2026-02-24,Jantar,VEG,Soja á Bolonhesa,3.0,4.0,3.0,4.0,4.0,6.8,Av. Sensorial,B,2026-02
Pici 1,2026-02-24,Jantar,PV,Estrogonofe de Carne,4.0,3.0,4.0,4.0,4.0,7.4,Av. Sensorial,P1,2026-02
Pici 1,2026-02-24,Jantar,PB,Sobrecoxa Crocante,4.0,4.0,4.0,4.0,4.0,8.0,Av. Sensorial,P1,2026-02
Pici 1,2026-02-24,Jantar,VEG,Soja á Bolonhesa,4.0,4.0,4.0,4.0,4.0,8.0,Av. Sensorial,P1,2026-02
Benfica,2026-02-25,Café,ESPECIAL,Ovos Mexidos,4.0,4.0,4.0,4.0,4.0,8.0,Av. Sensorial,B,2026-02
Benfica,2026-02-25,Café,ESPECIAL VEG,Pasta de Amendoim,4.0,4.0,4.0,4.0,4.0,8.0,Av. Sensorial,B,2026-02
Pici 1,2026-02-25,Café,ESPECIAL,Ovos Mexidos,4.0,4.0,3.0,4.0,4.0,7.333333333333333,Av. Sensorial,P1,2026-02
Pici 1,2026-02-25,Café,ESPECIAL VEG,Pasta de Amendoim,4.0,4.0,4.0,4.0,4.0,8.0,Av. Sensorial,P1,2026-02
Benfica,2026-02-24,Almoço,PV,Cubos Suíno ao molho barbecue,3.0,4.0,5.0,4.0,4.0,7.8,Av. Sensorial,B,2026-02
Benfica,2026-02-24,Almoço,PB,Isca de Frango Acebolado,4.0,4.0,4.0,4.0,4.0,8.0,Av. Sensorial,B,2026-02
Benfica,2026-02-24,Almoço,VEG,Guisado de Lentilha,4.0,4.0,5.0,4.0,4.0,8.6,Av. Sensorial,B,2026-02
Benfica,2026-02-25,Almoço,PV,Feijoada,3.0,4.0,4.0,4.0,4.0,7.4,Av. Sensorial,B,2026-02
Benfica,2026-02-25,Almoço,PB,Sobrecoxa Assada,4.0,4.0,4.0,4.0,4.0,8.0,Av. Sensorial,B,2026-02
Benfica,2026-02-25,Almoço,VEG,Refogado  de Soja,4.0,4.0,4.0,4.0,4.0,8.0,Av. Sensorial,B,2026-02
Benfica,2026-02-25,Almoço,PV,Feijoada,3.0,4.0,4.0,4.0,4.0,7.4,Av. Sensorial,B,2026-02
Benfica,2026-02-25,Almoço,PB,Sobrecoxa Assada,4.0,4.0,4.0,4.0,4.0,8.0,Av. Sensorial,B,2026-02
Benfica,2026-02-25,Almoço,VEG,Refogado  de Soja,4.0,4.0,4.0,4.0,4.0,8.0,Av. Sensorial,B,2026-02
Labomar,2026-02-25,Almoço,PV,Feijoada,4.0,4.0,4.0,4.0,4.0,8.0,Av. Sensorial,L,2026-02
Labomar,2026-02-25,Almoço,PB,Sobrecoxa Assada,4.0,4.0,4.0,4.0,4.0,8.0,Av. Sensorial,L,2026-02
Labomar,2026-02-25,Almoço,VEG,Refogado  de Soja,4.0,4.0,4.0,4.0,4.0,8.0,Av. Sensorial,L,2026-02
Porangabussu,2026-02-25,Almoço,PV,Feijoada,4.0,4.0,4.0,4.0,4.0,8.0,Av. Sensorial,PO,2026-02
Porangabussu,2026-02-25,Almoço,PB,Sobrecoxa Assada,4.0,4.0,4.0,4.0,4.0,8.0,Av. Sensorial,PO,2026-02
Porangabussu,2026-02-25,Almoço,VEG,Refogado  de Soja,4.0,4.0,4.0,4.0,4.0,8.0,Av. Sensorial,PO,2026-02
Porangabussu,2026-02-25,Almoço,PV,Feijoada,4.0,4.0,4.0,4.0,4.0,8.0,Av. Sensorial,PO,2026-02
Porangabussu,2026-02-25,Almoço,PB,Sobrecoxa Assada,4.0,4.0,4.0,4.0,4.0,8.0,Av. Sensorial,PO,2026-02
Porangabussu,2026-02-25,Almoço,VEG,Refogado  de Soja,4.0,4.0,3.0,4.0,4.0,7.4,Av. Sensorial,PO,2026-02
Pici 1,2026-02-25,Almoço,PV,Feijoada,4.0,4.0,4.0,4.0,4.0,8.0,Av. Sensorial,P1,2026-02
Pici 1,2026-02-25,Almoço,PB,Sobrecoxa Assada,4.0,4.0,3.0,4.0,4.0,7.6,Av. Sensorial,P1,2026-02
Pici 1,2026-02-25,Almoço,VEG,Refogado  de Soja,4.0,4.0,4.0,4.0,4.0,8.0,Av. Sensorial,P1,2026-02
Pici 1,2026-02-25,Almoço,PV,Feijoada,4.0,4.0,4.0,4.0,4.0,8.0,Av. Sensorial,P1,2026-02
Pici 1,2026-02-25,Almoço,PB,Sobrecoxa Assada,4.0,4.0,4.0,4.0,4.0,8.0,Av. Sensorial,P1,2026-02
Pici 1,2026-02-25,Almoço,VEG,Refogado  de Soja,4.0,4.0,4.0,4.0,4.0,8.0,Av. Sensorial,P1,2026-02
Benfica,2026-02-25,Almoço,PV,Feijoada,3.0,4.0,4.0,4.0,4.0,7.4,Av. Sensorial,B,2026-02
Benfica,2026-02-25,Almoço,PB,Sobrecoxa Assada,4.0,4.0,4.0,4.0,4.0,8.0,Av. Sensorial,B,2026-02
Benfica,2026-02-25,Almoço,VEG,Refogado  de Soja,4.0,4.0,4.0,4.0,4.0,8.0,Av. Sensorial,B,2026-02
Benfica,2026-02-25,Jantar,PV,Cubo Suíno ao M. Escuro,3.0,4.0,4.0,4.0,4.0,7.4,Av. Sensorial,B,2026-02
Benfica,2026-02-25,Jantar,PB,Cubos de Frango ao M. de Legumes,4.0,4.0,4.0,4.0,4.0,8.0,Av. Sensorial,B,2026-02
Benfica,2026-02-25,Jantar,VEG,Almôndegas de Lentilha,4.0,4.0,4.0,4.0,4.0,8.0,Av. Sensorial,B,2026-02
Pici 1,2026-02-25,Jantar,PV,Cubo Suíno ao M. Escuro,3.0,4.0,4.0,4.0,4.0,7.4,Av. Sensorial,P1,2026-02
Pici 1,2026-02-25,Jantar,PB,Cubos de Frango ao M. de Legumes,4.0,4.0,4.0,4.0,4.0,8.0,Av. Sensorial,P1,2026-02
Pici 1,2026-02-25,Jantar,VEG,Almôndegas de Lentilha,4.0,4.0,4.0,4.0,4.0,8.0,Av. Sensorial,P1,2026-02
Pici 1,2026-02-25,Almoço,PV,Feijoada,4.0,4.0,4.0,4.0,4.0,8.0,Av. Sensorial,P1,2026-02
Pici 1,2026-02-25,Almoço,PB,Sobrecoxa Assada,4.0,4.0,4.0,4.0,4.0,8.0,Av. Sensorial,P1,2026-02
Pici 1,2026-02-25,Almoço,VEG,Refogado  de Soja,4.0,4.0,4.0,4.0,4.0,8.0,Av. Sensorial,P1,2026-02
Pici 1,2026-02-26,Café,ESPECIAL,Iogurte ,4.0,4.0,4.0,4.0,4.0,8.0,Av. Sensorial,P1,2026-02
Pici 1,2026-02-26,Café,ESPECIAL VEG,Similar a Iogurte Vegano,4.0,4.0,4.0,4.0,4.0,8.0,Av. Sensorial,P1,2026-02
Porangabussu,2026-02-26,Almoço,PV,Carne Moída Refogada,4.0,4.0,4.0,4.0,4.0,8.0,Av. Sensorial,PO,2026-02
Porangabussu,2026-02-26,Almoço,PB,Cubos de Frango ao M. de Tomate,4.0,4.0,4.0,4.0,4.0,8.0,Av. Sensorial,PO,2026-02
Porangabussu,2026-02-26,Almoço,VEG,Assado de Grão de Bico,3.0,3.0,3.0,4.0,3.0,6.2,Av. Sensorial,PO,2026-02
Porangabussu,2026-02-26,Almoço,PV,Carne Moída Refogada,4.0,4.0,4.0,4.0,4.0,8.0,Av. Sensorial,PO,2026-02
Porangabussu,2026-02-26,Almoço,PB,Cubos de Frango ao M. de Tomate,4.0,4.0,4.0,4.0,4.0,8.0,Av. Sensorial,PO,2026-02
Porangabussu,2026-02-26,Almoço,VEG,Assado de Grão de Bico,4.0,4.0,4.0,4.0,4.0,8.0,Av. Sensorial,PO,2026-02
Pici 1,2026-02-26,Almoço,PV,Carne Moída Refogada,4.0,4.0,4.0,4.0,4.0,8.0,Av. Sensorial,P1,2026-02
Pici 1,2026-02-26,Almoço,PB,Cubos de Frango ao M. de Tomate,4.0,4.0,4.0,4.0,4.0,8.0,Av. Sensorial,P1,2026-02
Pici 1,2026-02-26,Almoço,VEG,Assado de Grão de Bico,4.0,4.0,4.0,4.0,4.0,8.0,Av. Sensorial,P1,2026-02
Pici 1,2026-02-26,Jantar,PV,Isca de Carne Chinesa,3.0,4.0,4.0,4.0,4.0,7.4,Av. Sensorial,P1,2026-02
Pici 1,2026-02-26,Jantar,PB,Peixe ao M. Branco,4.0,4.0,4.0,4.0,4.0,8.0,Av. Sensorial,P1,2026-02
Pici 1,2026-02-26,Jantar,VEG,Yakissoba Vegetariano,4.0,4.0,4.0,4.0,4.0,8.0,Av. Sensorial,P1,2026-02
Benfica,2026-02-26,Almoço,PV,Carne Moída Refogada,4.0,4.0,4.0,4.0,4.0,8.0,Av. Sensorial,B,2026-02
Benfica,2026-02-26,Almoço,PB,Cubos de Frango ao M. de Tomate,4.0,4.0,4.0,4.0,4.0,8.0,Av. Sensorial,B,2026-02
Benfica,2026-02-26,Almoço,VEG,Assado de Grão de Bico,4.0,4.0,4.0,4.0,4.0,8.0,Av. Sensorial,B,2026-02
Benfica,2026-02-26,Almoço,PV,Carne Moída Refogada,4.0,4.0,4.0,4.0,4.0,8.0,Av. Sensorial,B,2026-02
Benfica,2026-02-26,Almoço,PB,Cubos de Frango ao M. de Tomate,4.0,4.0,4.0,4.0,4.0,8.0,Av. Sensorial,B,2026-02
Benfica,2026-02-26,Almoço,VEG,Assado de Grão de Bico,4.0,4.0,4.0,4.0,4.0,8.0,Av. Sensorial,B,2026-02
Benfica,2026-02-26,Jantar,PV,Isca de Carne Chinesa,4.0,4.0,4.0,4.0,4.0,8.0,Av. Sensorial,B,2026-02
Benfica,2026-02-26,Jantar,PB,Peixe ao M. Branco,4.0,4.0,4.0,4.0,4.0,8.0,Av. Sensorial,B,2026-02
Benfica,2026-02-26,Jantar,VEG,Yakissoba Vegetariano,4.0,4.0,4.0,4.0,4.0,8.0,Av. Sensorial,B,2026-02
Pici 1,2026-02-26,Almoço,PV,Carne Moída Refogada,4.0,4.0,4.0,4.0,4.0,8.0,Av. Sensorial,P1,2026-02
Pici 1,2026-02-26,Almoço,PB,Cubos de Frango ao M. de Tomate,4.0,4.0,4.0,4.0,4.0,8.0,Av. Sensorial,P1,2026-02
Pici 1,2026-02-26,Almoço,VEG,Assado de Grão de Bico,4.0,4.0,4.0,4.0,4.0,8.0,Av. Sensorial,P1,2026-02
Pici 1,2026-02-27,Café,ESPECIAL,Frango Desfiado,4.0,4.0,4.0,4.0,4.0,8.0,Av. Sensorial,P1,2026-02
Pici 1,2026-02-27,Café,ESPECIAL VEG,Geleia,4.0,4.0,4.0,4.0,4.0,8.0,Av. Sensorial,P1,2026-02
Benfica,2026-02-27,Café,ESPECIAL,Frango Desfiado,4.0,4.0,4.0,4.0,4.0,8.0,Av. Sensorial,B,2026-02
Benfica,2026-02-27,Café,ESPECIAL VEG,Geleia,4.0,4.0,4.0,4.0,4.0,8.0,Av. Sensorial,B,2026-02
Labomar,2026-02-26,Almoço,PV,Carne Moída Refogada,4.0,4.0,4.0,4.0,4.0,8.0,Av. Sensorial,L,2026-02
Labomar,2026-02-26,Almoço,PB,Cubos de Frango ao M. de Tomate,4.0,4.0,4.0,4.0,4.0,8.0,Av. Sensorial,L,2026-02
Labomar,2026-02-26,Almoço,VEG,Assado de Grão de Bico,4.0,4.0,4.0,4.0,4.0,8.0,Av. Sensorial,L,2026-02
Labomar,2026-02-27,Almoço,PV,Isca de Carne Acebolada,4.0,4.0,4.0,4.0,4.0,8.0,Av. Sensorial,L,2026-02
Labomar,2026-02-27,Almoço,PB,Sobrecoxa ao Molho,4.0,4.0,4.0,4.0,4.0,8.0,Av. Sensorial,L,2026-02
Labomar,2026-02-27,Almoço,VEG,Jardineira de Soja,4.0,4.0,4.0,4.0,4.0,8.0,Av. Sensorial,L,2026-02
Benfica,2026-02-26,Almoço,PV,Carne Moída Refogada,4.0,4.0,4.0,4.0,4.0,8.0,Av. Sensorial,B,2026-02
Benfica,2026-02-26,Almoço,PB,Cubos de Frango ao M. de Tomate,4.0,4.0,4.0,4.0,4.0,8.0,Av. Sensorial,B,2026-02
Benfica,2026-02-26,Almoço,VEG,Assado de Grão de Bico,4.0,4.0,4.0,4.0,4.0,8.0,Av. Sensorial,B,2026-02
Benfica,2026-02-27,Almoço,PV,Isca de Carne Acebolada,3.0,4.0,4.0,4.0,4.0,7.4,Av. Sensorial,B,2026-02
Benfica,2026-02-27,Almoço,PB,Sobrecoxa ao Molho,4.0,4.0,4.0,4.0,4.0,8.0,Av. Sensorial,B,2026-02
Benfica,2026-02-27,Almoço,VEG,Jardineira de Soja,4.0,4.0,4.0,4.0,4.0,8.0,Av. Sensorial,B,2026-02
Porangabussu,2026-02-27,Almoço,PV,Isca de Carne Acebolada,4.0,4.0,4.0,4.0,4.0,8.0,Av. Sensorial,PO,2026-02
Porangabussu,2026-02-27,Almoço,PB,Sobrecoxa ao Molho,4.0,4.0,4.0,4.0,4.0,8.0,Av. Sensorial,PO,2026-02
Porangabussu,2026-02-27,Almoço,VEG,Jardineira de Soja,4.0,4.0,4.0,4.0,4.0,8.0,Av. Sensorial,PO,2026-02
Porangabussu,2026-02-27,Almoço,PV,Isca de Carne Acebolada,4.0,4.0,4.0,4.0,4.0,8.0,Av. Sensorial,PO,2026-02
Porangabussu,2026-02-27,Almoço,PB,Sobrecoxa ao Molho,4.0,4.0,4.0,4.0,4.0,8.0,Av. Sensorial,PO,2026-02
Porangabussu,2026-02-27,Almoço,VEG,Jardineira de Soja,4.0,4.0,4.0,4.0,4.0,8.0,Av. Sensorial,PO,2026-02
Pici 1,2026-02-27,Almoço,PV,Isca de Carne Acebolada,4.0,4.0,4.0,4.0,4.0,8.0,Av. Sensorial,P1,2026-02
Pici 1,2026-02-27,Almoço,PB,Sobrecoxa ao Molho,4.0,4.0,4.0,4.0,4.0,8.0,Av. Sensorial,P1,2026-02
Pici 1,2026-02-27,Almoço,VEG,Jardineira de Soja,4.0,4.0,4.0,4.0,4.0,8.0,Av. Sensorial,P1,2026-02
Pici 1,2026-02-27,Jantar,PV,Cubos Suíno Acebolado,,,,,,0.0,Av. Sensorial,P1,2026-02
Benfica,2026-02-27,Jantar,PB,Creme de Frango,4.0,4.0,4.0,4.0,4.0,8.0,Av. Sensorial,B,2026-02
Benfica,2026-02-27,Jantar,VEG,Escondidinho de Legumes,3.0,3.0,4.0,4.0,4.0,7.0,Av. Sensorial,B,2026-02
Benfica,2026-02-27,Jantar,PV,Cubos Suíno Acebolado,4.0,4.0,4.0,4.0,4.0,8.0,Av. Sensorial,B,2026-02
Pici 1,2026-02-27,Jantar,PB,Creme de Frango,,,,,,0.0,Av. Sensorial,P1,2026-02
Pici 1,2026-02-27,Jantar,VEG,Escondidinho de Legumes,,,,,,0.0,Av. Sensorial,P1,2026-02
Pici 1,2026-02-27,Almoço,PV,Isca de Carne Acebolada,4.0,4.0,4.0,4.0,4.0,8.0,Av. Sensorial,P1,2026-02
Pici 1,2026-02-27,Almoço,PB,Sobrecoxa ao Molho,4.0,4.0,4.0,4.0,4.0,8.0,Av. Sensorial,P1,2026-02
Pici 1,2026-02-27,Almoço,VEG,Jardineira de Soja,4.0,4.0,4.0,4.0,4.0,8.0,Av. Sensorial,P1,2026-02
Pici 2,2026-03-02,Café,ESPECIAL,Mingau ,4.0,4.0,4.0,4.0,4.0,8.0,Av. Sensorial,P2,2026-03
Pici 2,2026-03-02,Café,ESPECIAL VEG,Achocolatado vegano ,4.0,4.0,4.0,4.0,4.0,8.0,Av. Sensorial,P2,2026-03
Pici 2,2026-03-02,Almoço,PV,Cozido Bovino à Calabresa,3.0,3.0,4.0,4.0,3.0,6.6,Av. Sensorial,P2,2026-03
Pici 2,2026-03-02,Almoço,PB,Cubos de Frango ao M. Vermelho,4.0,4.0,4.0,4.0,4.0,8.0,Av. Sensorial,P2,2026-03
Pici 2,2026-03-02,Almoço,VEG,Soja Tropical,3.0,4.0,3.0,4.0,4.0,6.8,Av. Sensorial,P2,2026-03
Pici 1,2026-02-26,Almoço,PV,Carne Moída Refogada,4.0,4.0,4.0,4.0,4.0,8.0,Av. Sensorial,P1,2026-02
Pici 1,2026-02-26,Almoço,PB,Cubos de Frango ao M. de Tomate,4.0,4.0,4.0,4.0,4.0,8.0,Av. Sensorial,P1,2026-02
Pici 1,2026-02-26,Almoço,VEG,Assado de Grão de Bico,4.0,4.0,4.0,4.0,4.0,8.0,Av. Sensorial,P1,2026-02
Pici 1,2026-02-27,Almoço,PV,Isca de Carne Acebolada,4.0,4.0,4.0,4.0,4.0,8.0,Av. Sensorial,P1,2026-02
Pici 1,2026-02-27,Almoço,PB,Sobrecoxa ao Molho,4.0,4.0,4.0,4.0,4.0,8.0,Av. Sensorial,P1,2026-02
Pici 1,2026-02-27,Almoço,VEG,Jardineira de Soja,4.0,4.0,4.0,4.0,4.0,8.0,Av. Sensorial,P1,2026-02
Pici 1,2026-03-02,Almoço,PB,Cubos de Frango ao M. Vermelho,3.0,4.0,4.0,4.0,4.0,7.4,Av. Sensorial,P1,2026-03
Pici 1,2026-03-02,Almoço,VEG,Soja Tropical,4.0,4.0,4.0,4.0,4.0,8.0,Av. Sensorial,P1,2026-03
Pici 1,2026-03-02,Almoço,PV,Cozido Bovino à Calabresa,3.0,4.0,3.0,4.0,3.0,6.8,Av. Sensorial,P1,2026-03
Pici 1,2026-03-02,Almoço,PB,Cubos de Frango ao M. Vermelho,4.0,4.0,4.0,4.0,4.0,8.0,Av. Sensorial,P1,2026-03
Pici 1,2026-03-02,Almoço,VEG,Soja Tropical,4.0,4.0,4.0,4.0,4.0,8.0,Av. Sensorial,P1,2026-03
Benfica,2026-03-02,Café,ESPECIAL,Mingau ,4.0,4.0,4.0,4.0,4.0,8.0,Av. Sensorial,B,2026-03
Benfica,2026-03-02,Café,ESPECIAL VEG,Achocolatado vegano ,4.0,4.0,4.0,4.0,4.0,8.0,Av. Sensorial,B,2026-03
Porangabussu,2026-03-02,Almoço,PV,Cozido Bovino à Calabresa,2.0,2.0,3.0,4.0,2.0,4.8,Av. Sensorial,PO,2026-03
Porangabussu,2026-03-02,Almoço,PB,Cubos de Frango ao M. Vermelho,4.0,4.0,4.0,4.0,4.0,8.0,Av. Sensorial,PO,2026-03
Porangabussu,2026-03-02,Almoço,VEG,Soja Tropical,3.0,4.0,3.0,4.0,4.0,6.8,Av. Sensorial,PO,2026-03
Porangabussu,2026-03-02,Almoço,PV,Cozido Bovino à Calabresa,2.0,2.0,3.0,4.0,2.0,4.8,Av. Sensorial,PO,2026-03
Porangabussu,2026-03-02,Almoço,PB,Cubos de Frango ao M. Vermelho,4.0,4.0,4.0,4.0,4.0,8.0,Av. Sensorial,PO,2026-03
Porangabussu,2026-03-02,Almoço,VEG,Soja Tropical,4.0,4.0,4.0,4.0,4.0,8.0,Av. Sensorial,PO,2026-03
Benfica,2026-03-02,Almoço,PV,Cozido Bovino à Calabresa,3.0,4.0,3.0,4.0,4.0,7.0,Av. Sensorial,B,2026-03
Benfica,2026-03-02,Almoço,PB,Cubos de Frango ao M. Vermelho,4.0,4.0,4.0,4.0,4.0,8.0,Av. Sensorial,B,2026-03
Benfica,2026-03-02,Almoço,VEG,Soja Tropical,4.0,4.0,4.0,4.0,4.0,8.0,Av. Sensorial,B,2026-03
Pici 2,2026-03-02,Almoço,PV,Cozido Bovino à Calabresa,2.0,3.0,3.0,4.0,3.0,5.6,Av. Sensorial,P2,2026-03
Pici 2,2026-03-02,Almoço,PB,Cubos de Frango ao M. Vermelho,3.0,4.0,3.0,4.0,3.0,6.8,Av. Sensorial,P2,2026-03
Pici 2,2026-03-02,Almoço,VEG,Soja Tropical,4.0,4.0,3.0,4.0,4.0,7.4,Av. Sensorial,P2,2026-03
Pici 1,2026-03-02,Jantar,PV,Cubos Suíno ao molho barbecue,3.0,4.0,4.0,4.0,4.0,7.4,Av. Sensorial,P1,2026-03
Pici 1,2026-03-02,Jantar,PB,Sobrecoxa Desossada ao M.Ervas,4.0,4.0,4.0,4.0,4.0,8.0,Av. Sensorial,P1,2026-03
Pici 1,2026-03-02,Jantar,VEG,Bolinha de grão de bico,4.0,4.0,4.0,4.0,4.0,8.0,Av. Sensorial,P1,2026-03
Benfica,2026-03-02,Almoço,PV,Cozido Bovino à Calabresa,3.0,4.0,3.0,4.0,4.0,7.0,Av. Sensorial,B,2026-03
Benfica,2026-03-02,Almoço,PB,Cubos de Frango ao M. Vermelho,4.0,4.0,4.0,4.0,4.0,8.0,Av. Sensorial,B,2026-03
Benfica,2026-03-02,Almoço,VEG,Soja Tropical,4.0,4.0,4.0,4.0,4.0,8.0,Av. Sensorial,B,2026-03
Benfica,2026-03-02,Jantar,PV,Cubos Suíno ao molho barbecue,3.0,4.0,4.0,4.0,4.0,7.4,Av. Sensorial,B,2026-03
Benfica,2026-03-02,Jantar,PB,Sobrecoxa Desossada ao M.Ervas,4.0,4.0,4.0,4.0,4.0,8.0,Av. Sensorial,B,2026-03
Benfica,2026-03-02,Jantar,VEG,Bolinha de grão de bico,4.0,4.0,3.0,4.0,4.0,7.4,Av. Sensorial,B,2026-03
Benfica,2026-03-02,Jantar,PV,Cubos Suíno ao molho barbecue,3.0,4.0,4.0,4.0,4.0,7.4,Av. Sensorial,B,2026-03
Benfica,2026-03-02,Jantar,PB,Sobrecoxa Desossada ao M.Ervas,4.0,4.0,4.0,4.0,4.0,8.0,Av. Sensorial,B,2026-03
Benfica,2026-03-02,Jantar,VEG,Bolinha de grão de bico,3.0,4.0,4.0,4.0,4.0,7.4,Av. Sensorial,B,2026-03
Benfica,2026-03-03,Café,ESPECIAL,Queijo ,4.0,4.0,4.0,4.0,4.0,8.0,Av. Sensorial,B,2026-03
Benfica,2026-03-03,Café,ESPECIAL VEG,Granola,4.0,4.0,4.0,4.0,4.0,8.0,Av. Sensorial,B,2026-03
Pici 2,2026-03-03,Café,ESPECIAL,Queijo ,4.0,4.0,4.0,4.0,4.0,8.0,Av. Sensorial,P2,2026-03
Pici 2,2026-03-03,Café,ESPECIAL VEG,Granola,4.0,3.0,4.0,4.0,4.0,7.428571428571429,Av. Sensorial,P2,2026-03
Pici 2,2026-03-03,Almoço,PV,Paçoca de Carne,4.0,4.0,4.0,4.0,4.0,8.0,Av. Sensorial,P2,2026-03
Pici 2,2026-03-03,Almoço,PB,Sobrecoxa Assada,4.0,4.0,4.0,4.0,4.0,8.0,Av. Sensorial,P2,2026-03
Pici 2,2026-03-03,Almoço,VEG,Arroz Cremoso de Lentilha,4.0,4.0,4.0,4.0,4.0,8.0,Av. Sensorial,P2,2026-03
Labomar,2026-03-02,Almoço,PV,Cozido Bovino à Calabresa,3.0,3.0,3.0,4.0,3.0,6.2,Av. Sensorial,L,2026-03
Labomar,2026-03-02,Almoço,PB,Cubos de Frango ao M. Vermelho,4.0,4.0,3.0,4.0,4.0,7.6,Av. Sensorial,L,2026-03
Labomar,2026-03-02,Almoço,VEG,Soja Tropical,4.0,4.0,4.0,4.0,4.0,8.0,Av. Sensorial,L,2026-03
Labomar,2026-03-03,Almoço,PV,Paçoca de Carne,4.0,4.0,4.0,4.0,4.0,8.0,Av. Sensorial,L,2026-03
Labomar,2026-03-03,Almoço,PB,Sobrecoxa Assada,4.0,4.0,4.0,4.0,4.0,8.0,Av. Sensorial,L,2026-03
Labomar,2026-03-03,Almoço,VEG,Arroz Cremoso de Lentilha,4.0,4.0,4.0,4.0,4.0,8.0,Av. Sensorial,L,2026-03
Pici 1,2026-03-03,Almoço,PV,Paçoca de Carne,4.0,4.0,4.0,4.0,4.0,8.0,Av. Sensorial,P1,2026-03
Pici 1,2026-03-03,Almoço,PB,Sobrecoxa Assada,4.0,4.0,4.0,4.0,4.0,8.0,Av. Sensorial,P1,2026-03
Pici 1,2026-03-03,Almoço,VEG,Arroz Cremoso de Lentilha,4.0,4.0,4.0,4.0,4.0,8.0,Av. Sensorial,P1,2026-03
Pici 1,2026-03-03,Almoço,PB,Sobrecoxa Assada,4.0,4.0,4.0,4.0,4.0,8.0,Av. Sensorial,P1,2026-03
Pici 1,2026-03-03,Almoço,VEG,Arroz Cremoso de Lentilha,4.0,4.0,4.0,4.0,4.0,8.0,Av. Sensorial,P1,2026-03
Porangabussu,2026-03-03,Almoço,PV,Paçoca de Carne,4.0,4.0,4.0,4.0,4.0,8.0,Av. Sensorial,PO,2026-03
Porangabussu,2026-03-03,Almoço,PB,Sobrecoxa Assada,4.0,4.0,4.0,4.0,4.0,8.0,Av. Sensorial,PO,2026-03
Porangabussu,2026-03-03,Almoço,VEG,Arroz Cremoso de Lentilha,4.0,4.0,4.0,4.0,4.0,8.0,Av. Sensorial,PO,2026-03
Porangabussu,2026-03-03,Almoço,PV,Paçoca de Carne,4.0,4.0,4.0,4.0,4.0,8.0,Av. Sensorial,PO,2026-03
Porangabussu,2026-03-03,Almoço,PB,Sobrecoxa Assada,4.0,4.0,4.0,4.0,4.0,8.0,Av. Sensorial,PO,2026-03
Porangabussu,2026-03-03,Almoço,VEG,Arroz Cremoso de Lentilha,3.0,3.0,3.0,4.0,3.0,6.2,Av. Sensorial,PO,2026-03
Pici 2,2026-03-03,Almoço,PV,Paçoca de Carne,3.0,3.0,3.0,4.0,3.0,6.2,Av. Sensorial,P2,2026-03
Pici 2,2026-03-03,Almoço,PB,Sobrecoxa Assada,4.0,4.0,4.0,4.0,4.0,8.0,Av. Sensorial,P2,2026-03
Pici 1,2026-03-03,Jantar,PV,Carne Moída Refogada,4.0,4.0,4.0,4.0,4.0,8.0,Av. Sensorial,P1,2026-03
Pici 1,2026-03-03,Jantar,PB,Cubos de Frango com Batata Rústica,4.0,4.0,3.0,4.0,4.0,7.6,Av. Sensorial,P1,2026-03
Pici 1,2026-03-03,Jantar,VEG,Jardineira de Soja,4.0,4.0,4.0,4.0,4.0,8.0,Av. Sensorial,P1,2026-03
Benfica,2026-03-03,Almoço,PV,Paçoca de Carne,3.0,3.0,4.0,4.0,4.0,6.8,Av. Sensorial,B,2026-03
Benfica,2026-03-03,Almoço,PB,Sobrecoxa Assada,4.0,4.0,4.0,4.0,4.0,8.0,Av. Sensorial,B,2026-03
Benfica,2026-03-03,Almoço,VEG,Arroz Cremoso de Lentilha,4.0,4.0,4.0,4.0,4.0,8.0,Av. Sensorial,B,2026-03
Benfica,2026-03-03,Jantar,PV,Carne Moída Refogada,3.0,3.0,3.0,4.0,4.0,6.4,Av. Sensorial,B,2026-03
Benfica,2026-03-03,Jantar,PB,Cubos de Frango com Batata Rústica,3.0,4.0,3.0,4.0,4.0,7.0,Av. Sensorial,B,2026-03
Benfica,2026-03-03,Jantar,VEG,Jardineira de Soja,4.0,4.0,3.0,4.0,4.0,7.4,Av. Sensorial,B,2026-03
Benfica,2026-03-03,Jantar,PV,Carne Moída Refogada,3.0,3.0,4.0,4.0,4.0,6.8,Av. Sensorial,B,2026-03
Benfica,2026-03-03,Jantar,PB,Cubos de Frango com Batata Rústica,3.0,4.0,4.0,4.0,4.0,7.4,Av. Sensorial,B,2026-03
Benfica,2026-03-03,Jantar,VEG,Jardineira de Soja,4.0,4.0,3.0,4.0,4.0,7.4,Av. Sensorial,B,2026-03
Benfica,2026-03-04,Café,ESPECIAL,Ovos Mexidos,4.0,4.0,4.0,4.0,4.0,8.0,Av. Sensorial,B,2026-03
Benfica,2026-03-04,Café,ESPECIAL VEG,Pasta de Amendoim,4.0,4.0,4.0,4.0,4.0,8.0,Av. Sensorial,B,2026-03
Pici 2,2026-03-04,Café,ESPECIAL,Ovos Mexidos,4.0,4.0,4.0,4.0,4.0,8.0,Av. Sensorial,P2,2026-03
Pici 2,2026-03-04,Café,ESPECIAL VEG,Pasta de Amendoim,4.0,4.0,4.0,4.0,4.0,8.0,Av. Sensorial,P2,2026-03
Pici 2,2026-03-04,Café,ESPECIAL,Ovos Mexidos,4.0,4.0,4.0,4.0,4.0,8.0,Av. Sensorial,P2,2026-03
Pici 1,2026-02-23,Jantar,PV,Suíno à Carioca,,,,,,0.0,Av. Sensorial,P1,2026-02
Pici 1,2026-02-23,Jantar,PB,Frango ao Molho de Ervas,,,,,,0.0,Av. Sensorial,P1,2026-02
Pici 1,2026-03-04,Almoço,PB,Isca de Frango ao M. de Legumes,4.0,4.0,4.0,4.0,4.0,8.0,Av. Sensorial,P1,2026-03
Pici 1,2026-03-04,Almoço,VEG,Bobó de Legumes,4.0,4.0,4.0,4.0,4.0,8.0,Av. Sensorial,P1,2026-03
Benfica,2026-03-03,Almoço,PV,Paçoca de Carne,4.0,4.0,4.0,4.0,4.0,8.0,Av. Sensorial,B,2026-03
Benfica,2026-03-03,Almoço,PB,Sobrecoxa Assada,4.0,4.0,5.0,4.0,4.0,8.4,Av. Sensorial,B,2026-03
Benfica,2026-03-03,Almoço,VEG,Arroz Cremoso de Lentilha,4.0,4.0,5.0,4.0,4.0,8.6,Av. Sensorial,B,2026-03
Benfica,2026-03-04,Almoço,PV,Feijoada,3.0,4.0,4.0,4.0,4.0,7.4,Av. Sensorial,B,2026-03
Benfica,2026-03-04,Almoço,PB,Isca de Frango ao M. de Legumes,4.0,4.0,4.0,4.0,4.0,8.0,Av. Sensorial,B,2026-03
Benfica,2026-03-04,Almoço,VEG,Bobó de Legumes,4.0,4.0,4.0,4.0,4.0,8.0,Av. Sensorial,B,2026-03
Pici 2,2026-03-04,Almoço,PV,Feijoada,4.0,3.0,3.0,4.0,3.0,6.8,Av. Sensorial,P2,2026-03
Pici 2,2026-03-04,Almoço,PB,Isca de Frango ao M. de Legumes,4.0,3.0,3.0,4.0,3.0,6.8,Av. Sensorial,P2,2026-03
Pici 1,2026-03-04,Almoço,PV,Feijoada,4.0,3.0,3.0,4.0,3.0,6.8,Av. Sensorial,P1,2026-03
Pici 1,2026-03-04,Almoço,PB,Isca de Frango ao M. de Legumes,4.0,4.0,4.0,4.0,4.0,8.0,Av. Sensorial,P1,2026-03
Pici 1,2026-03-04,Almoço,VEG,Bobó de Legumes,4.0,4.0,2.0,4.0,4.0,6.8,Av. Sensorial,P1,2026-03
Labomar,2026-03-04,Almoço,PV,Feijoada,3.0,4.0,4.0,4.0,3.0,7.2,Av. Sensorial,L,2026-03
Labomar,2026-03-04,Almoço,PB,Isca de Frango ao M. de Legumes,4.0,4.0,4.0,4.0,4.0,8.0,Av. Sensorial,L,2026-03
Labomar,2026-03-04,Almoço,VEG,Bobó de Legumes,4.0,4.0,3.0,4.0,4.0,7.4,Av. Sensorial,L,2026-03
Porangabussu,2026-03-04,Almoço,PV,Feijoada,3.0,4.0,3.0,4.0,3.0,6.8,Av. Sensorial,PO,2026-03
Porangabussu,2026-03-04,Almoço,PB,Isca de Frango ao M. de Legumes,4.0,4.0,4.0,4.0,4.0,8.0,Av. Sensorial,PO,2026-03
Porangabussu,2026-03-04,Almoço,VEG,Bobó de Legumes,4.0,4.0,4.0,4.0,4.0,8.0,Av. Sensorial,PO,2026-03
Porangabussu,2026-03-04,Almoço,PV,Feijoada,4.0,3.0,3.0,4.0,4.0,7.0,Av. Sensorial,PO,2026-03
Porangabussu,2026-03-04,Almoço,PB,Isca de Frango ao M. de Legumes,4.0,4.0,4.0,4.0,4.0,8.0,Av. Sensorial,PO,2026-03
Porangabussu,2026-03-04,Almoço,VEG,Bobó de Legumes,3.0,4.0,3.0,4.0,4.0,6.8,Av. Sensorial,PO,2026-03
Pici 2,2026-03-04,Almoço,PV,Feijoada,4.0,3.0,4.0,4.0,4.0,7.4,Av. Sensorial,P2,2026-03
Pici 2,2026-03-04,Almoço,PB,Isca de Frango ao M. de Legumes,4.0,4.0,4.0,4.0,4.0,8.0,Av. Sensorial,P2,2026-03
Pici 2,2026-03-04,Almoço,VEG,Bobó de Legumes,4.0,4.0,4.0,4.0,4.0,8.0,Av. Sensorial,P2,2026-03
Pici 1,2026-03-04,Jantar,PV,Assado de Panela,3.0,4.0,4.0,4.0,4.0,7.4,Av. Sensorial,P1,2026-03
Pici 1,2026-03-04,Jantar,PB,Sobrecoxa Assada,4.0,4.0,4.0,4.0,4.0,8.0,Av. Sensorial,P1,2026-03
Pici 1,2026-03-04,Jantar,VEG,Lasanha de Batatas,4.0,4.0,4.0,4.0,4.0,8.0,Av. Sensorial,P1,2026-03
Benfica,2026-03-04,Almoço,PV,Feijoada,4.0,4.0,4.0,4.0,4.0,8.0,Av. Sensorial,B,2026-03
Benfica,2026-03-04,Almoço,PB,Isca de Frango ao M. de Legumes,4.0,4.0,4.0,4.0,4.0,8.0,Av. Sensorial,B,2026-03
Benfica,2026-03-04,Almoço,VEG,Bobó de Legumes,4.0,4.0,4.0,4.0,4.0,8.0,Av. Sensorial,B,2026-03
Benfica,2026-03-04,Jantar,PV,Assado de Panela,3.0,4.0,4.0,4.0,4.0,7.4,Av. Sensorial,B,2026-03
Benfica,2026-03-04,Jantar,PB,Sobrecoxa Assada,4.0,4.0,4.0,4.0,4.0,8.0,Av. Sensorial,B,2026-03
Benfica,2026-03-04,Jantar,VEG,Lasanha de Batatas,4.0,4.0,4.0,4.0,4.0,8.0,Av. Sensorial,B,2026-03
Benfica,2026-03-04,Jantar,PV,Assado de Panela,4.0,4.0,4.0,4.0,4.0,8.0,Av. Sensorial,B,2026-03
Benfica,2026-03-04,Jantar,PB,Sobrecoxa Assada,4.0,4.0,4.0,4.0,4.0,8.0,Av. Sensorial,B,2026-03
Benfica,2026-03-04,Jantar,VEG,Lasanha de Batatas,4.0,4.0,4.0,4.0,4.0,8.0,Av. Sensorial,B,2026-03
Pici 1,2026-03-04,Jantar,PV,Assado de Panela,3.0,4.0,4.0,4.0,4.0,7.4,Av. Sensorial,P1,2026-03
Pici 1,2026-03-04,Jantar,PB,Sobrecoxa Assada,4.0,4.0,4.0,4.0,4.0,8.0,Av. Sensorial,P1,2026-03
Pici 1,2026-03-04,Jantar,VEG,Lasanha de Batatas,4.0,4.0,4.0,4.0,4.0,8.0,Av. Sensorial,P1,2026-03
Benfica,2026-03-05,Café,ESPECIAL,Iogurte ,4.0,4.0,4.0,4.0,4.0,8.0,Av. Sensorial,B,2026-03
Benfica,2026-03-05,Café,ESPECIAL VEG,Similar a Iogurte Vegano,4.0,4.0,4.0,4.0,4.0,8.0,Av. Sensorial,B,2026-03
Pici 2,2026-03-05,Café,ESPECIAL,Iogurte ,4.0,4.0,4.0,4.0,4.0,8.0,Av. Sensorial,P2,2026-03
Pici 2,2026-03-05,Café,ESPECIAL VEG,Similar a Iogurte Vegano,4.0,4.0,4.0,4.0,4.0,8.0,Av. Sensorial,P2,2026-03
Pici 1,2026-03-05,Almoço,PV,Isca de Carne ao Molho Escuro,4.0,4.0,4.0,4.0,4.0,8.0,Av. Sensorial,P1,2026-03
Pici 1,2026-03-05,Almoço,PB,Peixe ao M. de Peixada,4.0,4.0,4.0,4.0,4.0,8.0,Av. Sensorial,P1,2026-03
Pici 1,2026-03-05,Almoço,VEG,Estrogonofe de Grão de Bico,4.0,4.0,4.0,4.0,4.0,8.0,Av. Sensorial,P1,2026-03
Pici 2,2026-03-05,Café,ESPECIAL,Iogurte ,4.0,4.0,4.0,4.0,4.0,8.0,Av. Sensorial,P2,2026-03
Labomar,2026-03-05,Almoço,PV,Isca de Carne ao Molho Escuro,,,,,,0.0,Av. Sensorial,L,2026-03
Labomar,2026-03-05,Almoço,PB,Peixe ao M. de Peixada,,,,,,0.0,Av. Sensorial,L,2026-03
Labomar,2026-03-05,Almoço,VEG,Estrogonofe de Grão de Bico,,,,,,0.0,Av. Sensorial,L,2026-03
Benfica,2026-03-05,Almoço,PV,Isca de Carne ao Molho Escuro,3.0,4.0,4.0,4.0,4.0,7.4,Av. Sensorial,B,2026-03
Benfica,2026-03-05,Almoço,PB,Peixe ao M. de Peixada,4.0,4.0,4.0,4.0,4.0,8.0,Av. Sensorial,B,2026-03
Benfica,2026-03-05,Almoço,VEG,Estrogonofe de Grão de Bico,4.0,4.0,4.0,4.0,4.0,8.0,Av. Sensorial,B,2026-03
Benfica,2026-03-05,Almoço,PV,Isca de Carne ao Molho Escuro,3.0,3.0,3.0,4.0,4.0,6.4,Av. Sensorial,B,2026-03
Benfica,2026-03-05,Almoço,PB,Peixe ao M. de Peixada,4.0,4.0,4.0,4.0,4.0,8.0,Av. Sensorial,B,2026-03
Benfica,2026-03-05,Almoço,VEG,Estrogonofe de Grão de Bico,4.0,4.0,4.0,4.0,4.0,8.0,Av. Sensorial,B,2026-03
Pici 2,2026-03-05,Almoço,PV,Isca de Carne ao Molho Escuro,3.0,3.0,4.0,4.0,4.0,6.8,Av. Sensorial,P2,2026-03
Pici 2,2026-03-05,Almoço,PB,Peixe ao M. de Peixada,4.0,4.0,4.0,4.0,4.0,8.0,Av. Sensorial,P2,2026-03
Pici 2,2026-03-05,Almoço,VEG,Estrogonofe de Grão de Bico,3.0,4.0,4.0,4.0,4.0,7.4,Av. Sensorial,P2,2026-03
Pici 1,2026-03-05,Almoço,PV,Isca de Carne ao Molho Escuro,4.0,3.0,4.0,4.0,4.0,7.4,Av. Sensorial,P1,2026-03
Pici 1,2026-03-05,Almoço,PB,Peixe ao M. de Peixada,4.0,4.0,4.0,4.0,4.0,8.0,Av. Sensorial,P1,2026-03
Pici 1,2026-03-05,Almoço,VEG,Estrogonofe de Grão de Bico,4.0,4.0,4.0,4.0,4.0,8.0,Av. Sensorial,P1,2026-03
Pici 2,2026-03-05,Almoço,PB,Peixe ao M. de Peixada,4.0,4.0,4.0,4.0,4.0,8.0,Av. Sensorial,P2,2026-03
Pici 2,2026-03-05,Almoço,VEG,Estrogonofe de Grão de Bico,3.0,3.0,3.0,4.0,3.0,6.2,Av. Sensorial,P2,2026-03
Porangabussu,2026-03-05,Almoço,PV,Isca de Carne ao Molho Escuro,4.0,4.0,4.0,4.0,4.0,8.0,Av. Sensorial,PO,2026-03
Porangabussu,2026-03-05,Almoço,PB,Peixe ao M. de Peixada,4.0,4.0,4.0,4.0,4.0,8.0,Av. Sensorial,PO,2026-03
Porangabussu,2026-03-05,Almoço,VEG,Estrogonofe de Grão de Bico,4.0,4.0,4.0,4.0,4.0,8.0,Av. Sensorial,PO,2026-03
Porangabussu,2026-03-05,Almoço,PV,Isca de Carne ao Molho Escuro,3.0,3.0,4.0,4.0,4.0,6.8,Av. Sensorial,PO,2026-03
Porangabussu,2026-03-05,Almoço,PB,Peixe ao M. de Peixada,4.0,4.0,4.0,4.0,4.0,8.0,Av. Sensorial,PO,2026-03
Porangabussu,2026-03-05,Almoço,VEG,Estrogonofe de Grão de Bico,3.0,3.0,3.0,4.0,3.0,6.2,Av. Sensorial,PO,2026-03
Pici 1,2026-03-05,Jantar,PV,Cubo suíno acebolado,4.0,3.0,4.0,4.0,4.0,7.4,Av. Sensorial,P1,2026-03
Pici 1,2026-03-05,Jantar,PB,Estrogonofe de Frango,4.0,4.0,4.0,4.0,4.0,8.0,Av. Sensorial,P1,2026-03
Pici 1,2026-03-05,Jantar,VEG,Assado de Lentilha,4.0,4.0,4.0,4.0,4.0,8.0,Av. Sensorial,P1,2026-03
Benfica,2026-03-05,Almoço,PV,Isca de Carne ao Molho Escuro,3.0,3.0,4.0,4.0,4.0,6.8,Av. Sensorial,B,2026-03
Benfica,2026-03-05,Almoço,PB,Peixe ao M. de Peixada,4.0,4.0,4.0,4.0,4.0,8.0,Av. Sensorial,B,2026-03
Benfica,2026-03-05,Almoço,VEG,Estrogonofe de Grão de Bico,4.0,4.0,4.0,4.0,4.0,8.0,Av. Sensorial,B,2026-03
Benfica,2026-03-05,Jantar,PV,Cubo suíno acebolado,4.0,3.0,4.0,4.0,4.0,7.4,Av. Sensorial,B,2026-03
Benfica,2026-03-05,Jantar,PB,Estrogonofe de Frango,4.0,4.0,3.0,4.0,4.0,7.6,Av. Sensorial,B,2026-03
Benfica,2026-03-05,Jantar,VEG,Assado de Lentilha,4.0,4.0,4.0,4.0,4.0,8.0,Av. Sensorial,B,2026-03
Benfica,2026-03-06,Café,ESPECIAL,Carne Moída ao Molho,4.0,4.0,4.0,4.0,4.0,8.0,Av. Sensorial,B,2026-03
Benfica,2026-03-06,Café,ESPECIAL VEG,Geleia,4.0,4.0,4.0,4.0,4.0,8.0,Av. Sensorial,B,2026-03
Pici 2,2026-03-06,Café,ESPECIAL,Carne Moída ao Molho,4.0,4.0,4.0,4.0,4.0,8.0,Av. Sensorial,P2,2026-03
Pici 2,2026-03-06,Café,ESPECIAL,Carne Moída ao Molho,4.0,4.0,4.0,4.0,4.0,8.0,Av. Sensorial,P2,2026-03
Pici 2,2026-03-06,Café,ESPECIAL VEG,Geleia,4.0,4.0,4.0,4.0,4.0,8.0,Av. Sensorial,P2,2026-03
Benfica,2026-03-06,Almoço,VEG,Maria Isabel Vegana,4.0,4.0,4.0,4.0,4.0,8.0,Av. Sensorial,B,2026-03
Pici 2,2026-03-06,Almoço,PV,Dobradinha,4.0,4.0,3.0,4.0,4.0,7.6,Av. Sensorial,P2,2026-03
Pici 2,2026-03-06,Almoço,PB,Isca de Frango Acebolado,4.0,4.0,4.0,4.0,4.0,8.0,Av. Sensorial,P2,2026-03
Pici 2,2026-03-06,Almoço,VEG,Maria Isabel Vegana,4.0,4.0,4.0,4.0,4.0,8.0,Av. Sensorial,P2,2026-03
Pici 1,2026-03-06,Almoço,PV,Dobradinha,4.0,4.0,4.0,4.0,4.0,8.0,Av. Sensorial,P1,2026-03
Pici 1,2026-03-06,Almoço,PB,Isca de Frango Acebolado,3.0,3.0,4.0,4.0,4.0,6.8,Av. Sensorial,P1,2026-03
Pici 1,2026-03-06,Almoço,VEG,Maria Isabel Vegana,4.0,2.0,3.0,4.0,4.0,6.6,Av. Sensorial,P1,2026-03
Labomar,2026-03-06,Almoço,PV,Dobradinha,4.0,4.0,4.0,4.0,4.0,8.0,Av. Sensorial,L,2026-03
Labomar,2026-03-06,Almoço,PB,Isca de Frango Acebolado,4.0,4.0,4.0,4.0,4.0,8.0,Av. Sensorial,L,2026-03
Labomar,2026-03-06,Almoço,VEG,Maria Isabel Vegana,4.0,4.0,4.0,4.0,4.0,8.0,Av. Sensorial,L,2026-03
Pici 1,2026-03-06,Almoço,PV,Dobradinha,4.0,4.0,4.0,4.0,4.0,8.0,Av. Sensorial,P1,2026-03
Pici 1,2026-03-06,Almoço,PB,Isca de Frango Acebolado,3.0,3.0,3.0,4.0,4.0,6.4,Av. Sensorial,P1,2026-03
Pici 1,2026-03-06,Almoço,VEG,Maria Isabel Vegana,4.0,4.0,4.0,4.0,4.0,8.0,Av. Sensorial,P1,2026-03
Porangabussu,2026-03-06,Almoço,PV,Dobradinha,3.0,4.0,5.0,4.0,4.0,7.8,Av. Sensorial,PO,2026-03
Porangabussu,2026-03-06,Almoço,PB,Isca de Frango Acebolado,4.0,4.0,4.0,4.0,4.0,8.0,Av. Sensorial,PO,2026-03
Porangabussu,2026-03-06,Almoço,VEG,Maria Isabel Vegana,4.0,4.0,3.0,4.0,4.0,7.4,Av. Sensorial,PO,2026-03
Porangabussu,2026-03-06,Almoço,PV,Dobradinha,4.0,4.0,4.0,4.0,4.0,8.0,Av. Sensorial,PO,2026-03
Porangabussu,2026-03-06,Almoço,PB,Isca de Frango Acebolado,4.0,4.0,4.0,4.0,4.0,8.0,Av. Sensorial,PO,2026-03
Porangabussu,2026-03-06,Almoço,VEG,Maria Isabel Vegana,4.0,4.0,3.0,4.0,4.0,7.4,Av. Sensorial,PO,2026-03
Pici 1,2026-03-06,Jantar,PV,Escondidinho de Carne,4.0,4.0,4.0,4.0,4.0,8.0,Av. Sensorial,P1,2026-03
Pici 1,2026-03-06,Jantar,PB,Sobrecoxa Desossada,4.0,4.0,3.0,4.0,4.0,7.6,Av. Sensorial,P1,2026-03
Pici 1,2026-03-06,Jantar,VEG,Bolinho de Ervilha com Aveia,4.0,4.0,4.0,4.0,4.0,8.0,Av. Sensorial,P1,2026-03
Pici 1,2026-03-06,Jantar,PV,Escondidinho de Carne,4.0,4.0,4.0,4.0,4.0,8.0,Av. Sensorial,P1,2026-03
Pici 1,2026-03-06,Jantar,PB,Sobrecoxa Desossada,4.0,4.0,4.0,4.0,4.0,8.0,Av. Sensorial,P1,2026-03
Pici 1,2026-03-06,Jantar,VEG,Bolinho de Ervilha com Aveia,4.0,4.0,4.0,4.0,4.0,8.0,Av. Sensorial,P1,2026-03
Benfica,2026-03-06,Almoço,PV,Dobradinha,4.0,4.0,4.0,4.0,4.0,8.0,Av. Sensorial,B,2026-03
Benfica,2026-03-06,Almoço,PB,Isca de Frango Acebolado,3.0,4.0,3.0,4.0,4.0,7.0,Av. Sensorial,B,2026-03
Benfica,2026-03-06,Almoço,VEG,Maria Isabel Vegana,4.0,4.0,4.0,4.0,4.0,8.0,Av. Sensorial,B,2026-03
Benfica,2026-03-06,Jantar,PV,Escondidinho de Carne,4.0,4.0,4.0,4.0,4.0,8.0,Av. Sensorial,B,2026-03
Benfica,2026-03-06,Jantar,PB,Sobrecoxa Desossada,4.0,4.0,4.0,4.0,4.0,8.0,Av. Sensorial,B,2026-03
Benfica,2026-03-06,Jantar,VEG,Bolinho de Ervilha com Aveia,4.0,4.0,4.0,4.0,4.0,8.0,Av. Sensorial,B,2026-03
Benfica,2026-03-06,Jantar,PV,Escondidinho de Carne,4.0,4.0,4.0,4.0,4.0,8.0,Av. Sensorial,B,2026-03
Benfica,2026-03-06,Jantar,PB,Sobrecoxa Desossada,4.0,4.0,4.0,4.0,4.0,8.0,Av. Sensorial,B,2026-03
Benfica,2026-03-06,Jantar,VEG,Bolinho de Ervilha com Aveia,3.0,4.0,4.0,4.0,4.0,7.4,Av. Sensorial,B,2026-03
Pici 2,2026-03-09,Café,ESPECIAL,Achocolatado,4.0,4.0,4.0,4.0,4.0,8.0,Av. Sensorial,P2,2026-03
Pici 2,2026-03-09,Café,ESPECIAL VEG,Achocolatado vegano ,4.0,4.0,4.0,4.0,4.0,8.0,Av. Sensorial,P2,2026-03
Pici 1,2026-03-09,Almoço,PV,Picadinho com Legumes,4.0,2.0,4.0,4.0,4.0,6.8,Av. Sensorial,P1,2026-03
Pici 1,2026-03-09,Almoço,PB,Sobrecoxa Assada,4.0,4.0,3.0,4.0,4.0,7.6,Av. Sensorial,P1,2026-03
Pici 1,2026-03-09,Almoço,VEG,Macarronada Vegetariana,4.0,4.0,3.0,4.0,4.0,7.4,Av. Sensorial,P1,2026-03
Benfica,2026-03-09,Café,ESPECIAL,Achocolatado,4.0,4.0,4.0,4.0,4.0,8.0,Av. Sensorial,B,2026-03
Labomar,2026-03-09,Almoço,PV,Picadinho com Legumes,2.0,2.0,2.0,4.0,2.0,4.4,Av. Sensorial,L,2026-03
Labomar,2026-03-09,Almoço,PB,Sobrecoxa Assada,3.0,3.0,4.0,4.0,3.0,6.6,Av. Sensorial,L,2026-03
Labomar,2026-03-09,Almoço,VEG,Macarronada Vegetariana,4.0,4.0,4.0,4.0,4.0,8.0,Av. Sensorial,L,2026-03
Benfica,2026-03-09,Café,ESPECIAL VEG,Achocolatado vegano ,4.0,4.0,4.0,4.0,4.0,8.0,Av. Sensorial,B,2026-03
Pici 2,2026-03-09,Almoço,PV,Picadinho com Legumes,2.0,2.0,2.0,4.0,2.0,4.4,Av. Sensorial,P2,2026-03
Pici 2,2026-03-09,Almoço,PB,Sobrecoxa Assada,3.0,3.0,4.0,4.0,3.0,6.6,Av. Sensorial,P2,2026-03
Pici 2,2026-03-09,Almoço,VEG,Macarronada Vegetariana,4.0,4.0,4.0,4.0,4.0,8.0,Av. Sensorial,P2,2026-03
Pici 2,2026-03-09,Almoço,PV,Picadinho com Legumes,3.0,3.0,4.0,4.0,3.0,6.6,Av. Sensorial,P2,2026-03
Pici 2,2026-03-09,Almoço,PB,Sobrecoxa Assada,4.0,4.0,4.0,4.0,4.0,8.0,Av. Sensorial,P2,2026-03
Pici 2,2026-03-09,Almoço,VEG,Macarronada Vegetariana,4.0,4.0,4.0,4.0,4.0,8.0,Av. Sensorial,P2,2026-03
Porangabussu,2026-03-09,Almoço,PV,Picadinho com Legumes,3.0,1.0,2.0,4.0,2.0,4.4,Av. Sensorial,PO,2026-03
Porangabussu,2026-03-09,Almoço,PB,Sobrecoxa Assada,3.0,4.0,4.0,4.0,4.0,7.4,Av. Sensorial,PO,2026-03
Porangabussu,2026-03-09,Almoço,VEG,Macarronada Vegetariana,4.0,4.0,5.0,4.0,4.0,8.6,Av. Sensorial,PO,2026-03
Porangabussu,2026-03-09,Almoço,PV,Picadinho com Legumes,2.0,2.0,3.0,4.0,2.0,4.8,Av. Sensorial,PO,2026-03
Porangabussu,2026-03-09,Almoço,PB,Sobrecoxa Assada,4.0,4.0,4.0,4.0,4.0,8.0,Av. Sensorial,PO,2026-03
Porangabussu,2026-03-09,Almoço,VEG,Macarronada Vegetariana,4.0,4.0,4.0,4.0,4.0,8.0,Av. Sensorial,PO,2026-03
Benfica,2026-03-09,Almoço,PV,Picadinho com Legumes,3.0,3.0,3.0,4.0,4.0,6.4,Av. Sensorial,B,2026-03
Benfica,2026-03-09,Almoço,PB,Sobrecoxa Assada,4.0,4.0,4.0,4.0,4.0,8.0,Av. Sensorial,B,2026-03
Benfica,2026-03-09,Almoço,VEG,Macarronada Vegetariana,4.0,4.0,4.0,4.0,4.0,8.0,Av. Sensorial,B,2026-03
Pici 1,2026-03-09,Almoço,PV,Picadinho com Legumes,3.0,3.0,4.0,4.0,3.0,6.6,Av. Sensorial,P1,2026-03
Pici 1,2026-03-09,Almoço,PB,Sobrecoxa Assada,4.0,4.0,4.0,4.0,4.0,8.0,Av. Sensorial,P1,2026-03
Pici 1,2026-03-09,Almoço,VEG,Macarronada Vegetariana,4.0,4.0,4.0,4.0,4.0,8.0,Av. Sensorial,P1,2026-03
Pici 1,2026-03-09,Jantar,PV,Cubo suíno acebolado,4.0,4.0,4.0,4.0,4.0,8.0,Av. Sensorial,P1,2026-03
Pici 1,2026-03-09,Jantar,PB,Isca de Frango ao M. Ervas,4.0,4.0,4.0,4.0,4.0,8.0,Av. Sensorial,P1,2026-03
Pici 1,2026-03-09,Jantar,VEG,Salpicão vegano,4.0,4.0,4.0,4.0,4.0,8.0,Av. Sensorial,P1,2026-03
Benfica,2026-03-09,Almoço,PV,Picadinho com Legumes,3.0,3.0,4.0,4.0,4.0,6.8,Av. Sensorial,B,2026-03
Benfica,2026-03-09,Almoço,PB,Sobrecoxa Assada,4.0,4.0,4.0,4.0,4.0,8.0,Av. Sensorial,B,2026-03
Benfica,2026-03-09,Almoço,VEG,Macarronada Vegetariana,4.0,4.0,3.0,4.0,4.0,7.4,Av. Sensorial,B,2026-03
Benfica,2026-03-09,Jantar,PV,Cubo suíno acebolado,4.0,4.0,4.0,4.0,4.0,8.0,Av. Sensorial,B,2026-03
Benfica,2026-03-09,Jantar,PB,Isca de Frango ao M. Ervas,4.0,4.0,4.0,4.0,4.0,8.0,Av. Sensorial,B,2026-03
Benfica,2026-03-09,Jantar,VEG,Salpicão vegano,4.0,4.0,4.0,4.0,4.0,8.0,Av. Sensorial,B,2026-03
Benfica,2026-03-09,Jantar,PB,Isca de Frango ao M. Ervas,3.0,3.0,4.0,4.0,4.0,6.8,Av. Sensorial,B,2026-03
Benfica,2026-03-09,Jantar,VEG,Salpicão vegano,4.0,4.0,4.0,4.0,4.0,8.0,Av. Sensorial,B,2026-03
Benfica,2026-03-10,Café,ESPECIAL,Queijo ,4.0,4.0,4.0,4.0,4.0,8.0,Av. Sensorial,B,2026-03
Benfica,2026-03-10,Café,ESPECIAL VEG,Granola,4.0,4.0,4.0,4.0,4.0,8.0,Av. Sensorial,B,2026-03
Pici 2,2026-03-10,Café,ESPECIAL,Queijo ,4.0,4.0,4.0,4.0,4.0,8.0,Av. Sensorial,P2,2026-03
Pici 2,2026-03-10,Café,ESPECIAL VEG,Granola,4.0,4.0,4.0,4.0,4.0,8.0,Av. Sensorial,P2,2026-03
Labomar,2026-03-10,Almoço,PV,Cubo suíno acebolado,4.0,4.0,4.0,4.0,4.0,8.0,Av. Sensorial,L,2026-03
Labomar,2026-03-10,Almoço,PB,Creme de Frango,3.0,3.0,3.0,3.0,3.0,6.0,Av. Sensorial,L,2026-03
Labomar,2026-03-10,Almoço,VEG,Vatapá Vegano,4.0,3.0,3.0,4.0,3.0,6.8,Av. Sensorial,L,2026-03
Pici 1,2026-03-10,Almoço,PV,Cubo suíno acebolado,3.0,4.0,3.0,4.0,3.0,6.8,Av. Sensorial,P1,2026-03
Pici 1,2026-03-10,Almoço,PB,Creme de Frango,3.0,4.0,3.0,4.0,4.0,7.0,Av. Sensorial,P1,2026-03
Pici 1,2026-03-10,Almoço,VEG,Vatapá Vegano,4.0,4.0,3.0,4.0,3.0,7.2,Av. Sensorial,P1,2026-03
Pici 2,2026-03-10,Almoço,PV,Cubo suíno acebolado,4.0,4.0,4.0,4.0,4.0,8.0,Av. Sensorial,P2,2026-03
Pici 2,2026-03-10,Almoço,PB,Creme de Frango,3.0,3.0,3.0,4.0,3.0,6.2,Av. Sensorial,P2,2026-03
Pici 2,2026-03-10,Almoço,VEG,Vatapá Vegano,4.0,4.0,4.0,4.0,4.0,8.0,Av. Sensorial,P2,2026-03
Pici 1,2026-03-10,Almoço,PV,Cubo suíno acebolado,4.0,4.0,4.0,4.0,4.0,8.0,Av. Sensorial,P1,2026-03
Pici 1,2026-03-10,Almoço,PB,Creme de Frango,4.0,4.0,3.0,3.0,4.0,7.4,Av. Sensorial,P1,2026-03
Pici 1,2026-03-10,Almoço,VEG,Vatapá Vegano,4.0,3.0,2.0,4.0,4.0,6.4,Av. Sensorial,P1,2026-03
Benfica,2026-03-10,Almoço,PV,Cubo suíno acebolado,4.0,4.0,4.0,4.0,4.0,8.0,Av. Sensorial,B,2026-03
Benfica,2026-03-10,Almoço,PB,Creme de Frango,4.0,4.0,4.0,4.0,4.0,8.0,Av. Sensorial,B,2026-03
Benfica,2026-03-10,Almoço,VEG,Vatapá Vegano,4.0,4.0,4.0,4.0,4.0,8.0,Av. Sensorial,B,2026-03
Porangabussu,2026-03-10,Almoço,PV,Cubo suíno acebolado,3.0,3.0,3.0,4.0,4.0,6.4,Av. Sensorial,PO,2026-03
Porangabussu,2026-03-10,Almoço,PB,Creme de Frango,4.0,4.0,4.0,4.0,4.0,8.0,Av. Sensorial,PO,2026-03
Porangabussu,2026-03-10,Almoço,VEG,Vatapá Vegano,4.0,3.0,3.0,4.0,4.0,7.0,Av. Sensorial,PO,2026-03
Porangabussu,2026-03-10,Almoço,PV,Cubo suíno acebolado,3.0,4.0,4.0,4.0,4.0,7.4,Av. Sensorial,PO,2026-03
Porangabussu,2026-03-10,Almoço,PB,Creme de Frango,4.0,4.0,3.0,4.0,4.0,7.6,Av. Sensorial,PO,2026-03
Porangabussu,2026-03-10,Almoço,VEG,Vatapá Vegano,4.0,4.0,3.0,4.0,4.0,7.4,Av. Sensorial,PO,2026-03
Pici 2,2026-03-10,Almoço,PV,Cubo suíno acebolado,4.0,4.0,4.0,4.0,4.0,8.0,Av. Sensorial,P2,2026-03
Pici 2,2026-03-10,Almoço,PB,Creme de Frango,4.0,3.0,3.0,4.0,3.0,6.8,Av. Sensorial,P2,2026-03
Pici 2,2026-03-10,Almoço,VEG,Vatapá Vegano,4.0,4.0,4.0,4.0,4.0,8.0,Av. Sensorial,P2,2026-03
Pici 1,2026-03-10,Jantar,PV,Isca de Carne ao M. Tomate,4.0,4.0,4.0,4.0,4.0,8.0,Av. Sensorial,P1,2026-03
Pici 1,2026-03-10,Jantar,PB,Sobrecoxa Desossada,4.0,4.0,4.0,4.0,4.0,8.0,Av. Sensorial,P1,2026-03
Pici 1,2026-03-10,Jantar,VEG,Hambúrguer de Soja,4.0,4.0,4.0,4.0,4.0,8.0,Av. Sensorial,P1,2026-03
Pici 1,2026-03-10,Jantar,PV,Isca de Carne ao M. Tomate,3.0,4.0,4.0,4.0,4.0,7.4,Av. Sensorial,P1,2026-03
Pici 1,2026-03-10,Jantar,PB,Sobrecoxa Desossada,4.0,4.0,4.0,4.0,4.0,8.0,Av. Sensorial,P1,2026-03
Pici 1,2026-03-10,Jantar,VEG,Hambúrguer de Soja,4.0,4.0,4.0,4.0,4.0,8.0,Av. Sensorial,P1,2026-03
Benfica,2026-03-10,Almoço,PV,Cubo suíno acebolado,4.0,4.0,4.0,4.0,4.0,8.0,Av. Sensorial,B,2026-03
Benfica,2026-03-10,Almoço,PB,Creme de Frango,3.0,3.0,3.0,4.0,3.0,6.2,Av. Sensorial,B,2026-03
Benfica,2026-03-10,Almoço,VEG,Vatapá Vegano,4.0,4.0,4.0,4.0,4.0,8.0,Av. Sensorial,B,2026-03
Benfica,2026-03-10,Jantar,PV,Isca de Carne ao M. Tomate,4.0,4.0,4.0,4.0,4.0,8.0,Av. Sensorial,B,2026-03
Benfica,2026-03-10,Jantar,PB,Sobrecoxa Desossada,4.0,4.0,4.0,4.0,4.0,8.0,Av. Sensorial,B,2026-03
Benfica,2026-03-10,Jantar,VEG,Hambúrguer de Soja,4.0,4.0,4.0,4.0,4.0,8.0,Av. Sensorial,B,2026-03
Benfica,2026-03-10,Jantar,PV,Isca de Carne ao M. Tomate,4.0,4.0,4.0,4.0,4.0,8.0,Av. Sensorial,B,2026-03
Benfica,2026-03-10,Jantar,PB,Sobrecoxa Desossada,4.0,4.0,4.0,4.0,4.0,8.0,Av. Sensorial,B,2026-03
Benfica,2026-03-10,Jantar,VEG,Hambúrguer de Soja,4.0,4.0,4.0,4.0,4.0,8.0,Av. Sensorial,B,2026-03
Benfica,2026-03-11,Café,ESPECIAL,Ovos Mexidos,4.0,4.0,4.0,4.0,4.0,8.0,Av. Sensorial,B,2026-03
Benfica,2026-03-11,Café,ESPECIAL VEG,Pasta de Amendoim,4.0,4.0,4.0,4.0,4.0,8.0,Av. Sensorial,B,2026-03
Pici 2,2026-03-11,Café,ESPECIAL,Ovos Mexidos,4.0,4.0,4.0,4.0,4.0,8.0,Av. Sensorial,P2,2026-03
Labomar,2026-03-11,Almoço,PV,Feijoada,3.0,3.0,3.0,4.0,3.0,6.2,Av. Sensorial,L,2026-03
Labomar,2026-03-11,Almoço,PB,Sobrecoxa Assada,4.0,4.0,4.0,4.0,4.0,8.0,Av. Sensorial,L,2026-03
Labomar,2026-03-11,Almoço,VEG,Moqueca Vegetariana,4.0,4.0,2.0,4.0,4.0,6.8,Av. Sensorial,L,2026-03
Pici 1,2026-03-11,Almoço,PV,Feijoada,3.0,3.0,3.0,4.0,4.0,6.4,Av. Sensorial,P1,2026-03
Pici 1,2026-03-11,Almoço,PB,Sobrecoxa Assada,4.0,4.0,4.0,4.0,4.0,8.0,Av. Sensorial,P1,2026-03
Pici 1,2026-03-11,Almoço,VEG,Moqueca Vegetariana,4.0,4.0,2.0,4.0,4.0,6.8,Av. Sensorial,P1,2026-03
Pici 2,2026-03-11,Almoço,PV,Feijoada,3.0,3.0,3.0,4.0,3.0,6.2,Av. Sensorial,P2,2026-03
Pici 2,2026-03-11,Almoço,PB,Sobrecoxa Assada,4.0,4.0,4.0,4.0,4.0,8.0,Av. Sensorial,P2,2026-03
Pici 1,2026-03-11,Almoço,PB,Sobrecoxa Assada,4.0,4.0,4.0,4.0,4.0,8.0,Av. Sensorial,P1,2026-03
Pici 1,2026-03-11,Almoço,VEG,Moqueca Vegetariana,4.0,4.0,3.0,4.0,4.0,7.4,Av. Sensorial,P1,2026-03
Pici 2,2026-03-11,Café,ESPECIAL,Ovos Mexidos,4.0,4.0,4.0,4.0,4.0,8.0,Av. Sensorial,P2,2026-03
Pici 2,2026-03-11,Café,ESPECIAL VEG,Pasta de Amendoim,4.0,4.0,4.0,4.0,4.0,8.0,Av. Sensorial,P2,2026-03
Pici 2,2026-03-11,Almoço,PV,Feijoada,3.0,3.0,3.0,4.0,3.0,6.2,Av. Sensorial,P2,2026-03
Pici 2,2026-03-11,Almoço,PB,Sobrecoxa Assada,4.0,4.0,4.0,4.0,4.0,8.0,Av. Sensorial,P2,2026-03
Pici 2,2026-03-11,Almoço,VEG,Moqueca Vegetariana,4.0,4.0,4.0,4.0,4.0,8.0,Av. Sensorial,P2,2026-03
Porangabussu,2026-03-11,Almoço,PV,Feijoada,4.0,4.0,2.0,4.0,3.0,7.0,Av. Sensorial,PO,2026-03
Porangabussu,2026-03-11,Almoço,PB,Sobrecoxa Assada,4.0,4.0,4.0,4.0,4.0,8.0,Av. Sensorial,PO,2026-03
Porangabussu,2026-03-11,Almoço,VEG,Moqueca Vegetariana,4.0,4.0,4.0,4.0,4.0,8.0,Av. Sensorial,PO,2026-03
Porangabussu,2026-03-11,Almoço,PV,Feijoada,3.0,3.0,3.0,4.0,3.0,6.2,Av. Sensorial,PO,2026-03
Porangabussu,2026-03-11,Almoço,PB,Sobrecoxa Assada,4.0,4.0,4.0,4.0,4.0,8.0,Av. Sensorial,PO,2026-03
Porangabussu,2026-03-11,Almoço,VEG,Moqueca Vegetariana,4.0,4.0,2.0,4.0,3.0,6.6,Av. Sensorial,PO,2026-03
Benfica,2026-03-11,Almoço,PV,Feijoada,4.0,4.0,4.0,4.0,4.0,8.0,Av. Sensorial,B,2026-03
Benfica,2026-03-11,Almoço,PB,Sobrecoxa Assada,4.0,4.0,4.0,4.0,4.0,8.0,Av. Sensorial,B,2026-03
Benfica,2026-03-11,Almoço,VEG,Moqueca Vegetariana,4.0,4.0,4.0,4.0,4.0,8.0,Av. Sensorial,B,2026-03
Benfica,2026-03-11,Almoço,PV,Feijoada,4.0,4.0,3.0,4.0,4.0,7.6,Av. Sensorial,B,2026-03
Benfica,2026-03-11,Almoço,PB,Sobrecoxa Assada,4.0,4.0,4.0,4.0,4.0,8.0,Av. Sensorial,B,2026-03
Benfica,2026-03-11,Almoço,VEG,Moqueca Vegetariana,4.0,4.0,4.0,4.0,4.0,8.0,Av. Sensorial,B,2026-03
Benfica,2026-03-11,Jantar,PV,Cubo Suíno ao M. Escuro,4.0,4.0,4.0,4.0,4.0,8.0,Av. Sensorial,B,2026-03
Benfica,2026-03-11,Jantar,PB,Isca de Frango Acebolado,4.0,3.0,3.0,4.0,4.0,7.0,Av. Sensorial,B,2026-03
Benfica,2026-03-11,Jantar,VEG,Panqueca Vegana ao Molho Branco,4.0,4.0,4.0,4.0,4.0,8.0,Av. Sensorial,B,2026-03
Benfica,2026-03-11,Jantar,PV,Cubo Suíno ao M. Escuro,3.0,3.0,4.0,4.0,4.0,6.8,Av. Sensorial,B,2026-03
Benfica,2026-03-11,Jantar,PB,Isca de Frango Acebolado,3.0,4.0,4.0,4.0,4.0,7.4,Av. Sensorial,B,2026-03
Benfica,2026-03-11,Jantar,VEG,Panqueca Vegana ao Molho Branco,4.0,4.0,4.0,4.0,4.0,8.0,Av. Sensorial,B,2026-03
Pici 1,2026-03-11,Jantar,PV,Cubo Suíno ao M. Escuro,4.0,4.0,4.0,4.0,4.0,8.0,Av. Sensorial,P1,2026-03
Pici 1,2026-03-11,Jantar,PB,Isca de Frango Acebolado,4.0,4.0,4.0,4.0,4.0,8.0,Av. Sensorial,P1,2026-03
Pici 1,2026-03-11,Jantar,VEG,Panqueca Vegana ao Molho Branco,4.0,4.0,4.0,4.0,4.0,8.0,Av. Sensorial,P1,2026-03
Pici 1,2026-03-11,Jantar,PV,Cubo Suíno ao M. Escuro,4.0,4.0,4.0,4.0,4.0,8.0,Av. Sensorial,P1,2026-03
Pici 1,2026-03-11,Jantar,PB,Isca de Frango Acebolado,4.0,3.0,4.0,4.0,4.0,7.4,Av. Sensorial,P1,2026-03
Pici 1,2026-03-11,Jantar,VEG,Panqueca Vegana ao Molho Branco,4.0,4.0,4.0,4.0,4.0,8.0,Av. Sensorial,P1,2026-03
Benfica,2026-03-12,Café,ESPECIAL,Iogurte ,4.0,4.0,4.0,4.0,4.0,8.0,Av. Sensorial,B,2026-03
Benfica,2026-03-12,Café,ESPECIAL VEG,Similar a Iogurte Vegano,3.0,3.0,3.0,4.0,3.0,6.285714285714286,Av. Sensorial,B,2026-03
Pici 2,2026-03-12,Café,ESPECIAL,Iogurte ,4.0,4.0,4.0,4.0,4.0,8.0,Av. Sensorial,P2,2026-03
Pici 2,2026-03-12,Café,ESPECIAL VEG,Similar a Iogurte Vegano,3.0,3.0,3.0,4.0,3.0,6.285714285714286,Av. Sensorial,P2,2026-03
Benfica,2026-03-12,Almoço,PV,Carne Moída Refogada,,,,,,0.0,Av. Sensorial,B,2026-03
Benfica,2026-03-12,Almoço,PB,Cubos de Frango ao M. Tropical ,,,,,,0.0,Av. Sensorial,B,2026-03
Benfica,2026-03-12,Almoço,VEG,Refogado de Lentilha,,,,,,0.0,Av. Sensorial,B,2026-03
Pici 2,2026-03-12,Café,ESPECIAL,Iogurte ,4.0,4.0,4.0,4.0,4.0,8.0,Av. Sensorial,P2,2026-03
Pici 1,2026-03-12,Almoço,PV,Carne Moída Refogada,4.0,4.0,3.0,4.0,4.0,7.6,Av. Sensorial,P1,2026-03
Pici 1,2026-03-12,Almoço,PB,Cubos de Frango ao M. Tropical ,4.0,4.0,3.0,4.0,4.0,7.6,Av. Sensorial,P1,2026-03
Pici 1,2026-03-12,Almoço,VEG,Refogado de Lentilha,4.0,4.0,3.0,4.0,3.0,7.2,Av. Sensorial,P1,2026-03
Pici 1,2026-03-12,Almoço,PV,Carne Moída Refogada,4.0,4.0,3.0,4.0,4.0,7.6,Av. Sensorial,P1,2026-03
Pici 1,2026-03-12,Almoço,PB,Cubos de Frango ao M. Tropical ,4.0,4.0,3.0,4.0,4.0,7.6,Av. Sensorial,P1,2026-03
Pici 1,2026-03-12,Almoço,VEG,Refogado de Lentilha,4.0,4.0,3.0,4.0,3.0,7.2,Av. Sensorial,P1,2026-03
Pici 2,2026-03-12,Almoço,PV,Carne Moída Refogada,3.0,3.0,4.0,4.0,3.0,6.6,Av. Sensorial,P2,2026-03
Pici 2,2026-03-12,Almoço,PB,Cubos de Frango ao M. Tropical ,4.0,4.0,4.0,4.0,4.0,8.0,Av. Sensorial,P2,2026-03
Pici 2,2026-03-12,Almoço,VEG,Refogado de Lentilha,4.0,4.0,4.0,4.0,4.0,8.0,Av. Sensorial,P2,2026-03
Porangabussu,2026-03-12,Almoço,PV,Carne Moída Refogada,4.0,4.0,2.0,4.0,3.0,7.0,Av. Sensorial,PO,2026-03
Porangabussu,2026-03-12,Almoço,PB,Cubos de Frango ao M. Tropical ,4.0,2.0,4.0,4.0,4.0,6.8,Av. Sensorial,PO,2026-03
Porangabussu,2026-03-12,Almoço,VEG,Refogado de Lentilha,4.0,2.0,3.0,4.0,3.0,6.4,Av. Sensorial,PO,2026-03
Porangabussu,2026-03-12,Almoço,PV,Carne Moída Refogada,4.0,4.0,3.0,4.0,4.0,7.6,Av. Sensorial,PO,2026-03
Porangabussu,2026-03-12,Almoço,PB,Cubos de Frango ao M. Tropical ,4.0,4.0,3.0,4.0,4.0,7.6,Av. Sensorial,PO,2026-03
Porangabussu,2026-03-12,Almoço,VEG,Refogado de Lentilha,3.0,3.0,3.0,4.0,3.0,6.2,Av. Sensorial,PO,2026-03
Pici 2,2026-03-12,Almoço,PV,Carne Moída Refogada,4.0,4.0,4.0,4.0,4.0,8.0,Av. Sensorial,P2,2026-03
Pici 2,2026-03-12,Almoço,PB,Cubos de Frango ao M. Tropical ,4.0,4.0,4.0,4.0,4.0,8.0,Av. Sensorial,P2,2026-03
Pici 2,2026-03-12,Almoço,VEG,Refogado de Lentilha,4.0,4.0,4.0,4.0,4.0,8.0,Av. Sensorial,P2,2026-03
Pici 1,2026-03-12,Jantar,PV,Cubos de Carne ao M. Madeira,3.0,3.0,4.0,4.0,3.0,6.6,Av. Sensorial,P1,2026-03
Pici 1,2026-03-12,Jantar,PB,Cubos de Frango ao M. Escuro,4.0,4.0,4.0,4.0,4.0,8.0,Av. Sensorial,P1,2026-03
Pici 1,2026-03-12,Jantar,VEG,Suflê de Legumes,4.0,4.0,4.0,4.0,4.0,8.0,Av. Sensorial,P1,2026-03
Benfica,2026-03-12,Almoço,PV,Carne Moída Refogada,4.0,4.0,4.0,4.0,4.0,8.0,Av. Sensorial,B,2026-03
Benfica,2026-03-12,Almoço,PB,Cubos de Frango ao M. Tropical ,4.0,4.0,4.0,4.0,4.0,8.0,Av. Sensorial,B,2026-03
Benfica,2026-03-12,Almoço,VEG,Refogado de Lentilha,4.0,4.0,4.0,4.0,4.0,8.0,Av. Sensorial,B,2026-03
Benfica,2026-03-12,Jantar,PV,Cubos de Carne ao M. Madeira,3.0,3.0,3.0,4.0,4.0,6.4,Av. Sensorial,B,2026-03
Benfica,2026-03-12,Jantar,PB,Cubos de Frango ao M. Escuro,4.0,4.0,4.0,4.0,4.0,8.0,Av. Sensorial,B,2026-03
Benfica,2026-03-12,Jantar,VEG,Suflê de Legumes,4.0,4.0,4.0,4.0,4.0,8.0,Av. Sensorial,B,2026-03
Benfica,2026-03-12,Jantar,PV,Cubos de Carne ao M. Madeira,3.0,3.0,4.0,4.0,4.0,6.8,Av. Sensorial,B,2026-03
Benfica,2026-03-12,Jantar,PB,Cubos de Frango ao M. Escuro,4.0,4.0,4.0,4.0,4.0,8.0,Av. Sensorial,B,2026-03
Benfica,2026-03-12,Jantar,VEG,Suflê de Legumes,4.0,4.0,4.0,4.0,4.0,8.0,Av. Sensorial,B,2026-03
Labomar,2026-03-12,Almoço,PV,Carne Moída Refogada,4.0,4.0,4.0,4.0,4.0,8.0,Av. Sensorial,L,2026-03
Labomar,2026-03-12,Almoço,PB,Cubos de Frango ao M. Tropical ,4.0,4.0,4.0,4.0,4.0,8.0,Av. Sensorial,L,2026-03
Labomar,2026-03-12,Almoço,VEG,Refogado de Lentilha,4.0,4.0,4.0,4.0,4.0,8.0,Av. Sensorial,L,2026-03
Benfica,2026-03-13,Café,ESPECIAL,Frango Desfiado,4.0,4.0,4.0,4.0,4.0,8.0,Av. Sensorial,B,2026-03
Benfica,2026-03-13,Café,ESPECIAL VEG,Geleia,4.0,4.0,4.0,4.0,4.0,8.0,Av. Sensorial,B,2026-03
Pici 2,2026-03-13,Café,ESPECIAL,Frango Desfiado,4.0,4.0,4.0,4.0,4.0,8.0,Av. Sensorial,P2,2026-03
Pici 2,2026-03-13,Café,ESPECIAL VEG,Geleia,4.0,4.0,4.0,4.0,4.0,8.0,Av. Sensorial,P2,2026-03
Pici 2,2026-03-13,Almoço,PV,Carne de Sol Acebolada,4.0,4.0,4.0,4.0,4.0,8.0,Av. Sensorial,P2,2026-03
Pici 2,2026-03-13,Almoço,PB,Sobrecoxa Assada,4.0,4.0,4.0,4.0,4.0,8.0,Av. Sensorial,P2,2026-03
Pici 2,2026-03-13,Almoço,VEG,Assado de Grão de Bico com Legumes,4.0,4.0,4.0,4.0,4.0,8.0,Av. Sensorial,P2,2026-03
Benfica,2026-03-13,Almoço,PV,Carne de Sol Acebolada,4.0,5.0,5.0,4.0,4.0,9.0,Av. Sensorial,B,2026-03
Benfica,2026-03-13,Almoço,PB,Sobrecoxa Assada,4.0,4.0,4.0,4.0,4.0,8.0,Av. Sensorial,B,2026-03
Benfica,2026-03-13,Almoço,VEG,Assado de Grão de Bico com Legumes,4.0,4.0,4.0,4.0,4.0,8.0,Av. Sensorial,B,2026-03
Pici 1,2026-03-13,Almoço,PV,Carne de Sol Acebolada,4.0,4.0,4.0,4.0,4.0,8.0,Av. Sensorial,P1,2026-03
Pici 1,2026-03-13,Almoço,PB,Sobrecoxa Assada,4.0,4.0,4.0,4.0,4.0,8.0,Av. Sensorial,P1,2026-03
Pici 1,2026-03-13,Almoço,VEG,Assado de Grão de Bico com Legumes,4.0,4.0,4.0,4.0,4.0,8.0,Av. Sensorial,P1,2026-03
Porangabussu,2026-03-13,Almoço,PV,Carne de Sol Acebolada,4.0,4.0,5.0,4.0,4.0,8.4,Av. Sensorial,PO,2026-03
Porangabussu,2026-03-13,Almoço,PB,Sobrecoxa Assada,4.0,4.0,4.0,4.0,4.0,8.0,Av. Sensorial,PO,2026-03
Porangabussu,2026-03-13,Almoço,VEG,Assado de Grão de Bico com Legumes,4.0,4.0,4.0,4.0,4.0,8.0,Av. Sensorial,PO,2026-03
Pici 1,2026-03-13,Almoço,PV,Carne de Sol Acebolada,4.0,4.0,5.0,4.0,4.0,8.4,Av. Sensorial,P1,2026-03
Pici 1,2026-03-13,Almoço,PB,Sobrecoxa Assada,4.0,4.0,4.0,4.0,4.0,8.0,Av. Sensorial,P1,2026-03
Pici 1,2026-03-13,Almoço,VEG,Assado de Grão de Bico com Legumes,4.0,4.0,4.0,4.0,4.0,8.0,Av. Sensorial,P1,2026-03
Porangabussu,2026-03-13,Almoço,PV,Carne de Sol Acebolada,4.0,4.0,4.0,4.0,4.0,8.0,Av. Sensorial,PO,2026-03
Porangabussu,2026-03-13,Almoço,PB,Sobrecoxa Assada,4.0,4.0,4.0,4.0,4.0,8.0,Av. Sensorial,PO,2026-03
Porangabussu,2026-03-13,Almoço,VEG,Assado de Grão de Bico com Legumes,4.0,4.0,4.0,4.0,4.0,8.0,Av. Sensorial,PO,2026-03
Pici 1,2026-03-13,Jantar,PV,Torta de Calabresa,4.0,4.0,4.0,4.0,4.0,8.0,Av. Sensorial,P1,2026-03
Pici 1,2026-03-13,Jantar,PB,Peixe à Delícia,4.0,4.0,4.0,4.0,4.0,8.0,Av. Sensorial,P1,2026-03
Pici 1,2026-03-13,Jantar,VEG,Torta de Legumes,4.0,4.0,4.0,4.0,4.0,8.0,Av. Sensorial,P1,2026-03
Pici 1,2026-03-13,Jantar,PV,Torta de Calabresa,4.0,4.0,3.0,4.0,4.0,7.6,Av. Sensorial,P1,2026-03
Pici 1,2026-03-13,Jantar,PB,Peixe à Delícia,4.0,4.0,4.0,4.0,4.0,8.0,Av. Sensorial,P1,2026-03
Pici 1,2026-03-13,Jantar,VEG,Torta de Legumes,4.0,4.0,4.0,4.0,4.0,8.0,Av. Sensorial,P1,2026-03
Benfica,2026-03-13,Almoço,PV,Carne de Sol Acebolada,4.0,4.0,4.0,4.0,4.0,8.0,Av. Sensorial,B,2026-03
Benfica,2026-03-13,Almoço,PB,Sobrecoxa Assada,4.0,4.0,4.0,4.0,4.0,8.0,Av. Sensorial,B,2026-03
Benfica,2026-03-13,Almoço,VEG,Assado de Grão de Bico com Legumes,4.0,4.0,4.0,4.0,4.0,8.0,Av. Sensorial,B,2026-03
Benfica,2026-03-13,Jantar,PV,Torta de Calabresa,4.0,4.0,3.0,4.0,4.0,7.6,Av. Sensorial,B,2026-03
Benfica,2026-03-13,Jantar,PB,Peixe à Delícia,4.0,4.0,4.0,4.0,4.0,8.0,Av. Sensorial,B,2026-03
Benfica,2026-03-13,Jantar,VEG,Torta de Legumes,4.0,4.0,4.0,4.0,4.0,8.0,Av. Sensorial,B,2026-03
Benfica,2026-03-13,Almoço,PV,Carne de Sol Acebolada,4.0,4.0,5.0,4.0,4.0,8.4,Av. Sensorial,B,2026-03
Benfica,2026-03-13,Almoço,PB,Sobrecoxa Assada,4.0,4.0,4.0,4.0,4.0,8.0,Av. Sensorial,B,2026-03
Benfica,2026-03-13,Almoço,VEG,Assado de Grão de Bico com Legumes,4.0,4.0,4.0,4.0,4.0,8.0,Av. Sensorial,B,2026-03
Benfica,2026-03-16,Café,ESPECIAL,Mingau ,4.0,4.0,4.0,4.0,4.0,8.0,Av. Sensorial,B,2026-03
Benfica,2026-03-16,Café,ESPECIAL VEG,Achocolatado vegano ,4.0,4.0,4.0,4.0,4.0,8.0,Av. Sensorial,B,2026-03
Pici 1,2026-03-16,Almoço,PV,Cozido Nordestino,4.0,4.0,4.0,4.0,4.0,8.0,Av. Sensorial,P1,2026-03
Pici 1,2026-03-16,Almoço,PB,Isca de Frango Acebolado,3.0,4.0,4.0,4.0,3.0,7.2,Av. Sensorial,P1,2026-03
Pici 1,2026-03-16,Almoço,VEG,Risoto de Lentilha,4.0,4.0,4.0,4.0,4.0,8.0,Av. Sensorial,P1,2026-03
Pici 1,2026-03-16,Almoço,PV,Cozido Nordestino,3.0,4.0,4.0,4.0,4.0,7.4,Av. Sensorial,P1,2026-03
Pici 1,2026-03-16,Almoço,PB,Isca de Frango Acebolado,3.0,3.0,4.0,4.0,3.0,6.6,Av. Sensorial,P1,2026-03
Pici 1,2026-03-16,Almoço,VEG,Risoto de Lentilha,4.0,4.0,4.0,4.0,4.0,8.0,Av. Sensorial,P1,2026-03
Pici 2,2026-03-16,Café,ESPECIAL,Mingau ,4.0,4.0,4.0,4.0,4.0,8.0,Av. Sensorial,P2,2026-03
Pici 2,2026-03-16,Café,ESPECIAL VEG,Achocolatado vegano ,4.0,4.0,4.0,4.0,4.0,8.0,Av. Sensorial,P2,2026-03
Pici 2,2026-03-16,Almoço,PV,Cozido Nordestino,3.0,3.0,4.0,4.0,4.0,6.8,Av. Sensorial,P2,2026-03
Pici 2,2026-03-16,Almoço,PB,Isca de Frango Acebolado,4.0,4.0,4.0,4.0,4.0,8.0,Av. Sensorial,P2,2026-03
Pici 2,2026-03-16,Almoço,VEG,Risoto de Lentilha,4.0,4.0,4.0,4.0,4.0,8.0,Av. Sensorial,P2,2026-03
Pici 2,2026-03-16,Almoço,PV,Cozido Nordestino,3.0,3.0,3.0,4.0,3.0,6.2,Av. Sensorial,P2,2026-03
Pici 2,2026-03-16,Almoço,PB,Isca de Frango Acebolado,3.0,3.0,3.0,4.0,3.0,6.2,Av. Sensorial,P2,2026-03
Labomar,2026-03-13,Almoço,PV,Carne de Sol Acebolada,4.0,4.0,5.0,4.0,4.0,8.4,Av. Sensorial,L,2026-03
Labomar,2026-03-13,Almoço,PB,Sobrecoxa Assada,4.0,4.0,4.0,4.0,4.0,8.0,Av. Sensorial,L,2026-03
Labomar,2026-03-13,Almoço,VEG,Assado de Grão de Bico com Legumes,4.0,4.0,4.0,4.0,4.0,8.0,Av. Sensorial,L,2026-03
Labomar,2026-03-16,Almoço,PV,Cozido Nordestino,3.0,2.0,4.0,4.0,3.0,6.0,Av. Sensorial,L,2026-03
Labomar,2026-03-16,Almoço,PB,Isca de Frango Acebolado,4.0,3.0,3.0,4.0,3.0,6.8,Av. Sensorial,L,2026-03
Labomar,2026-03-16,Almoço,VEG,Risoto de Lentilha,4.0,4.0,4.0,4.0,4.0,8.0,Av. Sensorial,L,2026-03
Benfica,2026-03-16,Almoço,PV,Cozido Nordestino,4.0,4.0,4.0,4.0,4.0,8.0,Av. Sensorial,B,2026-03
Benfica,2026-03-16,Almoço,PB,Isca de Frango Acebolado,4.0,4.0,4.0,4.0,4.0,8.0,Av. Sensorial,B,2026-03
Benfica,2026-03-16,Almoço,VEG,Risoto de Lentilha,4.0,4.0,4.0,4.0,4.0,8.0,Av. Sensorial,B,2026-03
Porangabussu,2026-03-16,Almoço,PV,Cozido Nordestino,4.0,2.0,4.0,4.0,3.0,6.6,Av. Sensorial,PO,2026-03
Porangabussu,2026-03-16,Almoço,PB,Isca de Frango Acebolado,4.0,4.0,4.0,4.0,4.0,8.0,Av. Sensorial,PO,2026-03
Porangabussu,2026-03-16,Almoço,VEG,Risoto de Lentilha,4.0,4.0,4.0,4.0,4.0,8.0,Av. Sensorial,PO,2026-03
Porangabussu,2026-03-16,Almoço,PV,Cozido Nordestino,3.0,3.0,3.0,4.0,3.0,6.2,Av. Sensorial,PO,2026-03
Porangabussu,2026-03-16,Almoço,PB,Isca de Frango Acebolado,3.0,4.0,3.0,4.0,4.0,7.0,Av. Sensorial,PO,2026-03
Porangabussu,2026-03-16,Almoço,VEG,Risoto de Lentilha,3.0,3.0,3.0,4.0,3.0,6.2,Av. Sensorial,PO,2026-03
Pici 1,2026-03-16,Jantar,PV,Isca de Carne Acebolada,3.0,4.0,4.0,4.0,4.0,7.4,Av. Sensorial,P1,2026-03
Pici 1,2026-03-16,Jantar,PB,Sobrecoxa ao M. de Ervas,4.0,4.0,4.0,4.0,4.0,8.0,Av. Sensorial,P1,2026-03
Pici 1,2026-03-16,Jantar,VEG,Rocambole de Grão de Bico,4.0,4.0,4.0,4.0,4.0,8.0,Av. Sensorial,P1,2026-03
Benfica,2026-03-16,Almoço,PV,Cozido Nordestino,3.0,3.0,3.0,4.0,4.0,6.4,Av. Sensorial,B,2026-03
Benfica,2026-03-16,Almoço,PB,Isca de Frango Acebolado,3.0,3.0,3.0,4.0,3.0,6.2,Av. Sensorial,B,2026-03
Benfica,2026-03-16,Almoço,VEG,Risoto de Lentilha,4.0,4.0,4.0,4.0,4.0,8.0,Av. Sensorial,B,2026-03
Benfica,2026-03-16,Jantar,PV,Isca de Carne Acebolada,3.0,3.0,3.0,4.0,4.0,6.4,Av. Sensorial,B,2026-03
Benfica,2026-03-16,Jantar,PB,Sobrecoxa ao M. de Ervas,4.0,4.0,4.0,4.0,4.0,8.0,Av. Sensorial,B,2026-03
Benfica,2026-03-16,Jantar,VEG,Rocambole de Grão de Bico,4.0,4.0,4.0,4.0,4.0,8.0,Av. Sensorial,B,2026-03
Benfica,2026-03-16,Jantar,PV,Isca de Carne Acebolada,3.0,3.0,4.0,4.0,4.0,6.8,Av. Sensorial,B,2026-03
Benfica,2026-03-16,Jantar,PB,Sobrecoxa ao M. de Ervas,4.0,4.0,4.0,4.0,4.0,8.0,Av. Sensorial,B,2026-03
Benfica,2026-03-16,Jantar,VEG,Rocambole de Grão de Bico,4.0,4.0,4.0,4.0,4.0,8.0,Av. Sensorial,B,2026-03
Benfica,2026-03-17,Café,ESPECIAL,Queijo ,4.0,4.0,4.0,4.0,4.0,8.0,Av. Sensorial,B,2026-03
Benfica,2026-03-17,Café,ESPECIAL VEG,Granola,4.0,4.0,4.0,4.0,4.0,8.0,Av. Sensorial,B,2026-03
Benfica,2026-03-17,Almoço,PV,Cubos Suíno ao molho barbecue,4.0,4.0,4.0,4.0,4.0,8.0,Av. Sensorial,B,2026-03
Benfica,2026-03-17,Almoço,PB,Vatapá de Frango,4.0,4.0,4.0,4.0,4.0,8.0,Av. Sensorial,B,2026-03
Benfica,2026-03-17,Almoço,VEG,Soja Nordestina,4.0,4.0,4.0,4.0,4.0,8.0,Av. Sensorial,B,2026-03
Pici 1,2026-03-17,Almoço,PV,Cubos Suíno ao molho barbecue,4.0,4.0,4.0,4.0,4.0,8.0,Av. Sensorial,P1,2026-03
Pici 1,2026-03-17,Almoço,PB,Vatapá de Frango,4.0,4.0,4.0,4.0,4.0,8.0,Av. Sensorial,P1,2026-03
Pici 1,2026-03-17,Almoço,VEG,Soja Nordestina,4.0,4.0,4.0,4.0,4.0,8.0,Av. Sensorial,P1,2026-03
Pici 1,2026-03-17,Almoço,PV,Cubos Suíno ao molho barbecue,4.0,4.0,4.0,4.0,4.0,8.0,Av. Sensorial,P1,2026-03
Pici 1,2026-03-17,Almoço,PB,Vatapá de Frango,4.0,4.0,4.0,4.0,4.0,8.0,Av. Sensorial,P1,2026-03
Pici 1,2026-03-17,Almoço,VEG,Soja Nordestina,4.0,4.0,4.0,4.0,4.0,8.0,Av. Sensorial,P1,2026-03
Pici 2,2026-03-17,Almoço,PV,Cubos Suíno ao molho barbecue,4.0,4.0,4.0,4.0,4.0,8.0,Av. Sensorial,P2,2026-03
Pici 2,2026-03-17,Almoço,PB,Vatapá de Frango,4.0,4.0,3.0,4.0,4.0,7.6,Av. Sensorial,P2,2026-03
Pici 2,2026-03-17,Almoço,VEG,Soja Nordestina,4.0,4.0,4.0,4.0,4.0,8.0,Av. Sensorial,P2,2026-03
Pici 2,2026-03-17,Café,ESPECIAL,Queijo ,4.0,4.0,4.0,4.0,4.0,8.0,Av. Sensorial,P2,2026-03
Pici 2,2026-03-17,Café,ESPECIAL VEG,Granola,4.0,4.0,4.0,4.0,4.0,8.0,Av. Sensorial,P2,2026-03
Pici 2,2026-03-17,Almoço,PV,Cubos Suíno ao molho barbecue,4.0,4.0,4.0,4.0,4.0,8.0,Av. Sensorial,P2,2026-03
Pici 2,2026-03-17,Almoço,PB,Vatapá de Frango,4.0,4.0,3.0,4.0,4.0,7.6,Av. Sensorial,P2,2026-03
Pici 2,2026-03-17,Almoço,VEG,Soja Nordestina,4.0,4.0,4.0,4.0,4.0,8.0,Av. Sensorial,P2,2026-03
Porangabussu,2026-03-17,Almoço,PV,Cubos Suíno ao molho barbecue,,,,,,0.0,Av. Sensorial,PO,2026-03
Porangabussu,2026-03-17,Almoço,PB,Vatapá de Frango,,,,,,0.0,Av. Sensorial,PO,2026-03
Porangabussu,2026-03-17,Almoço,VEG,Soja Nordestina,,,,,,0.0,Av. Sensorial,PO,2026-03
Porangabussu,2026-03-17,Almoço,PV,Cubos Suíno ao molho barbecue,4.0,4.0,4.0,4.0,4.0,8.0,Av. Sensorial,PO,2026-03
Porangabussu,2026-03-17,Almoço,PB,Vatapá de Frango,4.0,4.0,4.0,4.0,4.0,8.0,Av. Sensorial,PO,2026-03
Porangabussu,2026-03-17,Almoço,VEG,Soja Nordestina,4.0,4.0,4.0,4.0,4.0,8.0,Av. Sensorial,PO,2026-03
Pici 1,2026-03-17,Jantar,PV,Carne Moída Refogada,4.0,4.0,4.0,4.0,4.0,8.0,Av. Sensorial,P1,2026-03
Pici 1,2026-03-17,Jantar,PB,Cubos de Frango Acebolado,3.0,3.0,3.0,4.0,3.0,6.2,Av. Sensorial,P1,2026-03
Pici 1,2026-03-17,Jantar,VEG,Vatapá Vegano,4.0,4.0,4.0,4.0,4.0,8.0,Av. Sensorial,P1,2026-03
Benfica,2026-03-17,Almoço,PV,Cubos Suíno ao molho barbecue,4.0,4.0,4.0,4.0,4.0,8.0,Av. Sensorial,B,2026-03
Benfica,2026-03-17,Almoço,PB,Vatapá de Frango,4.0,4.0,4.0,4.0,4.0,8.0,Av. Sensorial,B,2026-03
Benfica,2026-03-17,Almoço,VEG,Soja Nordestina,4.0,4.0,4.0,4.0,4.0,8.0,Av. Sensorial,B,2026-03
Benfica,2026-03-17,Jantar,PV,Carne Moída Refogada,4.0,4.0,4.0,4.0,4.0,8.0,Av. Sensorial,B,2026-03
Benfica,2026-03-17,Jantar,PB,Cubos de Frango Acebolado,3.0,3.0,3.0,4.0,3.0,6.2,Av. Sensorial,B,2026-03
Benfica,2026-03-17,Jantar,VEG,Vatapá Vegano,4.0,4.0,4.0,4.0,4.0,8.0,Av. Sensorial,B,2026-03
Benfica,2026-03-17,Jantar,PV,Carne Moída Refogada,3.0,4.0,3.0,4.0,4.0,7.0,Av. Sensorial,B,2026-03
Benfica,2026-03-17,Jantar,PB,Cubos de Frango Acebolado,3.0,4.0,4.0,4.0,4.0,7.4,Av. Sensorial,B,2026-03
Benfica,2026-03-17,Jantar,VEG,Vatapá Vegano,4.0,,,,,2.4,Av. Sensorial,B,2026-03
Benfica,2026-03-18,Café,ESPECIAL,Ovos Mexidos,4.0,4.0,4.0,4.0,4.0,8.0,Av. Sensorial,B,2026-03
Benfica,2026-03-18,Café,ESPECIAL VEG,Pasta de Amendoim,4.0,4.0,4.0,4.0,4.0,8.0,Av. Sensorial,B,2026-03
Labomar,2026-03-17,Almoço,PB,Vatapá de Frango,4.0,4.0,4.0,4.0,4.0,8.0,Av. Sensorial,L,2026-03
Labomar,2026-03-17,Almoço,VEG,Soja Nordestina,4.0,4.0,4.0,4.0,4.0,8.0,Av. Sensorial,L,2026-03
Labomar,2026-03-17,Almoço,PV,Cubos Suíno ao molho barbecue,4.0,4.0,4.0,4.0,4.0,8.0,Av. Sensorial,L,2026-03
Labomar,2026-03-18,Almoço,PB,Cubos de Frango com Ervas,4.0,4.0,4.0,4.0,4.0,8.0,Av. Sensorial,L,2026-03
Labomar,2026-03-18,Almoço,VEG,Feijoada Vegetariana,4.0,4.0,4.0,4.0,4.0,8.0,Av. Sensorial,L,2026-03
Labomar,2026-03-18,Almoço,PV,Feijoada,4.0,4.0,4.0,4.0,4.0,8.0,Av. Sensorial,L,2026-03
Pici 1,2026-03-17,Jantar,PV,Carne Moída Refogada,4.0,4.0,4.0,4.0,4.0,8.0,Av. Sensorial,P1,2026-03
Pici 1,2026-03-17,Jantar,PB,Cubos de Frango Acebolado,3.0,3.0,3.0,4.0,4.0,6.4,Av. Sensorial,P1,2026-03
Pici 1,2026-03-17,Jantar,VEG,Vatapá Vegano,4.0,4.0,4.0,4.0,4.0,8.0,Av. Sensorial,P1,2026-03
Pici 1,2026-03-18,Almoço,PV,Feijoada,4.0,4.0,4.0,4.0,4.0,8.0,Av. Sensorial,P1,2026-03
Pici 1,2026-03-18,Almoço,PB,Cubos de Frango com Ervas,3.0,4.0,4.0,4.0,4.0,7.4,Av. Sensorial,P1,2026-03
Pici 1,2026-03-18,Almoço,VEG,Feijoada Vegetariana,4.0,4.0,3.0,4.0,4.0,7.4,Av. Sensorial,P1,2026-03
Pici 1,2026-03-18,Almoço,PV,Feijoada,4.0,4.0,4.0,4.0,4.0,8.0,Av. Sensorial,P1,2026-03
Pici 1,2026-03-18,Almoço,PB,Cubos de Frango com Ervas,3.0,3.0,3.0,4.0,3.0,6.2,Av. Sensorial,P1,2026-03
Pici 1,2026-03-18,Almoço,VEG,Feijoada Vegetariana,3.0,3.0,4.0,4.0,3.0,6.8,Av. Sensorial,P1,2026-03
Pici 2,2026-03-18,Almoço,PV,Feijoada,4.0,4.0,4.0,4.0,4.0,8.0,Av. Sensorial,P2,2026-03
Pici 2,2026-03-18,Almoço,PB,Cubos de Frango com Ervas,3.0,3.0,3.0,4.0,3.0,6.2,Av. Sensorial,P2,2026-03
Pici 2,2026-03-18,Café,ESPECIAL,Ovos Mexidos,4.0,4.0,4.0,4.0,4.0,8.0,Av. Sensorial,P2,2026-03
Pici 2,2026-03-18,Café,ESPECIAL,Ovos Mexidos,4.0,4.0,3.0,4.0,4.0,7.333333333333333,Av. Sensorial,P2,2026-03
Pici 2,2026-03-18,Café,ESPECIAL VEG,Pasta de Amendoim,4.0,4.0,4.0,4.0,4.0,8.0,Av. Sensorial,P2,2026-03
Pici 2,2026-03-18,Almoço,PV,Feijoada,4.0,4.0,4.0,4.0,4.0,8.0,Av. Sensorial,P2,2026-03
Pici 2,2026-03-18,Almoço,PB,Cubos de Frango com Ervas,4.0,4.0,4.0,4.0,4.0,8.0,Av. Sensorial,P2,2026-03
Pici 2,2026-03-18,Almoço,VEG,Feijoada Vegetariana,4.0,4.0,4.0,4.0,4.0,8.0,Av. Sensorial,P2,2026-03
Porangabussu,2026-03-18,Almoço,PV,Feijoada,,,,,,0.0,Av. Sensorial,PO,2026-03
Porangabussu,2026-03-18,Almoço,PB,Cubos de Frango com Ervas,,,,,,0.0,Av. Sensorial,PO,2026-03
Porangabussu,2026-03-18,Almoço,VEG,Feijoada Vegetariana,,,,,,0.0,Av. Sensorial,PO,2026-03
Porangabussu,2026-03-18,Almoço,PV,Feijoada,4.0,4.0,4.0,4.0,4.0,8.0,Av. Sensorial,PO,2026-03
Porangabussu,2026-03-18,Almoço,PB,Cubos de Frango com Ervas,3.0,4.0,3.0,4.0,4.0,7.0,Av. Sensorial,PO,2026-03
Porangabussu,2026-03-18,Almoço,VEG,Feijoada Vegetariana,4.0,4.0,4.0,4.0,4.0,8.0,Av. Sensorial,PO,2026-03
Pici 1,2026-03-18,Jantar,PV,Picadinho com Legumes,3.0,3.0,4.0,4.0,3.0,6.6,Av. Sensorial,P1,2026-03
Pici 1,2026-03-18,Jantar,PB,Sobrecoxa Assada,4.0,4.0,4.0,4.0,4.0,8.0,Av. Sensorial,P1,2026-03
Pici 1,2026-03-18,Jantar,VEG,Bobó de Legumes,4.0,3.0,4.0,4.0,3.0,7.4,Av. Sensorial,P1,2026-03
Benfica,2026-03-18,Almoço,PV,Feijoada,4.0,4.0,4.0,4.0,4.0,8.0,Av. Sensorial,B,2026-03
Benfica,2026-03-18,Almoço,PB,Cubos de Frango com Ervas,4.0,4.0,4.0,4.0,4.0,8.0,Av. Sensorial,B,2026-03
Benfica,2026-03-18,Almoço,VEG,Feijoada Vegetariana,4.0,4.0,4.0,4.0,4.0,8.0,Av. Sensorial,B,2026-03
Benfica,2026-03-18,Jantar,PV,Picadinho com Legumes,4.0,4.0,4.0,4.0,4.0,8.0,Av. Sensorial,B,2026-03
Benfica,2026-03-18,Jantar,PB,Sobrecoxa Assada,4.0,4.0,4.0,4.0,4.0,8.0,Av. Sensorial,B,2026-03
Benfica,2026-03-18,Jantar,VEG,Bobó de Legumes,4.0,4.0,4.0,4.0,4.0,8.0,Av. Sensorial,B,2026-03
Benfica,2026-03-18,Jantar,PV,Picadinho com Legumes,3.0,3.0,4.0,4.0,4.0,6.8,Av. Sensorial,B,2026-03
Benfica,2026-03-18,Jantar,PB,Sobrecoxa Assada,4.0,3.0,4.0,4.0,4.0,7.4,Av. Sensorial,B,2026-03
Benfica,2026-03-18,Jantar,VEG,Bobó de Legumes,4.0,4.0,4.0,4.0,4.0,8.0,Av. Sensorial,B,2026-03
Pici 1,2026-03-18,Jantar,PV,Picadinho com Legumes,3.0,3.0,4.0,4.0,4.0,6.8,Av. Sensorial,P1,2026-03
Pici 1,2026-03-18,Jantar,PB,Sobrecoxa Assada,4.0,4.0,4.0,4.0,4.0,8.0,Av. Sensorial,P1,2026-03
Pici 1,2026-03-18,Jantar,VEG,Bobó de Legumes,4.0,4.0,3.0,4.0,4.0,7.4,Av. Sensorial,P1,2026-03
Benfica,2026-03-23,Café,ESPECIAL,Queijo ,4.0,4.0,4.0,4.0,4.0,8.0,Av. Sensorial,B,2026-03
Benfica,2026-03-23,Café,ESPECIAL VEG,Achocolatado vegano ,4.0,4.0,4.0,4.0,4.0,8.0,Av. Sensorial,B,2026-03
Labomar,2026-03-23,Almoço,PV,Cubos de Carne ao M. Madeira,2.0,2.0,3.0,4.0,3.0,5.0,Av. Sensorial,L,2026-03
Labomar,2026-03-23,Almoço,PB,Sobrecoxa com Gergelim,4.0,4.0,4.0,4.0,4.0,8.0,Av. Sensorial,L,2026-03
Labomar,2026-03-23,Almoço,VEG,Estrogonofe de Legumes,4.0,4.0,4.0,4.0,4.0,8.0,Av. Sensorial,L,2026-03
Pici 2,2026-03-23,Café,ESPECIAL,Queijo ,4.0,4.0,4.0,4.0,4.0,8.0,Av. Sensorial,P2,2026-03
Pici 2,2026-03-23,Café,ESPECIAL VEG,Achocolatado vegano ,4.0,4.0,4.0,4.0,4.0,8.0,Av. Sensorial,P2,2026-03
Pici 2,2026-03-23,Almoço,PV,Cubos de Carne ao M. Madeira,3.0,2.0,3.0,4.0,3.0,5.6,Av. Sensorial,P2,2026-03
Pici 2,2026-03-23,Almoço,PB,Sobrecoxa com Gergelim,4.0,4.0,4.0,4.0,4.0,8.0,Av. Sensorial,P2,2026-03
Pici 2,2026-03-23,Almoço,VEG,Estrogonofe de Legumes,4.0,4.0,4.0,4.0,4.0,8.0,Av. Sensorial,P2,2026-03
Porangabussu,2026-03-23,Almoço,PV,Cubos de Carne ao M. Madeira,2.0,2.0,2.0,4.0,2.0,4.4,Av. Sensorial,PO,2026-03
Porangabussu,2026-03-23,Almoço,PB,Sobrecoxa com Gergelim,4.0,4.0,4.0,4.0,4.0,8.0,Av. Sensorial,PO,2026-03
Porangabussu,2026-03-23,Almoço,VEG,Estrogonofe de Legumes,4.0,4.0,4.0,4.0,4.0,8.0,Av. Sensorial,PO,2026-03
Pici 1,2026-03-23,Almoço,PV,Cubos de Carne ao M. Madeira,2.0,3.0,3.0,4.0,3.0,5.6,Av. Sensorial,P1,2026-03
Pici 1,2026-03-23,Almoço,PB,Sobrecoxa com Gergelim,4.0,4.0,4.0,4.0,4.0,8.0,Av. Sensorial,P1,2026-03
Pici 1,2026-03-23,Almoço,VEG,Estrogonofe de Legumes,3.0,3.0,3.0,4.0,4.0,6.4,Av. Sensorial,P1,2026-03
Pici 2,2026-03-23,Almoço,PB,Sobrecoxa com Gergelim,3.0,3.0,3.0,4.0,3.0,6.2,Av. Sensorial,P2,2026-03
Benfica,2026-03-18,Almoço,PV,Feijoada,4.0,4.0,4.0,4.0,4.0,8.0,Av. Sensorial,B,2026-03
Benfica,2026-03-18,Almoço,PB,Cubos de Frango com Ervas,4.0,4.0,4.0,4.0,4.0,8.0,Av. Sensorial,B,2026-03
Benfica,2026-03-18,Almoço,VEG,Feijoada Vegetariana,3.0,4.0,3.0,4.0,3.0,6.6,Av. Sensorial,B,2026-03
Benfica,2026-03-23,Almoço,PV,Cubos de Carne ao M. Madeira,1.0,1.0,1.0,3.0,2.0,2.6,Av. Sensorial,B,2026-03
Benfica,2026-03-23,Almoço,PB,Sobrecoxa com Gergelim,4.0,4.0,4.0,4.0,4.0,8.0,Av. Sensorial,B,2026-03
Benfica,2026-03-23,Almoço,VEG,Estrogonofe de Legumes,4.0,4.0,3.0,4.0,4.0,7.4,Av. Sensorial,B,2026-03
Pici 1,2026-03-23,Jantar,PV,Suíno à Carioca,4.0,4.0,4.0,4.0,4.0,8.0,Av. Sensorial,P1,2026-03
Pici 1,2026-03-23,Jantar,PB,Cubos de Frango com Ervas,4.0,4.0,4.0,4.0,4.0,8.0,Av. Sensorial,P1,2026-03
Pici 1,2026-03-23,Jantar,VEG,Vatapá Vegano,4.0,4.0,4.0,4.0,4.0,8.0,Av. Sensorial,P1,2026-03
Benfica,2026-03-23,Almoço,PV,Cubos de Carne ao M. Madeira,3.0,3.0,3.0,4.0,3.0,6.2,Av. Sensorial,B,2026-03
Benfica,2026-03-23,Almoço,PB,Sobrecoxa com Gergelim,4.0,4.0,4.0,4.0,4.0,8.0,Av. Sensorial,B,2026-03
Benfica,2026-03-23,Almoço,VEG,Estrogonofe de Legumes,4.0,4.0,4.0,4.0,4.0,8.0,Av. Sensorial,B,2026-03
Benfica,2026-03-23,Jantar,PV,Suíno à Carioca,4.0,4.0,3.0,4.0,4.0,7.6,Av. Sensorial,B,2026-03
Benfica,2026-03-23,Jantar,PB,Cubos de Frango com Ervas,4.0,4.0,4.0,4.0,4.0,8.0,Av. Sensorial,B,2026-03
Benfica,2026-03-23,Jantar,VEG,Vatapá Vegano,4.0,4.0,4.0,4.0,4.0,8.0,Av. Sensorial,B,2026-03
Benfica,2026-03-23,Jantar,PV,Suíno à Carioca,3.0,3.0,4.0,4.0,4.0,6.8,Av. Sensorial,B,2026-03
Benfica,2026-03-23,Jantar,PB,Cubos de Frango com Ervas,4.0,4.0,4.0,4.0,4.0,8.0,Av. Sensorial,B,2026-03
Benfica,2026-03-23,Jantar,VEG,Vatapá Vegano,4.0,4.0,4.0,4.0,4.0,8.0,Av. Sensorial,B,2026-03
Benfica,2026-03-24,Café,ESPECIAL,Queijo ,4.0,4.0,4.0,4.0,4.0,8.0,Av. Sensorial,B,2026-03
Benfica,2026-03-24,Café,ESPECIAL VEG,Granola,4.0,4.0,4.0,4.0,4.0,8.0,Av. Sensorial,B,2026-03
Benfica,2026-03-24,Almoço,PV,Cubos Suíno ao molho barbecue,4.0,4.0,4.0,4.0,4.0,8.0,Av. Sensorial,B,2026-03
Benfica,2026-03-24,Almoço,PB,Isca de Frango Acebolado,4.0,4.0,4.0,4.0,4.0,8.0,Av. Sensorial,B,2026-03
Benfica,2026-03-24,Almoço,VEG,Guisado de Lentilha,4.0,4.0,4.0,4.0,4.0,8.0,Av. Sensorial,B,2026-03
Pici 2,2026-03-24,Café,ESPECIAL,Queijo ,4.0,4.0,4.0,4.0,4.0,8.0,Av. Sensorial,P2,2026-03
Pici 2,2026-03-24,Café,ESPECIAL VEG,Granola,4.0,4.0,4.0,4.0,4.0,8.0,Av. Sensorial,P2,2026-03
Pici 2,2026-03-24,Almoço,PV,Cubos Suíno ao molho barbecue,4.0,4.0,4.0,4.0,4.0,8.0,Av. Sensorial,P2,2026-03
Pici 2,2026-03-24,Almoço,PB,Isca de Frango Acebolado,3.0,3.0,3.0,4.0,3.0,6.2,Av. Sensorial,P2,2026-03
Pici 2,2026-03-24,Almoço,VEG,Guisado de Lentilha,4.0,4.0,4.0,4.0,4.0,8.0,Av. Sensorial,P2,2026-03
Pici 1,2026-03-23,Almoço,PV,Cubos de Carne ao M. Madeira,3.0,3.0,4.0,4.0,3.0,6.6,Av. Sensorial,P1,2026-03
Pici 1,2026-03-23,Almoço,PB,Sobrecoxa com Gergelim,4.0,4.0,4.0,4.0,4.0,8.0,Av. Sensorial,P1,2026-03
Pici 1,2026-03-23,Almoço,VEG,Estrogonofe de Legumes,4.0,4.0,4.0,4.0,4.0,8.0,Av. Sensorial,P1,2026-03
Labomar,2026-03-24,Almoço,PV,Cubos Suíno ao molho barbecue,3.0,3.0,4.0,4.0,3.0,6.6,Av. Sensorial,L,2026-03
Labomar,2026-03-24,Almoço,PB,Isca de Frango Acebolado,4.0,4.0,4.0,4.0,4.0,8.0,Av. Sensorial,L,2026-03
Labomar,2026-03-24,Almoço,VEG,Guisado de Lentilha,4.0,4.0,4.0,4.0,4.0,8.0,Av. Sensorial,L,2026-03
Pici 2,2026-03-24,Almoço,PV,Cubos Suíno ao molho barbecue,4.0,3.0,3.0,4.0,3.0,6.8,Av. Sensorial,P2,2026-03
Pici 2,2026-03-24,Almoço,PB,Isca de Frango Acebolado,3.0,3.0,3.0,4.0,3.0,6.2,Av. Sensorial,P2,2026-03
Pici 2,2026-03-24,Almoço,VEG,Guisado de Lentilha,4.0,4.0,4.0,4.0,4.0,8.0,Av. Sensorial,P2,2026-03
Porangabussu,2026-03-24,Almoço,PV,Cubos Suíno ao molho barbecue,4.0,4.0,4.0,4.0,4.0,8.0,Av. Sensorial,PO,2026-03
Porangabussu,2026-03-24,Almoço,PB,Isca de Frango Acebolado,3.0,4.0,3.0,4.0,3.0,6.8,Av. Sensorial,PO,2026-03
Porangabussu,2026-03-24,Almoço,VEG,Guisado de Lentilha,4.0,4.0,4.0,4.0,4.0,8.0,Av. Sensorial,PO,2026-03
Porangabussu,2026-03-24,Almoço,PV,Cubos Suíno ao molho barbecue,4.0,4.0,4.0,4.0,4.0,8.0,Av. Sensorial,PO,2026-03
Porangabussu,2026-03-24,Almoço,PB,Isca de Frango Acebolado,3.0,4.0,4.0,4.0,4.0,7.4,Av. Sensorial,PO,2026-03
Porangabussu,2026-03-24,Almoço,VEG,Guisado de Lentilha,3.0,4.0,3.0,4.0,4.0,6.8,Av. Sensorial,PO,2026-03
Pici 1,2026-03-24,Almoço,PV,Cubos Suíno ao molho barbecue,4.0,4.0,4.0,4.0,4.0,8.0,Av. Sensorial,P1,2026-03
Pici 1,2026-03-24,Almoço,PB,Isca de Frango Acebolado,2.0,4.0,3.0,4.0,3.0,6.2,Av. Sensorial,P1,2026-03
Pici 1,2026-03-24,Almoço,VEG,Guisado de Lentilha,4.0,4.0,4.0,4.0,4.0,8.0,Av. Sensorial,P1,2026-03
Pici 1,2026-03-24,Almoço,PV,Cubos Suíno ao molho barbecue,4.0,4.0,4.0,4.0,4.0,8.0,Av. Sensorial,P1,2026-03
Pici 1,2026-03-24,Almoço,PB,Isca de Frango Acebolado,2.0,3.0,3.0,4.0,3.0,5.6,Av. Sensorial,P1,2026-03
Pici 1,2026-03-24,Almoço,VEG,Guisado de Lentilha,4.0,4.0,4.0,4.0,4.0,8.0,Av. Sensorial,P1,2026-03
Pici 1,2026-03-24,Jantar,PV,Estrogonofe de Carne,4.0,4.0,4.0,4.0,4.0,8.0,Av. Sensorial,P1,2026-03
Pici 1,2026-03-24,Jantar,PB,Sobrecoxa Crocante,4.0,4.0,4.0,4.0,4.0,8.0,Av. Sensorial,P1,2026-03
Pici 1,2026-03-24,Jantar,VEG,Soja à Bolonhesa,4.0,4.0,4.0,4.0,4.0,8.0,Av. Sensorial,P1,2026-03
Pici 1,2026-03-24,Jantar,PV,Estrogonofe de Carne,4.0,3.0,4.0,4.0,4.0,7.4,Av. Sensorial,P1,2026-03
Pici 1,2026-03-24,Jantar,PB,Sobrecoxa Crocante,4.0,4.0,4.0,4.0,4.0,8.0,Av. Sensorial,P1,2026-03
Pici 1,2026-03-24,Jantar,VEG,Soja à Bolonhesa,4.0,4.0,4.0,4.0,4.0,8.0,Av. Sensorial,P1,2026-03
Benfica,2026-03-24,Almoço,PV,Cubos Suíno ao molho barbecue,4.0,4.0,4.0,4.0,4.0,8.0,Av. Sensorial,B,2026-03
Benfica,2026-03-24,Almoço,PB,Isca de Frango Acebolado,3.0,3.0,3.0,4.0,3.0,6.2,Av. Sensorial,B,2026-03
Benfica,2026-03-24,Almoço,VEG,Guisado de Lentilha,4.0,4.0,4.0,4.0,4.0,8.0,Av. Sensorial,B,2026-03
Benfica,2026-03-24,Jantar,PV,Estrogonofe de Carne,4.0,3.0,4.0,4.0,4.0,7.4,Av. Sensorial,B,2026-03
Benfica,2026-03-24,Jantar,PB,Sobrecoxa Crocante,4.0,4.0,4.0,4.0,4.0,8.0,Av. Sensorial,B,2026-03
Benfica,2026-03-24,Jantar,VEG,Soja à Bolonhesa,4.0,4.0,4.0,4.0,4.0,8.0,Av. Sensorial,B,2026-03
Benfica,2026-03-24,Jantar,PV,Estrogonofe de Carne,3.0,3.0,4.0,4.0,4.0,6.8,Av. Sensorial,B,2026-03
Benfica,2026-03-24,Jantar,PB,Sobrecoxa Crocante,4.0,4.0,4.0,4.0,4.0,8.0,Av. Sensorial,B,2026-03
Benfica,2026-03-24,Jantar,VEG,Soja à Bolonhesa,4.0,4.0,4.0,4.0,4.0,8.0,Av. Sensorial,B,2026-03
Benfica,2026-03-26,Café,ESPECIAL,Iogurte ,4.0,4.0,4.0,4.0,4.0,8.0,Av. Sensorial,B,2026-03
Benfica,2026-03-26,Café,ESPECIAL VEG,Similar a Iogurte Vegano,4.0,4.0,3.0,4.0,4.0,7.428571428571429,Av. Sensorial,B,2026-03
Pici 2,2026-03-26,Café,ESPECIAL,Iogurte ,4.0,4.0,4.0,4.0,4.0,8.0,Av. Sensorial,P2,2026-03
Pici 2,2026-03-26,Café,ESPECIAL VEG,Similar a Iogurte Vegano,4.0,4.0,3.0,4.0,4.0,7.428571428571429,Av. Sensorial,P2,2026-03
Pici 2,2026-03-26,Café,ESPECIAL,Iogurte ,4.0,4.0,4.0,4.0,4.0,8.0,Av. Sensorial,P2,2026-03
Pici 2,2026-03-26,Café,ESPECIAL VEG,Similar a Iogurte Vegano,4.0,4.0,4.0,4.0,4.0,8.0,Av. Sensorial,P2,2026-03
Labomar,2026-03-26,Almoço,PV,Carne Moída Refogada,4.0,4.0,4.0,4.0,4.0,8.0,Av. Sensorial,L,2026-03
Labomar,2026-03-26,Almoço,PB,Cubos de Frango ao M. de Tomate,4.0,4.0,4.0,4.0,4.0,8.0,Av. Sensorial,L,2026-03
Labomar,2026-03-26,Almoço,VEG,Assado de Grão de Bico,4.0,4.0,4.0,4.0,4.0,8.0,Av. Sensorial,L,2026-03
Pici 1,2026-03-26,Almoço,PV,Carne Moída Refogada,4.0,4.0,4.0,4.0,4.0,8.0,Av. Sensorial,P1,2026-03
Pici 1,2026-03-26,Almoço,PB,Cubos de Frango ao M. de Tomate,4.0,4.0,4.0,4.0,4.0,8.0,Av. Sensorial,P1,2026-03
Pici 1,2026-03-26,Almoço,VEG,Assado de Grão de Bico,4.0,4.0,4.0,4.0,4.0,8.0,Av. Sensorial,P1,2026-03
Pici 1,2026-03-26,Almoço,PV,Carne Moída Refogada,4.0,4.0,4.0,4.0,4.0,8.0,Av. Sensorial,P1,2026-03
Pici 1,2026-03-26,Almoço,PB,Cubos de Frango ao M. de Tomate,4.0,4.0,4.0,4.0,4.0,8.0,Av. Sensorial,P1,2026-03
Pici 1,2026-03-26,Almoço,VEG,Assado de Grão de Bico,4.0,4.0,4.0,4.0,4.0,8.0,Av. Sensorial,P1,2026-03
Pici 2,2026-03-26,Almoço,PV,Carne Moída Refogada,4.0,4.0,4.0,4.0,4.0,8.0,Av. Sensorial,P2,2026-03
Pici 2,2026-03-26,Almoço,PB,Cubos de Frango ao M. de Tomate,4.0,4.0,4.0,4.0,4.0,8.0,Av. Sensorial,P2,2026-03
Pici 2,2026-03-26,Almoço,VEG,Assado de Grão de Bico,4.0,4.0,4.0,4.0,4.0,8.0,Av. Sensorial,P2,2026-03
Porangabussu,2026-03-26,Almoço,PV,Carne Moída Refogada,4.0,4.0,4.0,4.0,4.0,8.0,Av. Sensorial,PO,2026-03
Porangabussu,2026-03-26,Almoço,PB,Cubos de Frango ao M. de Tomate,4.0,4.0,4.0,4.0,4.0,8.0,Av. Sensorial,PO,2026-03
Porangabussu,2026-03-26,Almoço,VEG,Assado de Grão de Bico,4.0,4.0,4.0,4.0,4.0,8.0,Av. Sensorial,PO,2026-03
Porangabussu,2026-03-26,Almoço,PV,Carne Moída Refogada,4.0,4.0,4.0,4.0,4.0,8.0,Av. Sensorial,PO,2026-03
Porangabussu,2026-03-26,Almoço,PB,Cubos de Frango ao M. de Tomate,4.0,4.0,4.0,4.0,4.0,8.0,Av. Sensorial,PO,2026-03
Porangabussu,2026-03-26,Almoço,VEG,Assado de Grão de Bico,3.0,3.0,3.0,4.0,3.0,6.2,Av. Sensorial,PO,2026-03
Pici 2,2026-03-26,Almoço,PV,Carne Moída Refogada,4.0,4.0,4.0,4.0,4.0,8.0,Av. Sensorial,P2,2026-03
Pici 2,2026-03-26,Almoço,PB,Cubos de Frango ao M. de Tomate,4.0,4.0,4.0,4.0,4.0,8.0,Av. Sensorial,P2,2026-03
Pici 2,2026-03-26,Almoço,VEG,Assado de Grão de Bico,4.0,4.0,4.0,4.0,4.0,8.0,Av. Sensorial,P2,2026-03
Pici 1,2026-03-26,Jantar,PV,Isca de Carne Chinesa,4.0,3.0,4.0,4.0,4.0,7.4,Av. Sensorial,P1,2026-03
Pici 1,2026-03-26,Jantar,PB,Creme de Frango,4.0,4.0,4.0,4.0,4.0,8.0,Av. Sensorial,P1,2026-03
Pici 1,2026-03-26,Jantar,VEG,Yakissoba Vegetariano,4.0,4.0,3.0,4.0,3.0,7.2,Av. Sensorial,P1,2026-03
Benfica,2026-03-26,Almoço,PV,Carne Moída Refogada,4.0,4.0,4.0,4.0,4.0,8.0,Av. Sensorial,B,2026-03
Benfica,2026-03-26,Almoço,PB,Cubos de Frango ao M. de Tomate,4.0,4.0,4.0,4.0,4.0,8.0,Av. Sensorial,B,2026-03
Benfica,2026-03-26,Almoço,VEG,Assado de Grão de Bico,4.0,4.0,4.0,4.0,4.0,8.0,Av. Sensorial,B,2026-03
Benfica,2026-03-26,Jantar,PV,Isca de Carne Chinesa,4.0,4.0,4.0,4.0,4.0,8.0,Av. Sensorial,B,2026-03
Benfica,2026-03-26,Jantar,PB,Creme de Frango,4.0,4.0,4.0,4.0,4.0,8.0,Av. Sensorial,B,2026-03
Benfica,2026-03-26,Jantar,VEG,Yakissoba Vegetariano,4.0,4.0,4.0,4.0,4.0,8.0,Av. Sensorial,B,2026-03
Benfica,2026-03-26,Almoço,PV,Carne Moída Refogada,4.0,4.0,4.0,4.0,4.0,8.0,Av. Sensorial,B,2026-03
Benfica,2026-03-26,Almoço,PB,Cubos de Frango ao M. de Tomate,3.0,4.0,4.0,4.0,4.0,7.4,Av. Sensorial,B,2026-03
Benfica,2026-03-26,Almoço,VEG,Assado de Grão de Bico,4.0,4.0,4.0,4.0,4.0,8.0,Av. Sensorial,B,2026-03
Benfica,2026-03-26,Almoço,PV,Carne Moída Refogada,3.0,4.0,3.0,3.0,3.0,6.6,Av. Sensorial,B,2026-03
Benfica,2026-03-26,Almoço,PB,Cubos de Frango ao M. de Tomate,4.0,4.0,3.0,4.0,4.0,7.6,Av. Sensorial,B,2026-03
Benfica,2026-03-26,Almoço,VEG,Assado de Grão de Bico,4.0,4.0,3.0,4.0,4.0,7.4,Av. Sensorial,B,2026-03
Benfica,2026-03-27,Café,ESPECIAL,Frango Desfiado,4.0,4.0,4.0,4.0,4.0,8.0,Av. Sensorial,B,2026-03
Benfica,2026-03-27,Café,ESPECIAL VEG,Geleia,4.0,4.0,4.0,4.0,4.0,8.0,Av. Sensorial,B,2026-03
Pici 2,2026-03-27,Café,ESPECIAL,Frango Desfiado,4.0,4.0,4.0,4.0,4.0,8.0,Av. Sensorial,P2,2026-03
Pici 1,2026-03-27,Almoço,PV,Isca de Carne Acebolada,4.0,4.0,4.0,4.0,4.0,8.0,Av. Sensorial,P1,2026-03
Pici 1,2026-03-27,Almoço,PB,Sobrecoxa ao Molho,4.0,4.0,4.0,4.0,4.0,8.0,Av. Sensorial,P1,2026-03
Pici 1,2026-03-27,Almoço,VEG,Jardineira de Soja,4.0,4.0,4.0,4.0,4.0,8.0,Av. Sensorial,P1,2026-03
Pici 1,2026-03-27,Almoço,PV,Isca de Carne Acebolada,4.0,4.0,4.0,4.0,4.0,8.0,Av. Sensorial,P1,2026-03
Pici 1,2026-03-27,Almoço,PB,Sobrecoxa ao Molho,4.0,4.0,4.0,4.0,4.0,8.0,Av. Sensorial,P1,2026-03
Pici 1,2026-03-27,Almoço,VEG,Jardineira de Soja,4.0,4.0,4.0,4.0,4.0,8.0,Av. Sensorial,P1,2026-03
Pici 2,2026-03-27,Café,ESPECIAL,Frango Desfiado,4.0,4.0,4.0,4.0,4.0,8.0,Av. Sensorial,P2,2026-03
Pici 2,2026-03-27,Café,ESPECIAL VEG,Geleia,4.0,4.0,4.0,4.0,4.0,8.0,Av. Sensorial,P2,2026-03
Pici 2,2026-03-27,Almoço,PV,Isca de Carne Acebolada,4.0,4.0,4.0,4.0,4.0,8.0,Av. Sensorial,P2,2026-03
Pici 2,2026-03-27,Almoço,PB,Sobrecoxa ao Molho,4.0,4.0,4.0,4.0,4.0,8.0,Av. Sensorial,P2,2026-03
Pici 2,2026-03-27,Almoço,VEG,Jardineira de Soja,4.0,4.0,4.0,4.0,4.0,8.0,Av. Sensorial,P2,2026-03
Pici 2,2026-03-27,Almoço,PV,Isca de Carne Acebolada,4.0,4.0,4.0,4.0,4.0,8.0,Av. Sensorial,P2,2026-03
Pici 2,2026-03-27,Almoço,PB,Sobrecoxa ao Molho,4.0,4.0,4.0,4.0,4.0,8.0,Av. Sensorial,P2,2026-03
Pici 2,2026-03-27,Almoço,VEG,Jardineira de Soja,4.0,4.0,4.0,4.0,4.0,8.0,Av. Sensorial,P2,2026-03
Porangabussu,2026-03-27,Almoço,PV,Isca de Carne Acebolada,,,,,,0.0,Av. Sensorial,PO,2026-03
Porangabussu,2026-03-27,Almoço,PB,Sobrecoxa ao Molho,,,,,,0.0,Av. Sensorial,PO,2026-03
Porangabussu,2026-03-27,Almoço,VEG,Jardineira de Soja,,,,,,0.0,Av. Sensorial,PO,2026-03
Porangabussu,2026-03-27,Almoço,PV,Isca de Carne Acebolada,4.0,4.0,4.0,4.0,4.0,8.0,Av. Sensorial,PO,2026-03
Porangabussu,2026-03-27,Almoço,PB,Sobrecoxa ao Molho,4.0,4.0,4.0,4.0,4.0,8.0,Av. Sensorial,PO,2026-03
Porangabussu,2026-03-27,Almoço,VEG,Jardineira de Soja,3.0,4.0,4.0,4.0,4.0,7.4,Av. Sensorial,PO,2026-03
Pici 1,2026-03-27,Jantar,PV,Cubo suíno acebolado,4.0,3.0,4.0,4.0,4.0,7.4,Av. Sensorial,P1,2026-03
Pici 1,2026-03-27,Jantar,PB,Peixe ao M. Branco,4.0,3.0,3.0,4.0,3.0,6.8,Av. Sensorial,P1,2026-03
Pici 1,2026-03-27,Jantar,VEG,Escondidinho de Legumes,4.0,4.0,4.0,4.0,4.0,8.0,Av. Sensorial,P1,2026-03
Pici 1,2026-03-27,Jantar,PV,Cubo suíno acebolado,4.0,3.0,4.0,4.0,4.0,7.4,Av. Sensorial,P1,2026-03
Pici 1,2026-03-27,Jantar,PB,Peixe ao M. Branco,3.0,3.0,4.0,4.0,3.0,6.6,Av. Sensorial,P1,2026-03
Pici 1,2026-03-27,Jantar,VEG,Escondidinho de Legumes,4.0,4.0,3.0,4.0,4.0,7.4,Av. Sensorial,P1,2026-03
Benfica,2026-03-27,Almoço,PV,Isca de Carne Acebolada,4.0,4.0,4.0,4.0,4.0,8.0,Av. Sensorial,B,2026-03
Benfica,2026-03-27,Almoço,PB,Sobrecoxa ao Molho,4.0,4.0,4.0,4.0,4.0,8.0,Av. Sensorial,B,2026-03
Benfica,2026-03-27,Almoço,VEG,Jardineira de Soja,4.0,4.0,4.0,4.0,4.0,8.0,Av. Sensorial,B,2026-03
Benfica,2026-03-27,Jantar,PV,Cubo suíno acebolado,4.0,4.0,4.0,4.0,4.0,8.0,Av. Sensorial,B,2026-03
Benfica,2026-03-27,Jantar,PB,Peixe ao M. Branco,4.0,4.0,4.0,4.0,4.0,8.0,Av. Sensorial,B,2026-03
Benfica,2026-03-27,Jantar,VEG,Escondidinho de Legumes,4.0,4.0,4.0,4.0,4.0,8.0,Av. Sensorial,B,2026-03
Benfica,2026-03-27,Jantar,PV,Cubo suíno acebolado,3.0,3.0,4.0,4.0,4.0,6.8,Av. Sensorial,B,2026-03
Benfica,2026-03-27,Jantar,PB,Peixe ao M. Branco,3.0,4.0,3.0,3.0,3.0,6.6,Av. Sensorial,B,2026-03
Benfica,2026-03-27,Jantar,VEG,Escondidinho de Legumes,4.0,4.0,4.0,4.0,4.0,8.0,Av. Sensorial,B,2026-03
Benfica,2026-03-30,Café,ESPECIAL,Mingau ,4.0,4.0,3.0,4.0,4.0,7.333333333333333,Av. Sensorial,B,2026-03
Benfica,2026-03-30,Café,ESPECIAL VEG,Achocolatado vegano ,4.0,4.0,4.0,4.0,4.0,8.0,Av. Sensorial,B,2026-03
Pici 2,2026-03-30,Café,ESPECIAL,Mingau ,4.0,4.0,3.0,4.0,4.0,7.333333333333333,Av. Sensorial,P2,2026-03
Pici 2,2026-03-30,Café,ESPECIAL VEG,Achocolatado vegano ,4.0,4.0,4.0,4.0,4.0,8.0,Av. Sensorial,P2,2026-03
Benfica,2026-03-27,Almoço,PV,Isca de Carne Acebolada,4.0,4.0,4.0,4.0,4.0,8.0,Av. Sensorial,B,2026-03
Benfica,2026-03-27,Almoço,PB,Sobrecoxa ao Molho,5.0,4.0,5.0,4.0,4.0,9.0,Av. Sensorial,B,2026-03
Benfica,2026-03-27,Almoço,VEG,Jardineira de Soja,4.0,4.0,4.0,4.0,4.0,8.0,Av. Sensorial,B,2026-03
Benfica,2026-03-30,Almoço,PV,Cozido Bovino à Calabresa,4.0,4.0,4.0,4.0,4.0,8.0,Av. Sensorial,B,2026-03
Benfica,2026-03-30,Almoço,PB,Cubos de Frango ao M. Vermelho,4.0,4.0,4.0,4.0,4.0,8.0,Av. Sensorial,B,2026-03
Benfica,2026-03-30,Almoço,VEG,Vatapá Vegano,4.0,4.0,4.0,4.0,4.0,8.0,Av. Sensorial,B,2026-03
Labomar,2026-03-27,Almoço,PV,Isca de Carne Acebolada,4.0,4.0,4.0,4.0,4.0,8.0,Av. Sensorial,L,2026-03
Labomar,2026-03-27,Almoço,PB,Sobrecoxa ao Molho,4.0,4.0,4.0,4.0,4.0,8.0,Av. Sensorial,L,2026-03
Labomar,2026-03-27,Almoço,VEG,Jardineira de Soja,4.0,4.0,4.0,4.0,4.0,8.0,Av. Sensorial,L,2026-03
Labomar,2026-03-30,Almoço,PV,Cozido Bovino à Calabresa,3.0,4.0,3.0,4.0,4.0,7.0,Av. Sensorial,L,2026-03
Labomar,2026-03-30,Almoço,PB,Cubos de Frango ao M. Vermelho,4.0,4.0,4.0,4.0,4.0,8.0,Av. Sensorial,L,2026-03
Labomar,2026-03-30,Almoço,VEG,Vatapá Vegano,4.0,4.0,4.0,4.0,4.0,8.0,Av. Sensorial,L,2026-03
Pici 2,2026-03-30,Almoço,PV,Cozido Bovino à Calabresa,3.0,4.0,4.0,4.0,4.0,7.4,Av. Sensorial,P2,2026-03
Pici 2,2026-03-30,Almoço,PB,Cubos de Frango ao M. Vermelho,4.0,4.0,4.0,4.0,4.0,8.0,Av. Sensorial,P2,2026-03
Pici 2,2026-03-30,Almoço,VEG,Vatapá Vegano,4.0,4.0,4.0,4.0,4.0,8.0,Av. Sensorial,P2,2026-03
Pici 2,2026-03-30,Almoço,PV,Cozido Bovino à Calabresa,3.0,3.0,3.0,4.0,3.0,6.2,Av. Sensorial,P2,2026-03
Pici 2,2026-03-30,Almoço,PB,Cubos de Frango ao M. Vermelho,4.0,4.0,4.0,4.0,4.0,8.0,Av. Sensorial,P2,2026-03
Pici 2,2026-03-30,Almoço,VEG,Vatapá Vegano,4.0,4.0,4.0,4.0,4.0,8.0,Av. Sensorial,P2,2026-03
Pici 1,2026-03-30,Almoço,PV,Cozido Bovino à Calabresa,3.0,4.0,3.0,4.0,4.0,7.0,Av. Sensorial,P1,2026-03
Pici 1,2026-03-30,Almoço,PB,Cubos de Frango ao M. Vermelho,4.0,4.0,4.0,4.0,4.0,8.0,Av. Sensorial,P1,2026-03
Pici 1,2026-03-30,Almoço,VEG,Vatapá Vegano,4.0,4.0,4.0,4.0,4.0,8.0,Av. Sensorial,P1,2026-03
Pici 1,2026-03-30,Almoço,PV,Cozido Bovino à Calabresa,3.0,4.0,4.0,4.0,4.0,7.4,Av. Sensorial,P1,2026-03
Pici 1,2026-03-30,Almoço,PB,Cubos de Frango ao M. Vermelho,4.0,4.0,4.0,4.0,4.0,8.0,Av. Sensorial,P1,2026-03
Pici 1,2026-03-30,Almoço,VEG,Vatapá Vegano,4.0,4.0,4.0,4.0,4.0,8.0,Av. Sensorial,P1,2026-03
Porangabussu,2026-03-30,Almoço,PV,Cozido Bovino à Calabresa,3.0,4.0,3.0,4.0,3.0,6.8,Av. Sensorial,PO,2026-03
Porangabussu,2026-03-30,Almoço,PB,Cubos de Frango ao M. Vermelho,4.0,4.0,4.0,4.0,4.0,8.0,Av. Sensorial,PO,2026-03
Porangabussu,2026-03-30,Almoço,VEG,Vatapá Vegano,4.0,4.0,3.0,4.0,4.0,7.4,Av. Sensorial,PO,2026-03
Porangabussu,2026-03-30,Almoço,PV,Cozido Bovino à Calabresa,3.0,3.0,3.0,4.0,3.0,6.2,Av. Sensorial,PO,2026-03
Porangabussu,2026-03-30,Almoço,PB,Cubos de Frango ao M. Vermelho,4.0,4.0,4.0,4.0,4.0,8.0,Av. Sensorial,PO,2026-03
Porangabussu,2026-03-30,Almoço,VEG,Vatapá Vegano,4.0,4.0,4.0,4.0,4.0,8.0,Av. Sensorial,PO,2026-03
Pici 1,2026-03-30,Jantar,PV,Cubos Suíno ao molho barbecue,4.0,4.0,4.0,4.0,4.0,8.0,Av. Sensorial,P1,2026-03
Pici 1,2026-03-30,Jantar,PB,Sobrecoxa  ao M.Ervas,4.0,4.0,4.0,4.0,4.0,8.0,Av. Sensorial,P1,2026-03
Pici 1,2026-03-30,Jantar,VEG,Bolinha de grão de bico,4.0,4.0,4.0,4.0,4.0,8.0,Av. Sensorial,P1,2026-03
Benfica,2026-03-30,Almoço,PV,Cozido Bovino à Calabresa,3.0,4.0,4.0,4.0,4.0,7.4,Av. Sensorial,B,2026-03
Benfica,2026-03-30,Almoço,PB,Cubos de Frango ao M. Vermelho,4.0,4.0,4.0,4.0,4.0,8.0,Av. Sensorial,B,2026-03
Benfica,2026-03-30,Almoço,VEG,Vatapá Vegano,4.0,4.0,4.0,4.0,4.0,8.0,Av. Sensorial,B,2026-03
Benfica,2026-03-30,Jantar,PV,Cubos Suíno ao molho barbecue,4.0,4.0,4.0,4.0,4.0,8.0,Av. Sensorial,B,2026-03
Benfica,2026-03-30,Jantar,PB,Sobrecoxa  ao M.Ervas,4.0,4.0,4.0,4.0,4.0,8.0,Av. Sensorial,B,2026-03
Benfica,2026-03-30,Jantar,VEG,Bolinha de grão de bico,4.0,4.0,4.0,4.0,4.0,8.0,Av. Sensorial,B,2026-03
Benfica,2026-03-30,Jantar,PV,Cubos Suíno ao molho barbecue,4.0,4.0,4.0,4.0,4.0,8.0,Av. Sensorial,B,2026-03
Benfica,2026-03-30,Jantar,PB,Sobrecoxa  ao M.Ervas,4.0,4.0,4.0,4.0,4.0,8.0,Av. Sensorial,B,2026-03
Benfica,2026-03-30,Jantar,VEG,Bolinha de grão de bico,3.0,4.0,4.0,4.0,4.0,7.4,Av. Sensorial,B,2026-03
Benfica,2026-03-31,Café,ESPECIAL,Queijo ,4.0,4.0,4.0,4.0,4.0,8.0,Av. Sensorial,B,2026-03
Benfica,2026-03-31,Café,ESPECIAL VEG,Granola,4.0,4.0,4.0,4.0,4.0,8.0,Av. Sensorial,B,2026-03
Pici 2,2026-03-31,Café,ESPECIAL,Queijo ,4.0,4.0,4.0,4.0,4.0,8.0,Av. Sensorial,P2,2026-03
Pici 2,2026-03-31,Café,ESPECIAL VEG,Granola,4.0,4.0,4.0,4.0,4.0,8.0,Av. Sensorial,P2,2026-03
Pici 2,2026-03-31,Almoço,PV,Paçoca de Carne,4.0,4.0,4.0,4.0,4.0,8.0,Av. Sensorial,P2,2026-03
Pici 2,2026-03-31,Almoço,PB,Sobrecoxa Assada,4.0,4.0,4.0,4.0,4.0,8.0,Av. Sensorial,P2,2026-03
Pici 2,2026-03-31,Almoço,VEG,Assado de Lentilha,4.0,4.0,4.0,4.0,4.0,8.0,Av. Sensorial,P2,2026-03
Pici 2,2026-03-31,Almoço,PV,Paçoca de Carne,4.0,4.0,4.0,4.0,4.0,8.0,Av. Sensorial,P2,2026-03
Pici 2,2026-03-31,Almoço,PB,Sobrecoxa Assada,4.0,4.0,4.0,4.0,4.0,8.0,Av. Sensorial,P2,2026-03
Pici 2,2026-03-31,Almoço,VEG,Assado de Lentilha,4.0,4.0,4.0,4.0,4.0,8.0,Av. Sensorial,P2,2026-03
Porangabussu,2026-03-31,Almoço,PV,Paçoca de Carne,,,,,,0.0,Av. Sensorial,PO,2026-03
Porangabussu,2026-03-31,Almoço,PB,Sobrecoxa Assada,,,,,,0.0,Av. Sensorial,PO,2026-03
Porangabussu,2026-03-31,Almoço,VEG,Assado de Lentilha,,,,,,0.0,Av. Sensorial,PO,2026-03
Porangabussu,2026-03-31,Almoço,PV,Paçoca de Carne,4.0,4.0,4.0,4.0,4.0,8.0,Av. Sensorial,PO,2026-03
Porangabussu,2026-03-31,Almoço,PB,Sobrecoxa Assada,4.0,4.0,4.0,4.0,4.0,8.0,Av. Sensorial,PO,2026-03
Porangabussu,2026-03-31,Almoço,VEG,Assado de Lentilha,3.0,3.0,3.0,4.0,3.0,6.2,Av. Sensorial,PO,2026-03
Benfica,2026-03-31,Almoço,PV,Paçoca de Carne,4.0,4.0,4.0,4.0,4.0,8.0,Av. Sensorial,B,2026-03
Benfica,2026-03-31,Almoço,PB,Sobrecoxa Assada,4.0,4.0,4.0,4.0,4.0,8.0,Av. Sensorial,B,2026-03
Benfica,2026-03-31,Almoço,VEG,Assado de Lentilha,4.0,4.0,4.0,4.0,4.0,8.0,Av. Sensorial,B,2026-03
Pici 1,2026-03-31,Almoço,PB,Sobrecoxa Assada,4.0,4.0,4.0,4.0,4.0,8.0,Av. Sensorial,P1,2026-03
Pici 1,2026-03-31,Almoço,VEG,Assado de Lentilha,4.0,4.0,4.0,4.0,4.0,8.0,Av. Sensorial,P1,2026-03
Pici 1,2026-03-31,Jantar,PV,Carne Moída Refogada,4.0,4.0,4.0,4.0,4.0,8.0,Av. Sensorial,P1,2026-03
Pici 1,2026-03-31,Almoço,PV,Paçoca de Carne,4.0,4.0,4.0,4.0,4.0,8.0,Av. Sensorial,P1,2026-03
Pici 1,2026-03-31,Almoço,PB,Sobrecoxa Assada,4.0,4.0,4.0,4.0,4.0,8.0,Av. Sensorial,P1,2026-03
Pici 1,2026-03-31,Almoço,VEG,Assado de Lentilha,4.0,4.0,4.0,4.0,4.0,8.0,Av. Sensorial,P1,2026-03
Pici 1,2026-03-31,Jantar,PB,Cubos de Frango com Batata Rústica,4.0,3.0,4.0,4.0,4.0,7.4,Av. Sensorial,P1,2026-03
Pici 1,2026-03-31,Jantar,VEG,Jardineira de Soja,4.0,4.0,4.0,4.0,4.0,8.0,Av. Sensorial,P1,2026-03
Benfica,2026-03-31,Almoço,PV,Paçoca de Carne,4.0,4.0,4.0,4.0,4.0,8.0,Av. Sensorial,B,2026-03
Benfica,2026-03-31,Almoço,PB,Sobrecoxa Assada,4.0,4.0,4.0,4.0,4.0,8.0,Av. Sensorial,B,2026-03
Benfica,2026-03-31,Almoço,VEG,Assado de Lentilha,4.0,4.0,4.0,4.0,4.0,8.0,Av. Sensorial,B,2026-03
Benfica,2026-03-31,Jantar,PV,Carne Moída Refogada,3.0,4.0,4.0,3.0,4.0,7.2,Av. Sensorial,B,2026-03
Benfica,2026-03-31,Jantar,PB,Cubos de Frango com Batata Rústica,3.0,4.0,4.0,4.0,4.0,7.4,Av. Sensorial,B,2026-03
Benfica,2026-03-31,Jantar,VEG,Jardineira de Soja,4.0,4.0,4.0,4.0,4.0,8.0,Av. Sensorial,B,2026-03
Benfica,2026-03-31,Jantar,PV,Carne Moída Refogada,3.0,4.0,3.0,4.0,3.0,6.8,Av. Sensorial,B,2026-03
Benfica,2026-03-31,Jantar,PB,Cubos de Frango com Batata Rústica,3.0,3.0,3.0,4.0,3.0,6.2,Av. Sensorial,B,2026-03
Benfica,2026-03-31,Jantar,VEG,Jardineira de Soja,4.0,4.0,3.0,4.0,4.0,7.4,Av. Sensorial,B,2026-03
Benfica,2026-04-01,Café,ESPECIAL,Ovos Mexidos,4.0,4.0,4.0,4.0,4.0,8.0,Av. Sensorial,B,2026-04
Benfica,2026-04-01,Café,ESPECIAL VEG,Pasta de Amendoim,4.0,4.0,4.0,4.0,4.0,8.0,Av. Sensorial,B,2026-04
Labomar,2026-03-31,Almoço,PV,Paçoca de Carne,4.0,4.0,4.0,4.0,4.0,8.0,Av. Sensorial,L,2026-03
Labomar,2026-03-31,Almoço,PB,Sobrecoxa Assada,4.0,4.0,4.0,4.0,4.0,8.0,Av. Sensorial,L,2026-03
Labomar,2026-03-31,Almoço,VEG,Assado de Lentilha,4.0,4.0,4.0,4.0,4.0,8.0,Av. Sensorial,L,2026-03
Labomar,2026-04-01,Almoço,PV,Feijoada,4.0,4.0,4.0,4.0,4.0,8.0,Av. Sensorial,L,2026-04
Labomar,2026-04-01,Almoço,PB,Isca de Frango ao M. de Legumes,4.0,4.0,4.0,4.0,4.0,8.0,Av. Sensorial,L,2026-04
Labomar,2026-04-01,Almoço,VEG,Bobó de Legumes,4.0,4.0,4.0,4.0,4.0,8.0,Av. Sensorial,L,2026-04
Pici 2,2026-04-01,Café,ESPECIAL,Ovos Mexidos,4.0,4.0,3.0,4.0,4.0,7.333333333333333,Av. Sensorial,P2,2026-04
Pici 2,2026-04-01,Café,ESPECIAL VEG,Pasta de Amendoim,4.0,4.0,4.0,4.0,4.0,8.0,Av. Sensorial,P2,2026-04
Pici 1,2026-04-01,Almoço,PB,Isca de Frango ao M. de Legumes,4.0,4.0,4.0,4.0,4.0,8.0,Av. Sensorial,P1,2026-04
Pici 1,2026-04-01,Almoço,VEG,Bobó de Legumes,4.0,4.0,4.0,4.0,4.0,8.0,Av. Sensorial,P1,2026-04
Pici 1,2026-04-01,Almoço,PV,Feijoada,4.0,4.0,4.0,4.0,4.0,8.0,Av. Sensorial,P1,2026-04
Pici 1,2026-04-01,Almoço,PB,Isca de Frango ao M. de Legumes,4.0,4.0,4.0,4.0,4.0,8.0,Av. Sensorial,P1,2026-04
Pici 1,2026-04-01,Almoço,VEG,Bobó de Legumes,4.0,4.0,4.0,4.0,4.0,8.0,Av. Sensorial,P1,2026-04
Pici 2,2026-04-01,Almoço,PV,Feijoada,4.0,4.0,4.0,4.0,4.0,8.0,Av. Sensorial,P2,2026-04
Pici 2,2026-04-01,Almoço,PB,Isca de Frango ao M. de Legumes,4.0,4.0,4.0,4.0,4.0,8.0,Av. Sensorial,P2,2026-04
Pici 2,2026-04-01,Almoço,VEG,Bobó de Legumes,4.0,4.0,4.0,4.0,4.0,8.0,Av. Sensorial,P2,2026-04
Porangabussu,2026-04-01,Almoço,PV,Feijoada,,,,,,0.0,Av. Sensorial,PO,2026-04
Porangabussu,2026-04-01,Almoço,PB,Isca de Frango ao M. de Legumes,,,,,,0.0,Av. Sensorial,PO,2026-04
Porangabussu,2026-04-01,Almoço,VEG,Bobó de Legumes,,,,,,0.0,Av. Sensorial,PO,2026-04
Porangabussu,2026-04-01,Almoço,PV,Feijoada,3.0,4.0,3.0,4.0,4.0,7.0,Av. Sensorial,PO,2026-04
Porangabussu,2026-04-01,Almoço,PB,Isca de Frango ao M. de Legumes,4.0,4.0,4.0,4.0,4.0,8.0,Av. Sensorial,PO,2026-04
Porangabussu,2026-04-01,Almoço,VEG,Bobó de Legumes,4.0,4.0,3.0,4.0,4.0,7.4,Av. Sensorial,PO,2026-04
Pici 2,2026-04-01,Almoço,PV,Feijoada,4.0,4.0,4.0,4.0,4.0,8.0,Av. Sensorial,P2,2026-04
Pici 1,2026-04-01,Jantar,PV,Assado de Panela,3.0,4.0,4.0,4.0,4.0,7.4,Av. Sensorial,P1,2026-04
Pici 1,2026-04-01,Jantar,PB,Sobrecoxa Assada,4.0,4.0,4.0,4.0,4.0,8.0,Av. Sensorial,P1,2026-04
Pici 1,2026-04-01,Jantar,VEG,Lasanha de Batatas,4.0,4.0,4.0,4.0,4.0,8.0,Av. Sensorial,P1,2026-04
Benfica,2026-04-01,Jantar,PV,Assado de Panela,4.0,4.0,5.0,4.0,5.0,8.6,Av. Sensorial,B,2026-04
Benfica,2026-04-01,Jantar,PB,Sobrecoxa Assada,4.0,4.0,4.0,4.0,4.0,8.0,Av. Sensorial,B,2026-04
Benfica,2026-04-01,Jantar,VEG,Lasanha de Batatas,4.0,4.0,3.0,4.0,4.0,7.4,Av. Sensorial,B,2026-04
Benfica,2026-04-01,Almoço,PV,Feijoada,4.0,4.0,4.0,4.0,4.0,8.0,Av. Sensorial,B,2026-04
Benfica,2026-04-01,Almoço,PB,Isca de Frango ao M. de Legumes,4.0,4.0,4.0,4.0,4.0,8.0,Av. Sensorial,B,2026-04
Benfica,2026-04-01,Almoço,VEG,Bobó de Legumes,4.0,4.0,4.0,4.0,4.0,8.0,Av. Sensorial,B,2026-04
Benfica,2026-04-01,Jantar,PV,Assado de Panela,4.0,3.0,4.0,4.0,4.0,7.4,Av. Sensorial,B,2026-04
Benfica,2026-04-01,Jantar,PB,Sobrecoxa Assada,4.0,4.0,4.0,4.0,4.0,8.0,Av. Sensorial,B,2026-04
Benfica,2026-04-01,Jantar,VEG,Lasanha de Batatas,4.0,4.0,4.0,4.0,4.0,8.0,Av. Sensorial,B,2026-04
Benfica,2026-04-06,Café,ESPECIAL,Achocolatado,4.0,4.0,4.0,4.0,4.0,8.0,Av. Sensorial,B,2026-04
Benfica,2026-04-06,Café,ESPECIAL VEG,Achocolatado vegano ,4.0,4.0,4.0,4.0,4.0,8.0,Av. Sensorial,B,2026-04
Pici 2,2026-04-06,Café,ESPECIAL,Achocolatado,4.0,4.0,4.0,4.0,4.0,8.0,Av. Sensorial,P2,2026-04
Pici 2,2026-04-06,Café,ESPECIAL VEG,Achocolatado vegano ,4.0,4.0,4.0,4.0,4.0,8.0,Av. Sensorial,P2,2026-04
Pici 2,2026-04-06,Almoço,PV,Picadinho com Legumes,3.0,2.0,3.0,4.0,2.0,5.4,Av. Sensorial,P2,2026-04
Pici 2,2026-04-06,Almoço,PB,Sobrecoxa Assada,4.0,4.0,4.0,4.0,4.0,8.0,Av. Sensorial,P2,2026-04
Pici 2,2026-04-06,Almoço,VEG,Macarronada Vegetariana,4.0,4.0,4.0,4.0,4.0,8.0,Av. Sensorial,P2,2026-04
Pici 1,2026-04-06,Almoço,PV,Picadinho com Legumes,4.0,3.0,4.0,4.0,3.0,7.2,Av. Sensorial,P1,2026-04
Pici 1,2026-04-06,Almoço,PB,Sobrecoxa Assada,4.0,4.0,4.0,4.0,4.0,8.0,Av. Sensorial,P1,2026-04
Pici 1,2026-04-06,Almoço,VEG,Macarronada Vegetariana,4.0,4.0,4.0,4.0,4.0,8.0,Av. Sensorial,P1,2026-04
Pici 1,2026-04-06,Almoço,PV,Picadinho com Legumes,3.0,2.0,4.0,4.0,3.0,6.0,Av. Sensorial,P1,2026-04
Pici 1,2026-04-06,Almoço,PB,Sobrecoxa Assada,4.0,4.0,4.0,4.0,4.0,8.0,Av. Sensorial,P1,2026-04
Pici 1,2026-04-06,Almoço,VEG,Macarronada Vegetariana,4.0,4.0,4.0,4.0,4.0,8.0,Av. Sensorial,P1,2026-04
Pici 2,2026-04-06,Almoço,PV,Picadinho com Legumes,2.0,2.0,2.0,4.0,2.0,4.4,Av. Sensorial,P2,2026-04
Pici 2,2026-04-06,Almoço,PB,Sobrecoxa Assada,4.0,4.0,4.0,4.0,4.0,8.0,Av. Sensorial,P2,2026-04
Pici 2,2026-04-06,Almoço,VEG,Macarronada Vegetariana,3.0,4.0,4.0,4.0,4.0,7.4,Av. Sensorial,P2,2026-04
Labomar,2026-04-06,Almoço,PV,Picadinho com Legumes,3.0,3.0,3.0,3.0,3.0,6.0,Av. Sensorial,L,2026-04
Labomar,2026-04-06,Almoço,PB,Sobrecoxa Assada,4.0,4.0,4.0,4.0,4.0,8.0,Av. Sensorial,L,2026-04
Labomar,2026-04-06,Almoço,VEG,Macarronada Vegetariana,4.0,4.0,4.0,4.0,4.0,8.0,Av. Sensorial,L,2026-04
Benfica,2026-04-06,Almoço,PV,Picadinho com Legumes,3.0,3.0,4.0,4.0,4.0,6.8,Av. Sensorial,B,2026-04
Benfica,2026-04-06,Almoço,PB,Sobrecoxa Assada,4.0,4.0,4.0,4.0,4.0,8.0,Av. Sensorial,B,2026-04
Benfica,2026-04-06,Almoço,VEG,Macarronada Vegetariana,3.0,3.0,3.0,4.0,3.0,6.2,Av. Sensorial,B,2026-04
Porangabussu,2026-04-06,Almoço,PV,Picadinho com Legumes,3.0,2.0,3.0,4.0,3.0,5.6,Av. Sensorial,PO,2026-04
Porangabussu,2026-04-06,Almoço,PB,Sobrecoxa Assada,4.0,4.0,4.0,4.0,4.0,8.0,Av. Sensorial,PO,2026-04
Porangabussu,2026-04-06,Almoço,VEG,Macarronada Vegetariana,4.0,4.0,4.0,4.0,4.0,8.0,Av. Sensorial,PO,2026-04
Porangabussu,2026-04-06,Almoço,PV,Picadinho com Legumes,3.0,2.0,2.0,4.0,3.0,5.2,Av. Sensorial,PO,2026-04
Porangabussu,2026-04-06,Almoço,PB,Sobrecoxa Assada,4.0,4.0,4.0,4.0,4.0,8.0,Av. Sensorial,PO,2026-04
Porangabussu,2026-04-06,Almoço,VEG,Macarronada Vegetariana,3.0,3.0,3.0,4.0,3.0,6.2,Av. Sensorial,PO,2026-04
Pici 1,2026-04-06,Jantar,PV,Cubo suíno acebolado,4.0,4.0,4.0,4.0,4.0,8.0,Av. Sensorial,P1,2026-04
Pici 1,2026-04-06,Jantar,PB,Isca de Frango ao M. Ervas,4.0,4.0,4.0,4.0,4.0,8.0,Av. Sensorial,P1,2026-04
Pici 1,2026-04-06,Jantar,VEG,Salpicão vegano,2.0,2.0,3.0,4.0,2.0,5.0,Av. Sensorial,P1,2026-04
Benfica,2026-04-06,Almoço,PV,Picadinho com Legumes,4.0,3.0,4.0,4.0,4.0,7.4,Av. Sensorial,B,2026-04
Benfica,2026-04-06,Almoço,PB,Sobrecoxa Assada,3.0,3.0,4.0,4.0,3.0,6.6,Av. Sensorial,B,2026-04
Benfica,2026-04-06,Almoço,VEG,Macarronada Vegetariana,4.0,4.0,3.0,4.0,4.0,7.4,Av. Sensorial,B,2026-04
Benfica,2026-04-06,Jantar,PV,Cubo suíno acebolado,4.0,4.0,4.0,4.0,4.0,8.0,Av. Sensorial,B,2026-04
Benfica,2026-04-06,Jantar,PB,Isca de Frango ao M. Ervas,4.0,4.0,4.0,4.0,4.0,8.0,Av. Sensorial,B,2026-04
Benfica,2026-04-06,Jantar,VEG,Salpicão vegano,2.0,2.0,2.0,4.0,2.0,4.4,Av. Sensorial,B,2026-04
Benfica,2026-04-07,Café,ESPECIAL,Queijo ,4.0,4.0,4.0,4.0,4.0,8.0,Av. Sensorial,B,2026-04
Benfica,2026-04-07,Café,ESPECIAL VEG,Granola,4.0,4.0,4.0,4.0,4.0,8.0,Av. Sensorial,B,2026-04
Pici 1,2026-04-07,Almoço,PV,Cubo suíno acebolado,3.0,3.0,3.0,4.0,4.0,6.4,Av. Sensorial,P1,2026-04
Pici 1,2026-04-07,Almoço,PB,Creme de Frango,4.0,3.0,4.0,4.0,4.0,7.4,Av. Sensorial,P1,2026-04
Pici 1,2026-04-07,Almoço,VEG,Vatapá Vegano,4.0,4.0,4.0,4.0,4.0,8.0,Av. Sensorial,P1,2026-04
Labomar,2026-04-07,Almoço,PV,Cubo suíno acebolado,4.0,4.0,4.0,4.0,4.0,8.0,Av. Sensorial,L,2026-04
Labomar,2026-04-07,Almoço,PB,Creme de Frango,3.0,3.0,4.0,4.0,3.0,6.6,Av. Sensorial,L,2026-04
Labomar,2026-04-07,Almoço,VEG,Vatapá Vegano,4.0,4.0,4.0,4.0,4.0,8.0,Av. Sensorial,L,2026-04
Pici 2,2026-04-07,Café,ESPECIAL,Queijo ,4.0,4.0,4.0,4.0,4.0,8.0,Av. Sensorial,P2,2026-04
Pici 2,2026-04-07,Café,ESPECIAL VEG,Granola,4.0,4.0,4.0,4.0,4.0,8.0,Av. Sensorial,P2,2026-04
Pici 2,2026-04-07,Almoço,PV,Cubo suíno acebolado,4.0,4.0,4.0,4.0,4.0,8.0,Av. Sensorial,P2,2026-04
Pici 2,2026-04-07,Almoço,PB,Creme de Frango,3.0,4.0,4.0,4.0,4.0,7.4,Av. Sensorial,P2,2026-04
Pici 2,2026-04-07,Almoço,VEG,Vatapá Vegano,4.0,4.0,4.0,4.0,4.0,8.0,Av. Sensorial,P2,2026-04
Pici 2,2026-04-07,Almoço,PV,Cubo suíno acebolado,4.0,4.0,4.0,4.0,4.0,8.0,Av. Sensorial,P2,2026-04
Pici 2,2026-04-07,Almoço,PB,Creme de Frango,3.0,3.0,4.0,4.0,4.0,6.8,Av. Sensorial,P2,2026-04
Pici 2,2026-04-07,Almoço,VEG,Vatapá Vegano,4.0,4.0,4.0,4.0,4.0,8.0,Av. Sensorial,P2,2026-04
Porangabussu,2026-04-07,Almoço,PV,Cubo suíno acebolado,,,,,,0.0,Av. Sensorial,PO,2026-04
Porangabussu,2026-04-07,Almoço,PB,Creme de Frango,,,,,,0.0,Av. Sensorial,PO,2026-04
Porangabussu,2026-04-07,Almoço,VEG,Vatapá Vegano,,,,,,0.0,Av. Sensorial,PO,2026-04
Porangabussu,2026-04-07,Almoço,PV,Cubo suíno acebolado,4.0,4.0,4.0,4.0,4.0,8.0,Av. Sensorial,PO,2026-04
Porangabussu,2026-04-07,Almoço,PB,Creme de Frango,3.0,3.0,4.0,4.0,4.0,6.8,Av. Sensorial,PO,2026-04
Porangabussu,2026-04-07,Almoço,VEG,Vatapá Vegano,4.0,4.0,4.0,4.0,4.0,8.0,Av. Sensorial,PO,2026-04
Pici 1,2026-04-07,Almoço,PB,Creme de Frango,4.0,3.0,4.0,4.0,4.0,7.4,Av. Sensorial,P1,2026-04
Pici 1,2026-04-07,Almoço,VEG,Vatapá Vegano,4.0,4.0,4.0,4.0,4.0,8.0,Av. Sensorial,P1,2026-04
Pici 1,2026-04-07,Almoço,PV,Cubo suíno acebolado,3.0,3.0,3.0,4.0,3.0,6.2,Av. Sensorial,P1,2026-04
Pici 1,2026-04-07,Almoço,PB,Creme de Frango,3.0,4.0,3.0,4.0,3.0,6.8,Av. Sensorial,P1,2026-04
Pici 1,2026-04-07,Almoço,VEG,Vatapá Vegano,4.0,4.0,4.0,4.0,4.0,8.0,Av. Sensorial,P1,2026-04
Benfica,2026-04-07,Almoço,PV,Cubo suíno acebolado,4.0,4.0,4.0,4.0,4.0,8.0,Av. Sensorial,B,2026-04
Benfica,2026-04-07,Almoço,PB,Creme de Frango,3.0,3.0,3.0,4.0,3.0,6.2,Av. Sensorial,B,2026-04
Benfica,2026-04-07,Almoço,VEG,Vatapá Vegano,4.0,4.0,4.0,4.0,4.0,8.0,Av. Sensorial,B,2026-04
Pici 1,2026-04-07,Jantar,PV,Isca de Carne ao M. Tomate,3.0,4.0,4.0,4.0,4.0,7.4,Av. Sensorial,P1,2026-04
Pici 1,2026-04-07,Jantar,PB,Sobrecoxa Desossada,4.0,4.0,3.0,4.0,4.0,7.6,Av. Sensorial,P1,2026-04
Pici 1,2026-04-07,Jantar,VEG,Hambúrguer de Soja,4.0,4.0,4.0,4.0,4.0,8.0,Av. Sensorial,P1,2026-04
Benfica,2026-04-07,Almoço,PV,Cubo suíno acebolado,4.0,4.0,4.0,4.0,4.0,8.0,Av. Sensorial,B,2026-04
Benfica,2026-04-07,Almoço,PB,Creme de Frango,3.0,3.0,4.0,4.0,3.0,6.6,Av. Sensorial,B,2026-04
Benfica,2026-04-07,Almoço,VEG,Vatapá Vegano,4.0,4.0,4.0,4.0,4.0,8.0,Av. Sensorial,B,2026-04
Benfica,2026-04-07,Jantar,PV,Isca de Carne ao M. Tomate,4.0,4.0,4.0,4.0,4.0,8.0,Av. Sensorial,B,2026-04
Benfica,2026-04-07,Jantar,PB,Sobrecoxa Desossada,4.0,4.0,4.0,4.0,4.0,8.0,Av. Sensorial,B,2026-04
Benfica,2026-04-07,Jantar,VEG,Hambúrguer de Soja,4.0,4.0,4.0,4.0,4.0,8.0,Av. Sensorial,B,2026-04
Benfica,2026-04-08,Café,ESPECIAL,Ovos Mexidos,4.0,4.0,4.0,4.0,4.0,8.0,Av. Sensorial,B,2026-04
Benfica,2026-04-08,Café,ESPECIAL VEG,Pasta de Amendoim,4.0,4.0,4.0,4.0,4.0,8.0,Av. Sensorial,B,2026-04
Pici 1,2026-04-08,Almoço,PV,Feijoada,4.0,4.0,4.0,4.0,4.0,8.0,Av. Sensorial,P1,2026-04
Pici 1,2026-04-08,Almoço,PB,Sobrecoxa com Gergelim,4.0,4.0,4.0,4.0,4.0,8.0,Av. Sensorial,P1,2026-04
Pici 1,2026-04-08,Almoço,VEG,Moqueca Vegetariana,4.0,4.0,5.0,4.0,4.0,8.6,Av. Sensorial,P1,2026-04
Pici 2,2026-04-08,Café,ESPECIAL,Ovos Mexidos,4.0,4.0,4.0,4.0,4.0,8.0,Av. Sensorial,P2,2026-04
Benfica,2026-04-08,Almoço,PV,Feijoada,4.0,4.0,4.0,4.0,4.0,8.0,Av. Sensorial,B,2026-04
Benfica,2026-04-08,Almoço,PB,Sobrecoxa com Gergelim,4.0,4.0,3.0,4.0,4.0,7.6,Av. Sensorial,B,2026-04
Benfica,2026-04-08,Almoço,VEG,Moqueca Vegetariana,4.0,4.0,4.0,4.0,4.0,8.0,Av. Sensorial,B,2026-04
Pici 2,2026-04-08,Café,ESPECIAL,Ovos Mexidos,4.0,3.0,3.0,4.0,3.0,6.666666666666667,Av. Sensorial,P2,2026-04
Pici 2,2026-04-08,Café,ESPECIAL VEG,Pasta de Amendoim,4.0,4.0,4.0,4.0,4.0,8.0,Av. Sensorial,P2,2026-04
Pici 2,2026-04-08,Almoço,PV,Feijoada,4.0,4.0,4.0,4.0,4.0,8.0,Av. Sensorial,P2,2026-04
Pici 2,2026-04-08,Almoço,PB,Sobrecoxa com Gergelim,4.0,4.0,4.0,4.0,4.0,8.0,Av. Sensorial,P2,2026-04
Pici 2,2026-04-08,Almoço,VEG,Moqueca Vegetariana,4.0,4.0,4.0,4.0,4.0,8.0,Av. Sensorial,P2,2026-04
Labomar,2026-04-08,Almoço,PV,Feijoada,4.0,4.0,4.0,4.0,4.0,8.0,Av. Sensorial,L,2026-04
Labomar,2026-04-08,Almoço,PB,Sobrecoxa com Gergelim,4.0,4.0,4.0,4.0,4.0,8.0,Av. Sensorial,L,2026-04
Labomar,2026-04-08,Almoço,VEG,Moqueca Vegetariana,4.0,4.0,4.0,4.0,4.0,8.0,Av. Sensorial,L,2026-04
Porangabussu,2026-04-08,Almoço,PV,Feijoada,4.0,4.0,4.0,4.0,4.0,8.0,Av. Sensorial,PO,2026-04
Porangabussu,2026-04-08,Almoço,PB,Sobrecoxa com Gergelim,4.0,4.0,4.0,4.0,4.0,8.0,Av. Sensorial,PO,2026-04
Porangabussu,2026-04-08,Almoço,VEG,Moqueca Vegetariana,4.0,4.0,4.0,4.0,4.0,8.0,Av. Sensorial,PO,2026-04
Pici 1,2026-04-07,Jantar,PV,Isca de Carne ao M. Tomate,4.0,3.0,4.0,4.0,4.0,7.4,Av. Sensorial,P1,2026-04
Pici 1,2026-04-07,Jantar,PB,Sobrecoxa Desossada,4.0,4.0,4.0,4.0,4.0,8.0,Av. Sensorial,P1,2026-04
Pici 1,2026-04-07,Jantar,VEG,Hambúrguer de Soja,4.0,4.0,4.0,4.0,4.0,8.0,Av. Sensorial,P1,2026-04
Pici 1,2026-04-08,Almoço,PB,Sobrecoxa com Gergelim,4.0,4.0,4.0,4.0,4.0,8.0,Av. Sensorial,P1,2026-04
Pici 1,2026-04-08,Almoço,VEG,Moqueca Vegetariana,4.0,4.0,4.0,4.0,4.0,8.0,Av. Sensorial,P1,2026-04
Pici 2,2026-04-08,Almoço,PV,Feijoada,4.0,4.0,4.0,4.0,4.0,8.0,Av. Sensorial,P2,2026-04
Pici 2,2026-04-08,Almoço,PB,Sobrecoxa com Gergelim,4.0,4.0,4.0,4.0,4.0,8.0,Av. Sensorial,P2,2026-04
Pici 2,2026-04-08,Almoço,VEG,Moqueca Vegetariana,4.0,4.0,4.0,4.0,4.0,8.0,Av. Sensorial,P2,2026-04
Pici 1,2026-04-08,Jantar,PV,Carne Moída Refogada,4.0,4.0,4.0,4.0,4.0,8.0,Av. Sensorial,P1,2026-04
Pici 1,2026-04-08,Jantar,PB,Isca de Frango Acebolado,4.0,4.0,4.0,4.0,4.0,8.0,Av. Sensorial,P1,2026-04
Pici 1,2026-04-08,Jantar,VEG,Panqueca Vegana ao Molho Branco,4.0,4.0,4.0,4.0,4.0,8.0,Av. Sensorial,P1,2026-04
Benfica,2026-04-08,Jantar,PV,Carne Moída Refogada,4.0,4.0,3.0,4.0,4.0,7.6,Av. Sensorial,B,2026-04
Benfica,2026-04-08,Jantar,PB,Isca de Frango Acebolado,4.0,4.0,4.0,4.0,4.0,8.0,Av. Sensorial,B,2026-04
Benfica,2026-04-08,Jantar,VEG,Panqueca Vegana ao Molho Branco,4.0,4.0,4.0,4.0,4.0,8.0,Av. Sensorial,B,2026-04
Pici 1,2026-04-08,Jantar,PV,Carne Moída Refogada,4.0,4.0,4.0,4.0,4.0,8.0,Av. Sensorial,P1,2026-04
Pici 1,2026-04-08,Jantar,PB,Isca de Frango Acebolado,3.0,3.0,4.0,4.0,3.0,6.6,Av. Sensorial,P1,2026-04
Pici 1,2026-04-08,Jantar,VEG,Panqueca Vegana ao Molho Branco,4.0,4.0,4.0,4.0,4.0,8.0,Av. Sensorial,P1,2026-04
Benfica,2026-04-09,Café,ESPECIAL,Iogurte ,4.0,4.0,4.0,4.0,4.0,8.0,Av. Sensorial,B,2026-04
Benfica,2026-04-09,Café,ESPECIAL VEG,Similar a Iogurte Vegano,4.0,4.0,4.0,4.0,4.0,8.0,Av. Sensorial,B,2026-04
Pici 2,2026-04-09,Café,ESPECIAL,Iogurte ,4.0,4.0,4.0,4.0,4.0,8.0,Av. Sensorial,P2,2026-04
Pici 2,2026-04-09,Café,ESPECIAL VEG,Similar a Iogurte Vegano,4.0,4.0,4.0,4.0,4.0,8.0,Av. Sensorial,P2,2026-04
Pici 2,2026-04-09,Almoço,PV,Carne Moída Refogada,4.0,4.0,4.0,4.0,4.0,8.0,Av. Sensorial,P2,2026-04
Pici 2,2026-04-09,Almoço,PB,Isca de Frango ao M. Tropical,4.0,4.0,4.0,4.0,4.0,8.0,Av. Sensorial,P2,2026-04
Pici 2,2026-04-09,Almoço,VEG,Refogado de Lentilha,4.0,4.0,4.0,4.0,4.0,8.0,Av. Sensorial,P2,2026-04
Pici 2,2026-04-09,Café,ESPECIAL,Iogurte ,4.0,4.0,4.0,4.0,4.0,8.0,Av. Sensorial,P2,2026-04
Labomar,2026-04-09,Almoço,PV,Carne Moída Refogada,4.0,4.0,4.0,4.0,4.0,8.0,Av. Sensorial,L,2026-04
Labomar,2026-04-09,Almoço,PB,Isca de Frango ao M. Tropical,4.0,4.0,4.0,4.0,4.0,8.0,Av. Sensorial,L,2026-04
Labomar,2026-04-09,Almoço,VEG,Refogado de Lentilha,4.0,4.0,4.0,4.0,4.0,8.0,Av. Sensorial,L,2026-04
Pici 2,2026-04-09,Almoço,PV,Carne Moída Refogada,4.0,4.0,4.0,4.0,4.0,8.0,Av. Sensorial,P2,2026-04
Pici 2,2026-04-09,Almoço,PB,Isca de Frango ao M. Tropical,3.0,4.0,3.0,4.0,3.0,6.8,Av. Sensorial,P2,2026-04
Pici 2,2026-04-09,Almoço,VEG,Refogado de Lentilha,4.0,4.0,4.0,4.0,4.0,8.0,Av. Sensorial,P2,2026-04
Pici 1,2026-04-09,Almoço,PV,Carne Moída Refogada,4.0,4.0,4.0,4.0,4.0,8.0,Av. Sensorial,P1,2026-04
Pici 1,2026-04-09,Almoço,PB,Isca de Frango ao M. Tropical,4.0,4.0,4.0,4.0,4.0,8.0,Av. Sensorial,P1,2026-04
Pici 1,2026-04-09,Almoço,VEG,Refogado de Lentilha,4.0,4.0,4.0,4.0,4.0,8.0,Av. Sensorial,P1,2026-04
Pici 1,2026-04-09,Almoço,PV,Carne Moída Refogada,4.0,4.0,4.0,4.0,4.0,8.0,Av. Sensorial,P1,2026-04
Pici 1,2026-04-09,Almoço,PB,Isca de Frango ao M. Tropical,4.0,4.0,4.0,4.0,4.0,8.0,Av. Sensorial,P1,2026-04
Pici 1,2026-04-09,Almoço,VEG,Refogado de Lentilha,4.0,3.0,3.0,3.0,3.0,6.6,Av. Sensorial,P1,2026-04
Porangabussu,2026-04-09,Almoço,PV,Carne Moída Refogada,4.0,4.0,4.0,4.0,4.0,8.0,Av. Sensorial,PO,2026-04
Porangabussu,2026-04-09,Almoço,PB,Isca de Frango ao M. Tropical,4.0,4.0,3.0,4.0,4.0,7.6,Av. Sensorial,PO,2026-04
Porangabussu,2026-04-09,Almoço,VEG,Refogado de Lentilha,3.0,3.0,3.0,4.0,3.0,6.2,Av. Sensorial,PO,2026-04
Pici 1,2026-04-09,Jantar,PV,Cubos de Carne ao M. Madeira,3.0,3.0,4.0,4.0,3.0,6.6,Av. Sensorial,P1,2026-04
Pici 1,2026-04-09,Jantar,PB,Peixe à Delícia,4.0,4.0,4.0,4.0,4.0,8.0,Av. Sensorial,P1,2026-04
Pici 1,2026-04-09,Jantar,VEG,Suflê de Legumes,4.0,4.0,4.0,4.0,4.0,8.0,Av. Sensorial,P1,2026-04
Benfica,2026-04-09,Jantar,PV,Cubos de Carne ao M. Madeira,3.0,2.0,3.0,4.0,3.0,5.6,Av. Sensorial,B,2026-04
Benfica,2026-04-09,Jantar,PB,Peixe à Delícia,4.0,4.0,4.0,4.0,4.0,8.0,Av. Sensorial,B,2026-04
Benfica,2026-04-09,Jantar,VEG,Suflê de Legumes,4.0,3.0,4.0,4.0,4.0,7.6,Av. Sensorial,B,2026-04
Pici 1,2026-04-09,Jantar,PV,Cubos de Carne ao M. Madeira,3.0,3.0,4.0,4.0,3.0,6.6,Av. Sensorial,P1,2026-04
Pici 1,2026-04-09,Jantar,PB,Peixe à Delícia,4.0,4.0,4.0,4.0,4.0,8.0,Av. Sensorial,P1,2026-04
Pici 1,2026-04-09,Jantar,VEG,Suflê de Legumes,4.0,4.0,4.0,4.0,4.0,8.0,Av. Sensorial,P1,2026-04
Benfica,2026-04-10,Café,ESPECIAL,Frango Desfiado,4.0,4.0,4.0,4.0,4.0,8.0,Av. Sensorial,B,2026-04
Benfica,2026-04-10,Café,ESPECIAL VEG,Geleia,4.0,4.0,4.0,4.0,4.0,8.0,Av. Sensorial,B,2026-04
Pici 2,2026-04-10,Café,ESPECIAL,Frango Desfiado,4.0,4.0,4.0,4.0,4.0,8.0,Av. Sensorial,P2,2026-04
Pici 2,2026-04-10,Café,ESPECIAL VEG,Geleia,4.0,4.0,4.0,4.0,4.0,8.0,Av. Sensorial,P2,2026-04
Benfica,2026-04-10,Almoço,PV,Carne de Sol Acebolada,4.0,4.0,3.0,4.0,4.0,7.6,Av. Sensorial,B,2026-04
Benfica,2026-04-10,Almoço,PB,Sobrecoxa Assada/ ao Forno,4.0,4.0,3.0,4.0,4.0,7.6,Av. Sensorial,B,2026-04
Benfica,2026-04-10,Almoço,VEG,Assado de Grão de Bico,4.0,4.0,4.0,4.0,4.0,8.0,Av. Sensorial,B,2026-04
Pici 2,2026-04-10,Almoço,PV,Carne de Sol Acebolada,4.0,4.0,4.0,4.0,4.0,8.0,Av. Sensorial,P2,2026-04
Pici 2,2026-04-10,Almoço,PB,Sobrecoxa Assada/ ao Forno,4.0,4.0,4.0,4.0,4.0,8.0,Av. Sensorial,P2,2026-04
Pici 2,2026-04-10,Almoço,VEG,Assado de Grão de Bico,4.0,4.0,4.0,4.0,4.0,8.0,Av. Sensorial,P2,2026-04
Labomar,2026-04-10,Almoço,PV,Carne de Sol Acebolada,4.0,4.0,4.0,4.0,4.0,8.0,Av. Sensorial,L,2026-04
Labomar,2026-04-10,Almoço,PB,Sobrecoxa Assada/ ao Forno,4.0,4.0,4.0,4.0,4.0,8.0,Av. Sensorial,L,2026-04
Labomar,2026-04-10,Almoço,VEG,Assado de Grão de Bico,4.0,4.0,4.0,4.0,4.0,8.0,Av. Sensorial,L,2026-04
Pici 1,2026-04-10,Almoço,PV,Carne de Sol Acebolada,4.0,3.0,4.0,4.0,4.0,7.4,Av. Sensorial,P1,2026-04
Pici 1,2026-04-10,Almoço,PB,Sobrecoxa Assada/ ao Forno,4.0,4.0,3.0,4.0,4.0,7.6,Av. Sensorial,P1,2026-04
Pici 1,2026-04-10,Almoço,VEG,Assado de Grão de Bico,4.0,4.0,4.0,4.0,4.0,8.0,Av. Sensorial,P1,2026-04
Pici 1,2026-04-10,Almoço,PV,Carne de Sol Acebolada,4.0,3.0,3.0,4.0,3.0,6.8,Av. Sensorial,P1,2026-04
Pici 1,2026-04-10,Almoço,PB,Sobrecoxa Assada/ ao Forno,4.0,4.0,4.0,4.0,4.0,8.0,Av. Sensorial,P1,2026-04
Pici 1,2026-04-10,Almoço,VEG,Assado de Grão de Bico,4.0,4.0,4.0,4.0,4.0,8.0,Av. Sensorial,P1,2026-04
Pici 2,2026-04-10,Almoço,PV,Carne de Sol Acebolada,4.0,4.0,4.0,4.0,4.0,8.0,Av. Sensorial,P2,2026-04
Pici 2,2026-04-10,Almoço,PB,Sobrecoxa Assada/ ao Forno,4.0,4.0,4.0,4.0,4.0,8.0,Av. Sensorial,P2,2026-04
Pici 2,2026-04-10,Almoço,VEG,Assado de Grão de Bico,4.0,4.0,4.0,4.0,4.0,8.0,Av. Sensorial,P2,2026-04
Porangabussu,2026-04-10,Almoço,PV,Carne de Sol Acebolada,4.0,4.0,4.0,4.0,4.0,8.0,Av. Sensorial,PO,2026-04
Porangabussu,2026-04-10,Almoço,PB,Sobrecoxa Assada/ ao Forno,4.0,4.0,4.0,4.0,4.0,8.0,Av. Sensorial,PO,2026-04
Porangabussu,2026-04-10,Almoço,VEG,Assado de Grão de Bico,3.0,3.0,3.0,4.0,3.0,6.2,Av. Sensorial,PO,2026-04
Pici 1,2026-04-10,Jantar,PV,Torta de Calabresa,4.0,4.0,2.0,4.0,3.0,7.0,Av. Sensorial,P1,2026-04
Pici 1,2026-04-10,Jantar,PB,Cubos de Frango ao M. Escuro,4.0,4.0,4.0,4.0,4.0,8.0,Av. Sensorial,P1,2026-04
Pici 1,2026-04-10,Jantar,VEG,Torta de Legumes,4.0,4.0,4.0,4.0,4.0,8.0,Av. Sensorial,P1,2026-04
Benfica,2026-04-10,Jantar,PV,Torta de Calabresa,4.0,4.0,3.0,4.0,4.0,7.6,Av. Sensorial,B,2026-04
Benfica,2026-04-10,Jantar,PB,Cubos de Frango ao M. Escuro,4.0,4.0,4.0,4.0,4.0,8.0,Av. Sensorial,B,2026-04
Benfica,2026-04-10,Jantar,VEG,Torta de Legumes,4.0,2.0,3.0,4.0,3.0,6.4,Av. Sensorial,B,2026-04
Benfica,2026-04-09,Jantar,PV,Cubos de Carne ao M. Madeira,3.0,3.0,4.0,4.0,4.0,6.8,Av. Sensorial,B,2026-04
Benfica,2026-04-09,Jantar,PB,Peixe à Delícia,3.0,4.0,4.0,4.0,4.0,7.4,Av. Sensorial,B,2026-04
Benfica,2026-04-09,Jantar,VEG,Suflê de Legumes,4.0,3.0,4.0,4.0,4.0,7.6,Av. Sensorial,B,2026-04
Benfica,2026-04-14,Café,ESPECIAL,Queijo ,4.0,4.0,4.0,4.0,4.0,8.0,Av. Sensorial,B,2026-04
Benfica,2026-04-14,Café,ESPECIAL VEG,Granola,4.0,4.0,4.0,4.0,4.0,8.0,Av. Sensorial,B,2026-04
Pici 1,2026-04-14,Almoço,PV,Cubos Suíno ao molho barbecue,4.0,5.0,4.0,4.0,4.0,8.6,Av. Sensorial,P1,2026-04
Pici 1,2026-04-14,Almoço,PB,Vatapá de Frango,4.0,5.0,5.0,4.0,4.0,9.0,Av. Sensorial,P1,2026-04
Pici 1,2026-04-14,Almoço,VEG,Soja Nordestina,4.0,4.0,4.0,4.0,4.0,8.0,Av. Sensorial,P1,2026-04
Pici 2,2026-04-14,Café,ESPECIAL,Queijo ,4.0,4.0,4.0,4.0,4.0,8.0,Av. Sensorial,P2,2026-04
Pici 2,2026-04-14,Café,ESPECIAL VEG,Granola,4.0,4.0,4.0,4.0,4.0,8.0,Av. Sensorial,P2,2026-04
Pici 2,2026-04-14,Almoço,PV,Cubos Suíno ao molho barbecue,4.0,4.0,4.0,4.0,4.0,8.0,Av. Sensorial,P2,2026-04
Pici 2,2026-04-14,Almoço,PB,Vatapá de Frango,4.0,3.0,3.0,4.0,4.0,7.0,Av. Sensorial,P2,2026-04
Pici 2,2026-04-14,Almoço,VEG,Soja Nordestina,3.0,3.0,4.0,4.0,4.0,7.0,Av. Sensorial,P2,2026-04
Labomar,2026-04-14,Almoço,PV,Cubos Suíno ao molho barbecue,4.0,4.0,4.0,4.0,4.0,8.0,Av. Sensorial,L,2026-04
Labomar,2026-04-14,Almoço,PB,Vatapá de Frango,4.0,4.0,3.0,4.0,4.0,7.6,Av. Sensorial,L,2026-04
Labomar,2026-04-14,Almoço,VEG,Soja Nordestina,3.0,4.0,3.0,4.0,4.0,6.8,Av. Sensorial,L,2026-04
Benfica,2026-04-14,Almoço,PV,Cubos Suíno ao molho barbecue,3.0,4.0,4.0,4.0,4.0,7.4,Av. Sensorial,B,2026-04
Benfica,2026-04-14,Almoço,PB,Vatapá de Frango,4.0,4.0,3.0,4.0,4.0,7.6,Av. Sensorial,B,2026-04
Benfica,2026-04-14,Almoço,VEG,Soja Nordestina,3.0,4.0,4.0,4.0,4.0,7.4,Av. Sensorial,B,2026-04
Pici 2,2026-04-14,Almoço,PV,Cubos Suíno ao molho barbecue,4.0,4.0,4.0,4.0,4.0,8.0,Av. Sensorial,P2,2026-04
Pici 2,2026-04-14,Almoço,PB,Vatapá de Frango,4.0,4.0,2.0,4.0,4.0,7.2,Av. Sensorial,P2,2026-04
Porangabussu,2026-04-14,Almoço,PV,Cubos Suíno ao molho barbecue,4.0,4.0,4.0,4.0,4.0,8.0,Av. Sensorial,PO,2026-04
Porangabussu,2026-04-14,Almoço,PB,Vatapá de Frango,4.0,3.0,3.0,4.0,4.0,7.0,Av. Sensorial,PO,2026-04
Porangabussu,2026-04-14,Almoço,VEG,Soja Nordestina,3.0,3.0,3.0,4.0,3.0,6.2,Av. Sensorial,PO,2026-04
Benfica,2026-04-14,Jantar,PV,Carne Moída Refogada,4.0,4.0,4.0,4.0,4.0,8.0,Av. Sensorial,B,2026-04
Benfica,2026-04-14,Jantar,PB,Cubos de Frango Acebolado,4.0,4.0,4.0,4.0,4.0,8.0,Av. Sensorial,B,2026-04
Benfica,2026-04-14,Jantar,VEG,Vatapá Vegano,4.0,4.0,4.0,4.0,4.0,8.0,Av. Sensorial,B,2026-04
Pici 1,2026-04-14,Jantar,PV,Carne Moída Refogada,4.0,4.0,4.0,4.0,4.0,8.0,Av. Sensorial,P1,2026-04
Pici 1,2026-04-14,Jantar,PB,Cubos de Frango Acebolado,4.0,4.0,4.0,4.0,4.0,8.0,Av. Sensorial,P1,2026-04
Pici 1,2026-04-14,Jantar,VEG,Vatapá Vegano,4.0,4.0,4.0,4.0,4.0,8.0,Av. Sensorial,P1,2026-04
Benfica,2026-04-15,Café,ESPECIAL,Ovos Mexidos,4.0,4.0,4.0,4.0,4.0,8.0,Av. Sensorial,B,2026-04
Benfica,2026-04-15,Café,ESPECIAL VEG,Pasta de Amendoim,4.0,4.0,4.0,4.0,4.0,8.0,Av. Sensorial,B,2026-04
Pici 2,2026-04-15,Café,ESPECIAL,Ovos Mexidos,4.0,4.0,4.0,4.0,4.0,8.0,Av. Sensorial,P2,2026-04
Pici 2,2026-04-15,Café,ESPECIAL VEG,Pasta de Amendoim,4.0,4.0,4.0,4.0,4.0,8.0,Av. Sensorial,P2,2026-04
Pici 2,2026-04-15,Café,ESPECIAL,Ovos Mexidos,4.0,4.0,4.0,4.0,4.0,8.0,Av. Sensorial,P2,2026-04
Pici 1,2026-04-15,Almoço,PV,Feijoada,4.0,4.0,4.0,4.0,4.0,8.0,Av. Sensorial,P1,2026-04
Pici 1,2026-04-15,Almoço,PB,Cubos de Frango com Ervas,4.0,4.0,4.0,4.0,4.0,8.0,Av. Sensorial,P1,2026-04
Labomar,2026-04-15,Almoço,PV,Feijoada,4.0,4.0,4.0,4.0,4.0,8.0,Av. Sensorial,L,2026-04
Labomar,2026-04-15,Almoço,PB,Cubos de Frango com Ervas,4.0,4.0,4.0,4.0,4.0,8.0,Av. Sensorial,L,2026-04
Labomar,2026-04-15,Almoço,VEG,Feijoada Vegetariana,4.0,4.0,2.0,4.0,3.0,6.6,Av. Sensorial,L,2026-04
Benfica,2026-02-27,Almoço,VEG,Jardineira de Soja,3.0,4.0,4.0,4.0,4.0,7.4,Av. Sensorial,B,2026-02
Benfica,2026-02-27,Jantar,VEG,Escondidinho de Legumes,4.0,4.0,4.0,4.0,4.0,8.0,Av. Sensorial,B,2026-02
Pici 2,2026-04-15,Almoço,PV,Feijoada,4.0,4.0,4.0,4.0,4.0,8.0,Av. Sensorial,P2,2026-04
Pici 2,2026-04-15,Almoço,PB,Cubos de Frango com Ervas,4.0,4.0,4.0,4.0,4.0,8.0,Av. Sensorial,P2,2026-04
Porangabussu,2026-04-15,Almoço,PV,Feijoada,4.0,4.0,4.0,4.0,4.0,8.0,Av. Sensorial,PO,2026-04
Porangabussu,2026-04-15,Almoço,PB,Cubos de Frango com Ervas,4.0,4.0,4.0,4.0,4.0,8.0,Av. Sensorial,PO,2026-04
Porangabussu,2026-04-15,Almoço,VEG,Feijoada Vegetariana,4.0,4.0,4.0,4.0,4.0,8.0,Av. Sensorial,PO,2026-04
Pici 1,2026-04-15,Jantar,PV,Picadinho com Legumes,2.0,4.0,3.0,4.0,4.0,6.4,Av. Sensorial,P1,2026-04
Pici 1,2026-04-15,Jantar,PB,Sobrecoxa Assada,4.0,4.0,4.0,4.0,4.0,8.0,Av. Sensorial,P1,2026-04
Pici 1,2026-04-15,Jantar,VEG,Bobó de Legumes,4.0,3.0,4.0,4.0,4.0,7.6,Av. Sensorial,P1,2026-04
Benfica,2026-04-15,Jantar,PV,Picadinho com Legumes,4.0,4.0,4.0,4.0,4.0,8.0,Av. Sensorial,B,2026-04
Benfica,2026-04-15,Jantar,PB,Sobrecoxa Assada,4.0,4.0,4.0,4.0,4.0,8.0,Av. Sensorial,B,2026-04
Benfica,2026-04-15,Jantar,VEG,Bobó de Legumes,4.0,4.0,4.0,4.0,4.0,8.0,Av. Sensorial,B,2026-04
Pici 2,2026-04-15,Almoço,PV,Feijoada,4.0,4.0,4.0,4.0,4.0,8.0,Av. Sensorial,P2,2026-04
Pici 2,2026-04-15,Almoço,PB,Cubos de Frango com Ervas,4.0,4.0,4.0,4.0,4.0,8.0,Av. Sensorial,P2,2026-04
Pici 2,2026-04-15,Almoço,VEG,Feijoada Vegetariana,4.0,4.0,4.0,4.0,4.0,8.0,Av. Sensorial,P2,2026-04
Benfica,2026-04-16,Café,ESPECIAL,Iogurte ,4.0,4.0,4.0,4.0,4.0,8.0,Av. Sensorial,B,2026-04
Benfica,2026-04-16,Café,ESPECIAL VEG,Similar a Iogurte Vegano,4.0,4.0,4.0,4.0,4.0,8.0,Av. Sensorial,B,2026-04
Pici 2,2026-04-16,Café,ESPECIAL,Iogurte ,4.0,4.0,4.0,4.0,4.0,8.0,Av. Sensorial,P2,2026-04
Pici 2,2026-04-16,Café,ESPECIAL VEG,Similar a Iogurte Vegano,4.0,4.0,4.0,4.0,4.0,8.0,Av. Sensorial,P2,2026-04
Pici 2,2026-04-16,Café,ESPECIAL,Iogurte ,4.0,4.0,4.0,4.0,4.0,8.0,Av. Sensorial,P2,2026-04
Benfica,2026-04-15,Almoço,PV,Feijoada,4.0,4.0,4.0,4.0,4.0,8.0,Av. Sensorial,B,2026-04
Benfica,2026-04-15,Almoço,PB,Cubos de Frango com Ervas,3.0,4.0,4.0,4.0,4.0,7.4,Av. Sensorial,B,2026-04
Benfica,2026-04-15,Almoço,VEG,Feijoada Vegetariana,3.0,4.0,4.0,4.0,4.0,7.4,Av. Sensorial,B,2026-04
Benfica,2026-04-16,Almoço,PV,Assado de Panela,3.0,4.0,4.0,4.0,4.0,7.4,Av. Sensorial,B,2026-04
Benfica,2026-04-16,Almoço,PB,Peixe ao M. de Peixada,3.0,4.0,3.0,4.0,4.0,7.0,Av. Sensorial,B,2026-04
Benfica,2026-04-16,Almoço,VEG,Soja à Bolonhesa,4.0,4.0,4.0,4.0,4.0,8.0,Av. Sensorial,B,2026-04
Labomar,2026-04-16,Almoço,PV,Assado de Panela,,,,,,0.0,Av. Sensorial,L,2026-04
Labomar,2026-04-16,Almoço,PB,Peixe ao M. de Peixada,,,,,,0.0,Av. Sensorial,L,2026-04
Labomar,2026-04-16,Almoço,VEG,Soja à Bolonhesa,,,,,,0.0,Av. Sensorial,L,2026-04
Pici 2,2026-04-16,Almoço,PV,Assado de Panela,4.0,4.0,4.0,4.0,4.0,8.0,Av. Sensorial,P2,2026-04
Pici 2,2026-04-16,Almoço,PB,Peixe ao M. de Peixada,4.0,4.0,4.0,4.0,4.0,8.0,Av. Sensorial,P2,2026-04
Pici 2,2026-04-16,Almoço,VEG,Soja à Bolonhesa,4.0,4.0,4.0,4.0,4.0,8.0,Av. Sensorial,P2,2026-04
Pici 1,2026-04-16,Almoço,PV,Assado de Panela,4.0,4.0,3.0,4.0,4.0,7.6,Av. Sensorial,P1,2026-04
Pici 1,2026-04-16,Almoço,PB,Peixe ao M. de Peixada,4.0,4.0,4.0,4.0,4.0,8.0,Av. Sensorial,P1,2026-04
Pici 1,2026-04-16,Almoço,VEG,Soja à Bolonhesa,4.0,4.0,4.0,4.0,4.0,8.0,Av. Sensorial,P1,2026-04
Pici 1,2026-04-16,Almoço,PV,Assado de Panela,4.0,4.0,4.0,4.0,4.0,8.0,Av. Sensorial,P1,2026-04
Pici 1,2026-04-16,Almoço,PB,Peixe ao M. de Peixada,4.0,4.0,4.0,4.0,4.0,8.0,Av. Sensorial,P1,2026-04
Pici 1,2026-04-16,Almoço,VEG,Soja à Bolonhesa,4.0,4.0,4.0,4.0,4.0,8.0,Av. Sensorial,P1,2026-04
Porangabussu,2026-04-16,Almoço,PV,Assado de Panela,4.0,4.0,4.0,4.0,4.0,8.0,Av. Sensorial,PO,2026-04
Porangabussu,2026-04-16,Almoço,PB,Peixe ao M. de Peixada,4.0,4.0,4.0,4.0,4.0,8.0,Av. Sensorial,PO,2026-04
Porangabussu,2026-04-16,Almoço,VEG,Soja à Bolonhesa,4.0,4.0,4.0,4.0,4.0,8.0,Av. Sensorial,PO,2026-04
Pici 2,2026-04-16,Almoço,PV,Assado de Panela,4.0,4.0,4.0,4.0,4.0,8.0,Av. Sensorial,P2,2026-04
Pici 2,2026-04-16,Almoço,PB,Peixe ao M. de Peixada,4.0,4.0,4.0,4.0,4.0,8.0,Av. Sensorial,P2,2026-04
Pici 2,2026-04-16,Almoço,VEG,Soja à Bolonhesa,4.0,4.0,4.0,4.0,4.0,8.0,Av. Sensorial,P2,2026-04
Pici 1,2026-04-16,Jantar,PV,Suíno Acebolado,4.0,4.0,4.0,4.0,4.0,8.0,Av. Sensorial,P1,2026-04
Pici 1,2026-04-16,Jantar,PB,Cubos de Frango com Ervas,4.0,4.0,4.0,4.0,4.0,8.0,Av. Sensorial,P1,2026-04
Pici 1,2026-04-16,Jantar,VEG,Bolo Salgado Vegano,4.0,4.0,4.0,4.0,4.0,8.0,Av. Sensorial,P1,2026-04
Pici 1,2026-04-16,Jantar,PV,Suíno Acebolado,3.0,3.0,4.0,4.0,4.0,6.8,Av. Sensorial,P1,2026-04
Pici 1,2026-04-16,Jantar,PB,Cubos de Frango com Ervas,3.0,3.0,4.0,4.0,4.0,6.8,Av. Sensorial,P1,2026-04
Pici 1,2026-04-16,Jantar,VEG,Bolo Salgado Vegano,4.0,3.0,4.0,4.0,4.0,7.6,Av. Sensorial,P1,2026-04
Pici 2,2026-04-17,Café,ESPECIAL,Frango Desfiado,4.0,4.0,4.0,4.0,4.0,8.0,Av. Sensorial,P2,2026-04
Pici 2,2026-04-17,Café,ESPECIAL,Frango Desfiado,4.0,4.0,4.0,4.0,4.0,8.0,Av. Sensorial,P2,2026-04
Pici 2,2026-04-17,Café,ESPECIAL VEG,Geleia,4.0,4.0,4.0,4.0,4.0,8.0,Av. Sensorial,P2,2026-04
Pici 2,2026-04-17,Almoço,PV,Isca de Fígado ao Molho,4.0,4.0,4.0,4.0,4.0,8.0,Av. Sensorial,P2,2026-04
Pici 2,2026-04-17,Almoço,PB,Isca de Frango ao M. Tropical,4.0,4.0,4.0,4.0,4.0,8.0,Av. Sensorial,P2,2026-04
Pici 2,2026-04-17,Almoço,VEG,Refogado  de Soja,4.0,4.0,4.0,4.0,4.0,8.0,Av. Sensorial,P2,2026-04
Benfica,2026-04-16,Jantar,PV,Suíno Acebolado,4.0,4.0,5.0,4.0,4.0,8.4,Av. Sensorial,B,2026-04
Benfica,2026-04-16,Jantar,PB,Cubos de Frango com Ervas,4.0,4.0,5.0,4.0,4.0,8.4,Av. Sensorial,B,2026-04
Benfica,2026-04-16,Jantar,VEG,Bolo Salgado Vegano,4.0,3.0,4.0,4.0,4.0,7.6,Av. Sensorial,B,2026-04
Porangabussu,2026-04-17,Almoço,PV,Isca de Fígado ao Molho,3.0,4.0,3.0,4.0,4.0,7.0,Av. Sensorial,PO,2026-04
Porangabussu,2026-04-17,Almoço,PB,Isca de Frango ao M. Tropical,3.0,4.0,3.0,4.0,3.0,6.8,Av. Sensorial,PO,2026-04
Porangabussu,2026-04-17,Almoço,VEG,Refogado  de Soja,4.0,4.0,2.0,4.0,4.0,6.8,Av. Sensorial,PO,2026-04
Pici 1,2026-04-17,Almoço,PV,Isca de Fígado ao Molho,3.0,4.0,4.0,4.0,4.0,7.4,Av. Sensorial,P1,2026-04
Pici 1,2026-04-17,Almoço,PB,Isca de Frango ao M. Tropical,4.0,4.0,4.0,4.0,4.0,8.0,Av. Sensorial,P1,2026-04
Pici 1,2026-04-17,Almoço,VEG,Refogado  de Soja,4.0,4.0,4.0,4.0,4.0,8.0,Av. Sensorial,P1,2026-04
Pici 1,2026-04-17,Almoço,PV,Isca de Fígado ao Molho,3.0,4.0,4.0,4.0,4.0,7.4,Av. Sensorial,P1,2026-04
Pici 1,2026-04-17,Almoço,PB,Isca de Frango ao M. Tropical,4.0,4.0,4.0,4.0,4.0,8.0,Av. Sensorial,P1,2026-04
Pici 1,2026-04-17,Almoço,VEG,Refogado  de Soja,4.0,4.0,4.0,4.0,4.0,8.0,Av. Sensorial,P1,2026-04
Pici 2,2026-04-17,Almoço,PV,Isca de Fígado ao Molho,4.0,4.0,4.0,4.0,4.0,8.0,Av. Sensorial,P2,2026-04
Pici 2,2026-04-17,Almoço,PB,Isca de Frango ao M. Tropical,4.0,4.0,4.0,4.0,4.0,8.0,Av. Sensorial,P2,2026-04
Pici 2,2026-04-17,Almoço,VEG,Refogado  de Soja,4.0,4.0,4.0,4.0,4.0,8.0,Av. Sensorial,P2,2026-04
Benfica,2026-04-17,Almoço,PV,Isca de Fígado ao Molho,4.0,4.0,4.0,4.0,4.0,8.0,Av. Sensorial,B,2026-04
Benfica,2026-04-17,Almoço,PB,Isca de Frango ao M. Tropical,3.0,3.0,3.0,4.0,3.0,6.2,Av. Sensorial,B,2026-04
Benfica,2026-04-17,Almoço,VEG,Refogado  de Soja,4.0,4.0,4.0,4.0,4.0,8.0,Av. Sensorial,B,2026-04
Pici 1,2026-04-17,Jantar,PV,Lasanha de Calabresa,4.0,3.0,4.0,4.0,4.0,7.4,Av. Sensorial,P1,2026-04
Pici 1,2026-04-17,Jantar,PB,Sobrecoxa Assada,4.0,4.0,4.0,4.0,4.0,8.0,Av. Sensorial,P1,2026-04
Pici 1,2026-04-17,Jantar,VEG,Lasanha de Brócolis,4.0,4.0,4.0,4.0,4.0,8.0,Av. Sensorial,P1,2026-04
Pici 2,2026-04-22,Café,ESPECIAL,Ovos Mexidos,4.0,4.0,4.0,4.0,4.0,8.0,Av. Sensorial,P2,2026-04
Pici 2,2026-04-22,Café,ESPECIAL VEG,Pasta de Amendoim,4.0,4.0,4.0,4.0,4.0,8.0,Av. Sensorial,P2,2026-04
Benfica,2026-04-22,Café,ESPECIAL,Ovos Mexidos,4.0,4.0,4.0,4.0,4.0,8.0,Av. Sensorial,B,2026-04
Benfica,2026-04-22,Café,ESPECIAL VEG,Pasta de Amendoim,4.0,4.0,4.0,4.0,4.0,8.0,Av. Sensorial,B,2026-04
Labomar,2026-04-17,Almoço,PV,Isca de Fígado ao Molho,3.0,4.0,4.0,4.0,4.0,7.4,Av. Sensorial,L,2026-04
Labomar,2026-04-17,Almoço,PB,Isca de Frango ao M. Tropical,3.0,4.0,4.0,4.0,4.0,7.4,Av. Sensorial,L,2026-04
Labomar,2026-04-17,Almoço,VEG,Refogado  de Soja,4.0,4.0,4.0,4.0,4.0,8.0,Av. Sensorial,L,2026-04
Pici 1,2026-04-22,Almoço,PV,Feijoada,4.0,4.0,4.0,4.0,4.0,8.0,Av. Sensorial,P1,2026-04
Pici 1,2026-04-22,Almoço,PB,Sobrecoxa Assada,4.0,4.0,4.0,4.0,4.0,8.0,Av. Sensorial,P1,2026-04
Pici 1,2026-04-22,Almoço,VEG,Refogado  de Soja,4.0,4.0,4.0,4.0,4.0,8.0,Av. Sensorial,P1,2026-04
Pici 1,2026-04-22,Almoço,PV,Feijoada,4.0,4.0,4.0,4.0,4.0,8.0,Av. Sensorial,P1,2026-04
Pici 1,2026-04-22,Almoço,PB,Sobrecoxa Assada,4.0,4.0,4.0,4.0,4.0,8.0,Av. Sensorial,P1,2026-04
Pici 1,2026-04-22,Almoço,VEG,Refogado  de Soja,4.0,4.0,4.0,4.0,4.0,8.0,Av. Sensorial,P1,2026-04
Pici 2,2026-04-22,Almoço,PV,Feijoada,4.0,4.0,4.0,4.0,4.0,8.0,Av. Sensorial,P2,2026-04
Pici 2,2026-04-22,Almoço,PB,Sobrecoxa Assada,4.0,4.0,4.0,4.0,4.0,8.0,Av. Sensorial,P2,2026-04
Pici 2,2026-04-22,Almoço,VEG,Refogado  de Soja,4.0,4.0,4.0,4.0,4.0,8.0,Av. Sensorial,P2,2026-04
Labomar,2026-04-22,Almoço,PV,Feijoada,4.0,4.0,4.0,4.0,4.0,8.0,Av. Sensorial,L,2026-04
Labomar,2026-04-22,Almoço,PB,Sobrecoxa Assada,4.0,4.0,4.0,4.0,4.0,8.0,Av. Sensorial,L,2026-04
Labomar,2026-04-22,Almoço,VEG,Refogado  de Soja,4.0,4.0,4.0,4.0,4.0,8.0,Av. Sensorial,L,2026-04
Benfica,2026-04-22,Almoço,PV,Feijoada,4.0,4.0,4.0,4.0,4.0,8.0,Av. Sensorial,B,2026-04
Benfica,2026-04-22,Almoço,PB,Sobrecoxa Assada,4.0,4.0,4.0,4.0,4.0,8.0,Av. Sensorial,B,2026-04
Benfica,2026-04-22,Almoço,VEG,Refogado  de Soja,4.0,4.0,4.0,4.0,4.0,8.0,Av. Sensorial,B,2026-04
Porangabussu,2026-04-22,Almoço,PV,Feijoada,4.0,4.0,4.0,4.0,4.0,8.0,Av. Sensorial,PO,2026-04
Porangabussu,2026-04-22,Almoço,PB,Sobrecoxa Assada,4.0,4.0,4.0,4.0,4.0,8.0,Av. Sensorial,PO,2026-04
Porangabussu,2026-04-22,Almoço,VEG,Refogado  de Soja,4.0,4.0,3.0,4.0,4.0,7.4,Av. Sensorial,PO,2026-04
Porangabussu,2026-04-22,Almoço,PV,Feijoada,4.0,4.0,4.0,4.0,4.0,8.0,Av. Sensorial,PO,2026-04
Porangabussu,2026-04-22,Almoço,PB,Sobrecoxa Assada,4.0,4.0,4.0,4.0,4.0,8.0,Av. Sensorial,PO,2026-04
Porangabussu,2026-04-22,Almoço,VEG,Refogado  de Soja,3.0,3.0,3.0,4.0,3.0,6.2,Av. Sensorial,PO,2026-04
Pici 2,2026-04-22,Almoço,PV,Feijoada,4.0,4.0,4.0,4.0,4.0,8.0,Av. Sensorial,P2,2026-04
Pici 2,2026-04-22,Almoço,PB,Sobrecoxa Assada,4.0,4.0,4.0,4.0,4.0,8.0,Av. Sensorial,P2,2026-04
Pici 2,2026-04-22,Almoço,VEG,Refogado  de Soja,4.0,4.0,4.0,4.0,4.0,8.0,Av. Sensorial,P2,2026-04
Pici 1,2026-04-22,Jantar,PV,Suíno ao M. Escuro,3.0,4.0,4.0,4.0,4.0,7.4,Av. Sensorial,P1,2026-04
Pici 1,2026-04-22,Jantar,PB,Cubos de Frango ao M. de Legumes,4.0,4.0,4.0,4.0,4.0,8.0,Av. Sensorial,P1,2026-04
Pici 1,2026-04-22,Jantar,VEG,Almôndegas de Lentilha,4.0,4.0,4.0,4.0,4.0,8.0,Av. Sensorial,P1,2026-04
Benfica,2026-04-22,Almoço,PV,Feijoada,4.0,4.0,4.0,4.0,4.0,8.0,Av. Sensorial,B,2026-04
Benfica,2026-04-22,Almoço,PB,Sobrecoxa Assada,4.0,4.0,3.0,4.0,4.0,7.6,Av. Sensorial,B,2026-04
Benfica,2026-04-22,Almoço,VEG,Refogado  de Soja,4.0,4.0,4.0,4.0,4.0,8.0,Av. Sensorial,B,2026-04
Benfica,2026-04-22,Jantar,PV,Suíno ao M. Escuro,3.0,4.0,4.0,4.0,4.0,7.4,Av. Sensorial,B,2026-04
Benfica,2026-04-22,Jantar,PB,Cubos de Frango ao M. de Legumes,4.0,4.0,4.0,4.0,4.0,8.0,Av. Sensorial,B,2026-04
Benfica,2026-04-22,Jantar,VEG,Almôndegas de Lentilha,4.0,4.0,4.0,4.0,4.0,8.0,Av. Sensorial,B,2026-04
Pici 2,2026-04-23,Café,ESPECIAL,Iogurte ,4.0,4.0,4.0,4.0,4.0,8.0,Av. Sensorial,P2,2026-04
Pici 2,2026-04-23,Café,ESPECIAL,Iogurte ,4.0,4.0,4.0,4.0,4.0,8.0,Av. Sensorial,P2,2026-04
Pici 2,2026-04-23,Café,ESPECIAL VEG,Similar a Iogurte Vegano,4.0,4.0,4.0,4.0,4.0,8.0,Av. Sensorial,P2,2026-04
Pici 2,2026-04-23,Almoço,PV,Carne Moída Refogada,4.0,4.0,4.0,4.0,4.0,8.0,Av. Sensorial,P2,2026-04
Pici 2,2026-04-23,Almoço,PB,Cubos de Frango ao M. de Tomate,3.0,4.0,4.0,4.0,4.0,7.4,Av. Sensorial,P2,2026-04
Pici 2,2026-04-23,Almoço,VEG,Assado de Grão de Bico,4.0,4.0,4.0,4.0,4.0,8.0,Av. Sensorial,P2,2026-04
Pici 1,2026-04-23,Almoço,PV,Carne Moída Refogada,4.0,4.0,4.0,4.0,4.0,8.0,Av. Sensorial,P1,2026-04
Pici 1,2026-04-23,Almoço,PB,Cubos de Frango ao M. de Tomate,3.0,3.0,4.0,4.0,4.0,6.8,Av. Sensorial,P1,2026-04
Pici 1,2026-04-23,Almoço,VEG,Assado de Grão de Bico,4.0,4.0,4.0,4.0,4.0,8.0,Av. Sensorial,P1,2026-04
Pici 1,2026-04-23,Almoço,PV,Carne Moída Refogada,3.0,4.0,4.0,4.0,4.0,7.4,Av. Sensorial,P1,2026-04
Pici 1,2026-04-23,Almoço,PB,Cubos de Frango ao M. de Tomate,3.0,4.0,4.0,4.0,4.0,7.4,Av. Sensorial,P1,2026-04
Pici 1,2026-04-23,Almoço,VEG,Assado de Grão de Bico,4.0,4.0,4.0,4.0,4.0,8.0,Av. Sensorial,P1,2026-04
Porangabussu,2026-04-23,Almoço,PV,Carne Moída Refogada,4.0,4.0,4.0,4.0,4.0,8.0,Av. Sensorial,PO,2026-04
Porangabussu,2026-04-23,Almoço,PB,Cubos de Frango ao M. de Tomate,3.0,4.0,4.0,4.0,4.0,7.4,Av. Sensorial,PO,2026-04
Porangabussu,2026-04-23,Almoço,VEG,Assado de Grão de Bico,4.0,4.0,4.0,4.0,4.0,8.0,Av. Sensorial,PO,2026-04
Porangabussu,2026-04-23,Almoço,PV,Carne Moída Refogada,4.0,4.0,4.0,4.0,4.0,8.0,Av. Sensorial,PO,2026-04
Porangabussu,2026-04-23,Almoço,PB,Cubos de Frango ao M. de Tomate,3.0,4.0,4.0,4.0,4.0,7.4,Av. Sensorial,PO,2026-04
Porangabussu,2026-04-23,Almoço,VEG,Assado de Grão de Bico,4.0,4.0,4.0,4.0,4.0,8.0,Av. Sensorial,PO,2026-04
Benfica,2026-04-23,Café,ESPECIAL,Iogurte ,4.0,4.0,4.0,4.0,4.0,8.0,Av. Sensorial,B,2026-04
Benfica,2026-04-23,Café,ESPECIAL VEG,Similar a Iogurte Vegano,4.0,4.0,4.0,4.0,4.0,8.0,Av. Sensorial,B,2026-04
Labomar,2026-04-23,Almoço,PV,Carne Moída Refogada,3.0,4.0,4.0,4.0,4.0,7.4,Av. Sensorial,L,2026-04
Labomar,2026-04-23,Almoço,PB,Cubos de Frango ao M. de Tomate,3.0,4.0,4.0,4.0,4.0,7.4,Av. Sensorial,L,2026-04
Labomar,2026-04-23,Almoço,VEG,Assado de Grão de Bico,4.0,4.0,4.0,4.0,4.0,8.0,Av. Sensorial,L,2026-04
Pici 2,2026-04-23,Almoço,PV,Carne Moída Refogada,4.0,4.0,4.0,4.0,4.0,8.0,Av. Sensorial,P2,2026-04
Pici 2,2026-04-23,Almoço,PB,Cubos de Frango ao M. de Tomate,4.0,4.0,4.0,4.0,4.0,8.0,Av. Sensorial,P2,2026-04
Pici 2,2026-04-23,Almoço,VEG,Assado de Grão de Bico,4.0,4.0,4.0,4.0,4.0,8.0,Av. Sensorial,P2,2026-04
Pici 1,2026-04-23,Jantar,PV,Isca de Carne Chinesa,4.0,4.0,4.0,4.0,4.0,8.0,Av. Sensorial,P1,2026-04
Pici 1,2026-04-23,Jantar,PB,Peixe ao M. Branco,4.0,4.0,4.0,4.0,4.0,8.0,Av. Sensorial,P1,2026-04
Pici 1,2026-04-23,Jantar,VEG,Yakissoba Vegetariano,4.0,4.0,4.0,4.0,4.0,8.0,Av. Sensorial,P1,2026-04
Pici 1,2026-04-23,Jantar,PV,Isca de Carne Chinesa,4.0,4.0,4.0,4.0,4.0,8.0,Av. Sensorial,P1,2026-04
Pici 1,2026-04-23,Jantar,PB,Peixe ao M. Branco,4.0,4.0,4.0,4.0,4.0,8.0,Av. Sensorial,P1,2026-04
Pici 1,2026-04-23,Jantar,VEG,Yakissoba Vegetariano,3.0,4.0,3.0,4.0,3.0,6.6,Av. Sensorial,P1,2026-04
Benfica,2026-04-23,Almoço,PV,Carne Moída Refogada,3.0,4.0,4.0,4.0,4.0,7.4,Av. Sensorial,B,2026-04
Benfica,2026-04-23,Almoço,PB,Cubos de Frango ao M. de Tomate,3.0,4.0,4.0,4.0,4.0,7.4,Av. Sensorial,B,2026-04
Benfica,2026-04-23,Almoço,VEG,Assado de Grão de Bico,4.0,4.0,4.0,4.0,4.0,8.0,Av. Sensorial,B,2026-04
Benfica,2026-04-23,Jantar,PV,Isca de Carne Chinesa,4.0,4.0,4.0,4.0,4.0,8.0,Av. Sensorial,B,2026-04
Benfica,2026-04-23,Jantar,PB,Peixe ao M. Branco,4.0,4.0,3.0,4.0,4.0,7.6,Av. Sensorial,B,2026-04
Benfica,2026-04-23,Jantar,VEG,Yakissoba Vegetariano,3.0,4.0,3.0,3.0,3.0,6.4,Av. Sensorial,B,2026-04
Benfica,2026-04-24,Café,ESPECIAL,Frango Desfiado,4.0,4.0,4.0,4.0,4.0,8.0,Av. Sensorial,B,2026-04
Benfica,2026-04-24,Café,ESPECIAL VEG,Geleia,4.0,4.0,4.0,4.0,4.0,8.0,Av. Sensorial,B,2026-04
Pici 2,2026-04-24,Café,ESPECIAL,Frango Desfiado,4.0,4.0,4.0,4.0,4.0,8.0,Av. Sensorial,P2,2026-04
Pici 1,2026-04-24,Almoço,PV,Isca de Carne Acebolada,4.0,4.0,4.0,4.0,4.0,8.0,Av. Sensorial,P1,2026-04
Pici 1,2026-04-24,Almoço,PB,Sobrecoxa ao Molho,4.0,4.0,4.0,4.0,4.0,8.0,Av. Sensorial,P1,2026-04
Pici 1,2026-04-24,Almoço,VEG,Jardineira de Soja,4.0,4.0,4.0,4.0,4.0,8.0,Av. Sensorial,P1,2026-04
Pici 1,2026-04-24,Almoço,PV,Isca de Carne Acebolada,3.0,4.0,3.0,4.0,3.0,6.8,Av. Sensorial,P1,2026-04
Pici 1,2026-04-24,Almoço,PB,Sobrecoxa ao Molho,4.0,4.0,4.0,4.0,4.0,8.0,Av. Sensorial,P1,2026-04
Pici 1,2026-04-24,Almoço,VEG,Jardineira de Soja,4.0,4.0,4.0,4.0,4.0,8.0,Av. Sensorial,P1,2026-04
Porangabussu,2026-04-24,Almoço,PV,Isca de Carne Acebolada,4.0,4.0,4.0,4.0,4.0,8.0,Av. Sensorial,PO,2026-04
Porangabussu,2026-04-24,Almoço,PB,Sobrecoxa ao Molho,4.0,4.0,4.0,4.0,4.0,8.0,Av. Sensorial,PO,2026-04
Porangabussu,2026-04-24,Almoço,VEG,Jardineira de Soja,4.0,4.0,3.0,4.0,4.0,7.4,Av. Sensorial,PO,2026-04
Porangabussu,2026-04-24,Almoço,PV,Isca de Carne Acebolada,3.0,4.0,4.0,4.0,4.0,7.4,Av. Sensorial,PO,2026-04
Porangabussu,2026-04-24,Almoço,PB,Sobrecoxa ao Molho,4.0,4.0,4.0,4.0,4.0,8.0,Av. Sensorial,PO,2026-04
Porangabussu,2026-04-24,Almoço,VEG,Jardineira de Soja,4.0,4.0,4.0,4.0,4.0,8.0,Av. Sensorial,PO,2026-04
Pici 2,2026-04-24,Café,ESPECIAL,Frango Desfiado,4.0,4.0,4.0,4.0,4.0,8.0,Av. Sensorial,P2,2026-04
Pici 2,2026-04-24,Café,ESPECIAL VEG,Geleia,4.0,4.0,4.0,4.0,4.0,8.0,Av. Sensorial,P2,2026-04
Pici 2,2026-04-24,Almoço,PV,Isca de Carne Acebolada,4.0,4.0,3.0,4.0,4.0,7.6,Av. Sensorial,P2,2026-04
Pici 2,2026-04-24,Almoço,PB,Sobrecoxa ao Molho,4.0,4.0,4.0,4.0,4.0,8.0,Av. Sensorial,P2,2026-04
Pici 2,2026-04-24,Almoço,VEG,Jardineira de Soja,4.0,4.0,4.0,4.0,4.0,8.0,Av. Sensorial,P2,2026-04
Pici 2,2026-04-24,Almoço,PV,Isca de Carne Acebolada,3.0,3.0,3.0,4.0,3.0,6.2,Av. Sensorial,P2,2026-04
Pici 2,2026-04-24,Almoço,PB,Sobrecoxa ao Molho,4.0,4.0,4.0,4.0,4.0,8.0,Av. Sensorial,P2,2026-04
Pici 2,2026-04-24,Almoço,VEG,Jardineira de Soja,4.0,4.0,4.0,4.0,4.0,8.0,Av. Sensorial,P2,2026-04
Benfica,2026-04-24,Almoço,PV,Isca de Carne Acebolada,4.0,4.0,4.0,4.0,4.0,8.0,Av. Sensorial,B,2026-04
Benfica,2026-04-24,Almoço,PB,Sobrecoxa ao Molho,4.0,4.0,3.0,4.0,4.0,7.6,Av. Sensorial,B,2026-04
Benfica,2026-04-24,Almoço,VEG,Jardineira de Soja,4.0,4.0,4.0,4.0,4.0,8.0,Av. Sensorial,B,2026-04
Benfica,2026-04-24,Jantar,PV,Cubo suíno acebolado,4.0,4.0,4.0,4.0,4.0,8.0,Av. Sensorial,B,2026-04
Benfica,2026-04-24,Jantar,PB,Creme de Frango,4.0,4.0,2.0,4.0,4.0,7.2,Av. Sensorial,B,2026-04
Benfica,2026-04-24,Jantar,VEG,Escondidinho de Legumes,4.0,4.0,4.0,4.0,4.0,8.0,Av. Sensorial,B,2026-04
Labomar,2026-04-24,Almoço,PV,Isca de Carne Acebolada,3.0,3.0,3.0,4.0,3.0,6.2,Av. Sensorial,L,2026-04
Labomar,2026-04-24,Almoço,PB,Sobrecoxa ao Molho,4.0,4.0,4.0,4.0,4.0,8.0,Av. Sensorial,L,2026-04
Labomar,2026-04-24,Almoço,VEG,Jardineira de Soja,4.0,4.0,4.0,4.0,4.0,8.0,Av. Sensorial,L,2026-04
Benfica,2026-04-27,Café,ESPECIAL,Mingau ,4.0,4.0,4.0,4.0,4.0,8.0,Av. Sensorial,B,2026-04
Benfica,2026-04-27,Café,ESPECIAL VEG,Achocolatado vegano ,4.0,4.0,4.0,4.0,4.0,8.0,Av. Sensorial,B,2026-04
Pici 1,2026-04-24,Jantar,PV,Cubo suíno acebolado,4.0,4.0,4.0,4.0,4.0,8.0,Av. Sensorial,P1,2026-04
Pici 1,2026-04-24,Jantar,PB,Creme de Frango,4.0,4.0,4.0,4.0,4.0,8.0,Av. Sensorial,P1,2026-04
Pici 1,2026-04-24,Jantar,VEG,Escondidinho de Legumes,4.0,4.0,4.0,4.0,4.0,8.0,Av. Sensorial,P1,2026-04
Pici 2,2026-04-27,Café,ESPECIAL,Mingau ,4.0,4.0,4.0,4.0,4.0,8.0,Av. Sensorial,P2,2026-04
Pici 2,2026-04-27,Café,ESPECIAL VEG,Achocolatado vegano ,4.0,4.0,4.0,4.0,4.0,8.0,Av. Sensorial,P2,2026-04
Pici 2,2026-04-27,Almoço,PV,Cozido Bovino à Calabresa,3.0,4.0,4.0,4.0,4.0,7.4,Av. Sensorial,P2,2026-04
Pici 2,2026-04-27,Almoço,PB,Cubos de Frango ao M. Vermelho,4.0,4.0,4.0,4.0,4.0,8.0,Av. Sensorial,P2,2026-04
Pici 2,2026-04-27,Almoço,VEG,Bobó de Legumes,4.0,4.0,4.0,4.0,4.0,8.0,Av. Sensorial,P2,2026-04
Pici 1,2026-04-27,Almoço,PV,Cozido Bovino à Calabresa,3.0,4.0,4.0,4.0,4.0,7.4,Av. Sensorial,P1,2026-04
Pici 1,2026-04-27,Almoço,PB,Cubos de Frango ao M. Vermelho,4.0,4.0,4.0,4.0,4.0,8.0,Av. Sensorial,P1,2026-04
Pici 1,2026-04-27,Almoço,VEG,Bobó de Legumes,4.0,4.0,4.0,4.0,4.0,8.0,Av. Sensorial,P1,2026-04
Pici 1,2026-04-27,Almoço,PV,Cozido Bovino à Calabresa,3.0,4.0,4.0,4.0,4.0,7.4,Av. Sensorial,P1,2026-04
Pici 1,2026-04-27,Almoço,PB,Cubos de Frango ao M. Vermelho,4.0,4.0,4.0,4.0,4.0,8.0,Av. Sensorial,P1,2026-04
Pici 1,2026-04-27,Almoço,VEG,Bobó de Legumes,4.0,4.0,4.0,4.0,4.0,8.0,Av. Sensorial,P1,2026-04
Benfica,2026-04-23,Almoço,PV,Carne Moída Refogada,3.0,4.0,3.0,4.0,4.0,7.0,Av. Sensorial,B,2026-04
Benfica,2026-04-23,Almoço,PB,Cubos de Frango ao M. de Tomate,4.0,4.0,4.0,4.0,4.0,8.0,Av. Sensorial,B,2026-04
Benfica,2026-04-23,Almoço,VEG,Assado de Grão de Bico,4.0,4.0,4.0,4.0,4.0,8.0,Av. Sensorial,B,2026-04
Benfica,2026-04-24,Almoço,PV,Isca de Carne Acebolada,3.0,3.0,4.0,4.0,4.0,6.8,Av. Sensorial,B,2026-04
Benfica,2026-04-24,Almoço,PB,Sobrecoxa ao Molho,4.0,4.0,4.0,4.0,4.0,8.0,Av. Sensorial,B,2026-04
Benfica,2026-04-24,Almoço,VEG,Jardineira de Soja,3.0,4.0,3.0,4.0,4.0,6.8,Av. Sensorial,B,2026-04
Benfica,2026-04-27,Almoço,PV,Cozido Bovino à Calabresa,3.0,4.0,3.0,4.0,4.0,7.0,Av. Sensorial,B,2026-04
Benfica,2026-04-27,Almoço,PB,Cubos de Frango ao M. Vermelho,4.0,4.0,4.0,4.0,4.0,8.0,Av. Sensorial,B,2026-04
Benfica,2026-04-27,Almoço,VEG,Bobó de Legumes,4.0,4.0,4.0,4.0,4.0,8.0,Av. Sensorial,B,2026-04
Porangabussu,2026-04-27,Almoço,PV,Cozido Bovino à Calabresa,3.0,2.0,3.0,4.0,3.0,5.6,Av. Sensorial,PO,2026-04
Porangabussu,2026-04-27,Almoço,PB,Cubos de Frango ao M. Vermelho,4.0,4.0,3.0,4.0,4.0,7.6,Av. Sensorial,PO,2026-04
Porangabussu,2026-04-27,Almoço,VEG,Bobó de Legumes,4.0,4.0,4.0,4.0,4.0,8.0,Av. Sensorial,PO,2026-04
Porangabussu,2026-04-27,Almoço,PV,Cozido Bovino à Calabresa,3.0,4.0,4.0,4.0,4.0,7.4,Av. Sensorial,PO,2026-04
Porangabussu,2026-04-27,Almoço,PB,Cubos de Frango ao M. Vermelho,3.0,4.0,4.0,4.0,4.0,7.4,Av. Sensorial,PO,2026-04
Porangabussu,2026-04-27,Almoço,VEG,Bobó de Legumes,4.0,4.0,4.0,4.0,4.0,8.0,Av. Sensorial,PO,2026-04
Labomar,2026-04-27,Almoço,PV,Cozido Bovino à Calabresa,3.0,3.0,4.0,4.0,4.0,6.8,Av. Sensorial,L,2026-04
Labomar,2026-04-27,Almoço,PB,Cubos de Frango ao M. Vermelho,4.0,4.0,4.0,4.0,4.0,8.0,Av. Sensorial,L,2026-04
Labomar,2026-04-27,Almoço,VEG,Bobó de Legumes,4.0,4.0,4.0,4.0,,7.2,Av. Sensorial,L,2026-04
Pici 2,2026-04-27,Almoço,PV,Cozido Bovino à Calabresa,3.0,3.0,3.0,4.0,3.0,6.2,Av. Sensorial,P2,2026-04
Pici 2,2026-04-27,Almoço,PB,Cubos de Frango ao M. Vermelho,4.0,4.0,4.0,4.0,4.0,8.0,Av. Sensorial,P2,2026-04
Pici 2,2026-04-27,Almoço,VEG,Bobó de Legumes,4.0,4.0,4.0,4.0,4.0,8.0,Av. Sensorial,P2,2026-04
Benfica,2026-04-27,Almoço,PV,Cozido Bovino à Calabresa,3.0,4.0,4.0,4.0,4.0,7.4,Av. Sensorial,B,2026-04
Benfica,2026-04-27,Almoço,PB,Cubos de Frango ao M. Vermelho,4.0,4.0,4.0,4.0,4.0,8.0,Av. Sensorial,B,2026-04
Benfica,2026-04-27,Almoço,VEG,Bobó de Legumes,4.0,4.0,4.0,4.0,4.0,8.0,Av. Sensorial,B,2026-04
Benfica,2026-04-27,Jantar,PV,Cubos Suíno ao molho barbecue,4.0,3.0,4.0,4.0,4.0,7.4,Av. Sensorial,B,2026-04
Benfica,2026-04-27,Jantar,PB,Sobrecoxa  ao M.Ervas,4.0,4.0,3.0,4.0,4.0,7.6,Av. Sensorial,B,2026-04
Benfica,2026-04-27,Jantar,VEG,Bolinha de grão de bico,4.0,4.0,4.0,4.0,4.0,8.0,Av. Sensorial,B,2026-04
Pici 1,2026-04-27,Jantar,PV,Cubos Suíno ao molho barbecue,4.0,4.0,5.0,4.0,4.0,8.4,Av. Sensorial,P1,2026-04
Pici 1,2026-04-27,Jantar,PB,Sobrecoxa  ao M.Ervas,4.0,3.0,3.0,4.0,3.0,6.8,Av. Sensorial,P1,2026-04
Pici 1,2026-04-27,Jantar,VEG,Bolinha de grão de bico,4.0,4.0,4.0,4.0,4.0,8.0,Av. Sensorial,P1,2026-04
Benfica,2026-04-27,Jantar,PV,Cubos Suíno ao molho barbecue,3.0,3.0,4.0,4.0,3.0,6.6,Av. Sensorial,B,2026-04
Benfica,2026-04-27,Jantar,PB,Sobrecoxa  ao M.Ervas,3.0,3.0,3.0,4.0,3.0,6.2,Av. Sensorial,B,2026-04
Benfica,2026-04-27,Jantar,VEG,Bolinha de grão de bico,4.0,4.0,4.0,4.0,4.0,8.0,Av. Sensorial,B,2026-04
Benfica,2026-04-28,Café,ESPECIAL,Queijo ,4.0,4.0,4.0,4.0,4.0,8.0,Av. Sensorial,B,2026-04
Benfica,2026-04-28,Café,ESPECIAL VEG,Granola,4.0,4.0,4.0,4.0,4.0,8.0,Av. Sensorial,B,2026-04
Pici 2,2026-04-28,Café,ESPECIAL,Queijo ,4.0,4.0,4.0,4.0,4.0,8.0,Av. Sensorial,P2,2026-04
Pici 2,2026-04-28,Café,ESPECIAL VEG,Granola,4.0,4.0,4.0,4.0,4.0,8.0,Av. Sensorial,P2,2026-04
Pici 2,2026-04-28,Almoço,PV,Paçoca de Carne,4.0,4.0,4.0,4.0,4.0,8.0,Av. Sensorial,P2,2026-04
Pici 2,2026-04-28,Almoço,PB,Sobrecoxa Assada,4.0,4.0,4.0,4.0,4.0,8.0,Av. Sensorial,P2,2026-04
Pici 2,2026-04-28,Almoço,VEG,Yakissoba Vegetariano,4.0,4.0,3.0,4.0,4.0,7.4,Av. Sensorial,P2,2026-04
Labomar,2026-04-28,Almoço,PV,Paçoca de Carne,3.0,4.0,4.0,4.0,4.0,7.4,Av. Sensorial,L,2026-04
Labomar,2026-04-28,Almoço,PB,Sobrecoxa Assada,4.0,4.0,4.0,4.0,4.0,8.0,Av. Sensorial,L,2026-04
Labomar,2026-04-28,Almoço,VEG,Yakissoba Vegetariano,4.0,4.0,3.0,4.0,4.0,7.4,Av. Sensorial,L,2026-04
Porangabussu,2026-04-28,Almoço,PV,Paçoca de Carne,3.0,3.0,3.0,4.0,3.0,6.2,Av. Sensorial,PO,2026-04
Porangabussu,2026-04-28,Almoço,PB,Sobrecoxa Assada,4.0,4.0,4.0,4.0,4.0,8.0,Av. Sensorial,PO,2026-04
Porangabussu,2026-04-28,Almoço,VEG,Yakissoba Vegetariano,4.0,4.0,4.0,4.0,4.0,8.0,Av. Sensorial,PO,2026-04
Porangabussu,2026-04-28,Almoço,PV,Paçoca de Carne,3.0,3.0,3.0,4.0,3.0,6.2,Av. Sensorial,PO,2026-04
Porangabussu,2026-04-28,Almoço,PB,Sobrecoxa Assada,4.0,4.0,4.0,4.0,4.0,8.0,Av. Sensorial,PO,2026-04
Porangabussu,2026-04-28,Almoço,VEG,Yakissoba Vegetariano,4.0,4.0,4.0,4.0,4.0,8.0,Av. Sensorial,PO,2026-04
Pici 2,2026-04-28,Café,ESPECIAL,Queijo ,4.0,4.0,4.0,4.0,4.0,8.0,Av. Sensorial,P2,2026-04
Pici 2,2026-04-28,Almoço,PV,Paçoca de Carne,4.0,4.0,4.0,4.0,4.0,8.0,Av. Sensorial,P2,2026-04
Pici 2,2026-04-28,Almoço,PB,Sobrecoxa Assada,4.0,4.0,4.0,4.0,4.0,8.0,Av. Sensorial,P2,2026-04
Pici 2,2026-04-28,Almoço,VEG,Yakissoba Vegetariano,4.0,4.0,3.0,4.0,4.0,7.4,Av. Sensorial,P2,2026-04
Pici 1,2026-04-28,Almoço,PV,Paçoca de Carne,3.0,3.0,3.0,4.0,4.0,6.4,Av. Sensorial,P1,2026-04
Pici 1,2026-04-28,Almoço,PB,Sobrecoxa Assada,4.0,4.0,4.0,4.0,4.0,8.0,Av. Sensorial,P1,2026-04
Pici 1,2026-04-28,Almoço,VEG,Yakissoba Vegetariano,4.0,4.0,4.0,4.0,4.0,8.0,Av. Sensorial,P1,2026-04
Pici 1,2026-04-28,Almoço,PV,Paçoca de Carne,4.0,4.0,4.0,4.0,4.0,8.0,Av. Sensorial,P1,2026-04
Pici 1,2026-04-28,Almoço,PB,Sobrecoxa Assada,4.0,4.0,4.0,4.0,4.0,8.0,Av. Sensorial,P1,2026-04
Pici 1,2026-04-28,Almoço,VEG,Yakissoba Vegetariano,4.0,4.0,3.0,4.0,3.0,7.2,Av. Sensorial,P1,2026-04
Benfica,2026-04-28,Almoço,PV,Paçoca de Carne,3.0,4.0,3.0,4.0,4.0,7.0,Av. Sensorial,B,2026-04
Benfica,2026-04-28,Almoço,PB,Sobrecoxa Assada,4.0,4.0,4.0,4.0,4.0,8.0,Av. Sensorial,B,2026-04
Benfica,2026-04-28,Almoço,VEG,Yakissoba Vegetariano,4.0,4.0,4.0,4.0,4.0,8.0,Av. Sensorial,B,2026-04
Pici 1,2026-04-28,Jantar,PV,Carne Moída Refogada,4.0,4.0,4.0,4.0,4.0,8.0,Av. Sensorial,P1,2026-04
Pici 1,2026-04-28,Jantar,PB,Cubos de Frango com Batata Rústica,3.0,3.0,3.0,4.0,3.0,6.2,Av. Sensorial,P1,2026-04
Pici 1,2026-04-28,Jantar,VEG,Jardineira de Soja,4.0,4.0,4.0,4.0,4.0,8.0,Av. Sensorial,P1,2026-04
Benfica,2026-04-28,Almoço,PV,Paçoca de Carne,4.0,4.0,4.0,4.0,4.0,8.0,Av. Sensorial,B,2026-04
Benfica,2026-04-28,Almoço,PB,Sobrecoxa Assada,4.0,4.0,4.0,4.0,4.0,8.0,Av. Sensorial,B,2026-04
Benfica,2026-04-28,Almoço,VEG,Yakissoba Vegetariano,4.0,4.0,4.0,4.0,4.0,8.0,Av. Sensorial,B,2026-04
Benfica,2026-04-28,Jantar,PV,Carne Moída Refogada,4.0,4.0,4.0,4.0,4.0,8.0,Av. Sensorial,B,2026-04
Benfica,2026-04-28,Jantar,PB,Cubos de Frango com Batata Rústica,4.0,4.0,4.0,4.0,4.0,8.0,Av. Sensorial,B,2026-04
Benfica,2026-04-28,Jantar,VEG,Jardineira de Soja,4.0,4.0,4.0,4.0,4.0,8.0,Av. Sensorial,B,2026-04
Benfica,2026-04-29,Café,ESPECIAL,Ovos Mexidos,4.0,4.0,4.0,4.0,4.0,8.0,Av. Sensorial,B,2026-04
Benfica,2026-04-29,Café,ESPECIAL VEG,Pasta de Amendoim,4.0,4.0,4.0,4.0,4.0,8.0,Av. Sensorial,B,2026-04
Pici 2,2026-04-29,Café,ESPECIAL,Ovos Mexidos,4.0,4.0,4.0,4.0,4.0,8.0,Av. Sensorial,P2,2026-04
Pici 2,2026-04-29,Café,ESPECIAL VEG,Pasta de Amendoim,4.0,4.0,4.0,4.0,4.0,8.0,Av. Sensorial,P2,2026-04
Pici 2,2026-04-29,Almoço,PV,Feijoada,4.0,4.0,4.0,4.0,4.0,8.0,Av. Sensorial,P2,2026-04
Pici 2,2026-04-29,Almoço,PB,Isca de Frango ao M. de Legumes,4.0,4.0,4.0,4.0,4.0,8.0,Av. Sensorial,P2,2026-04
Pici 2,2026-04-29,Almoço,VEG,Feijoada Vegetariana,3.0,3.0,4.0,4.0,4.0,7.0,Av. Sensorial,P2,2026-04
Benfica,2026-04-29,Almoço,PV,Feijoada,4.0,4.0,4.0,4.0,4.0,8.0,Av. Sensorial,B,2026-04
Benfica,2026-04-29,Almoço,PB,Isca de Frango ao M. de Legumes,3.0,4.0,3.0,4.0,4.0,7.0,Av. Sensorial,B,2026-04
Benfica,2026-04-29,Almoço,VEG,Feijoada Vegetariana,3.0,4.0,4.0,4.0,4.0,7.4,Av. Sensorial,B,2026-04
Pici 2,2026-04-29,Café,ESPECIAL,Ovos Mexidos,4.0,4.0,4.0,4.0,4.0,8.0,Av. Sensorial,P2,2026-04
Pici 2,2026-04-29,Almoço,PV,Feijoada,4.0,4.0,4.0,4.0,4.0,8.0,Av. Sensorial,P2,2026-04
Pici 2,2026-04-29,Almoço,PB,Isca de Frango ao M. de Legumes,4.0,4.0,4.0,4.0,4.0,8.0,Av. Sensorial,P2,2026-04
Pici 2,2026-04-29,Almoço,VEG,Feijoada Vegetariana,3.0,3.0,4.0,4.0,4.0,7.0,Av. Sensorial,P2,2026-04
Pici 1,2026-04-29,Almoço,PV,Feijoada,4.0,4.0,4.0,4.0,4.0,8.0,Av. Sensorial,P1,2026-04
Pici 1,2026-04-29,Almoço,PB,Isca de Frango ao M. de Legumes,4.0,4.0,3.0,4.0,3.0,7.4,Av. Sensorial,P1,2026-04
Pici 1,2026-04-29,Almoço,PB,Isca de Frango ao M. de Legumes,3.0,4.0,4.0,4.0,4.0,7.4,Av. Sensorial,P1,2026-04
Pici 1,2026-04-29,Almoço,VEG,Feijoada Vegetariana,3.0,3.0,3.0,4.0,3.0,6.2,Av. Sensorial,P1,2026-04
Porangabussu,2026-04-29,Almoço,PV,Feijoada,3.0,4.0,4.0,4.0,4.0,7.4,Av. Sensorial,PO,2026-04
Porangabussu,2026-04-29,Almoço,PB,Isca de Frango ao M. de Legumes,4.0,4.0,4.0,4.0,4.0,8.0,Av. Sensorial,PO,2026-04
Porangabussu,2026-04-29,Almoço,VEG,Feijoada Vegetariana,4.0,4.0,3.0,4.0,4.0,7.4,Av. Sensorial,PO,2026-04
Porangabussu,2026-04-29,Almoço,PV,Feijoada,4.0,4.0,4.0,4.0,4.0,8.0,Av. Sensorial,PO,2026-04
Porangabussu,2026-04-29,Almoço,PB,Isca de Frango ao M. de Legumes,4.0,4.0,4.0,4.0,4.0,8.0,Av. Sensorial,PO,2026-04
Porangabussu,2026-04-29,Almoço,VEG,Feijoada Vegetariana,3.0,3.0,3.0,4.0,3.0,6.2,Av. Sensorial,PO,2026-04
Benfica,2026-04-29,Almoço,PV,Feijoada,4.0,4.0,4.0,4.0,4.0,8.0,Av. Sensorial,B,2026-04
Benfica,2026-04-29,Almoço,PB,Isca de Frango ao M. de Legumes,3.0,4.0,3.0,4.0,4.0,7.0,Av. Sensorial,B,2026-04
Benfica,2026-04-29,Almoço,VEG,Feijoada Vegetariana,3.0,3.0,4.0,4.0,4.0,7.0,Av. Sensorial,B,2026-04
Benfica,2026-04-29,Jantar,PV,Isca de Carne ao Molho Escuro,4.0,4.0,4.0,4.0,4.0,8.0,Av. Sensorial,B,2026-04
Benfica,2026-04-29,Jantar,PB,Sobrecoxa Assada,4.0,4.0,4.0,4.0,4.0,8.0,Av. Sensorial,B,2026-04
Benfica,2026-04-29,Jantar,VEG,Lasanha Vegetaraiana,4.0,4.0,4.0,4.0,4.0,8.0,Av. Sensorial,B,2026-04
Benfica,2026-04-30,Café,ESPECIAL,Iogurte ,4.0,4.0,4.0,4.0,4.0,8.0,Av. Sensorial,B,2026-04
Benfica,2026-04-30,Café,ESPECIAL VEG,Similar a Iogurte Vegano,4.0,4.0,4.0,4.0,4.0,8.0,Av. Sensorial,B,2026-04
Pici 2,2026-04-30,Café,ESPECIAL,Iogurte ,4.0,4.0,4.0,4.0,4.0,8.0,Av. Sensorial,P2,2026-04
Pici 2,2026-04-30,Café,ESPECIAL VEG,Similar a Iogurte Vegano,4.0,4.0,4.0,4.0,4.0,8.0,Av. Sensorial,P2,2026-04
Pici 2,2026-04-30,Café,ESPECIAL,Iogurte ,4.0,4.0,4.0,4.0,4.0,8.0,Av. Sensorial,P2,2026-04
Pici 1,2026-04-30,Almoço,PV,Isca de Carne ao Molho Escuro,4.0,4.0,4.0,4.0,4.0,8.0,Av. Sensorial,P1,2026-04
Pici 1,2026-04-30,Almoço,PB,Peixe ao M. de Peixada,4.0,4.0,4.0,4.0,4.0,8.0,Av. Sensorial,P1,2026-04
Pici 1,2026-04-30,Almoço,VEG,Estrogonofe de Grão de Bico,4.0,4.0,4.0,4.0,4.0,8.0,Av. Sensorial,P1,2026-04
Pici 2,2026-04-30,Almoço,PV,Isca de Carne ao Molho Escuro,4.0,4.0,4.0,4.0,4.0,8.0,Av. Sensorial,P2,2026-04
Pici 2,2026-04-30,Almoço,PB,Peixe ao M. de Peixada,4.0,4.0,4.0,4.0,4.0,8.0,Av. Sensorial,P2,2026-04
Pici 2,2026-04-30,Almoço,VEG,Estrogonofe de Grão de Bico,4.0,4.0,4.0,4.0,4.0,8.0,Av. Sensorial,P2,2026-04
Labomar,2026-04-29,Almoço,PV,Feijoada,4.0,4.0,4.0,4.0,4.0,8.0,Av. Sensorial,L,2026-04
Labomar,2026-04-29,Almoço,PB,Isca de Frango ao M. de Legumes,4.0,4.0,4.0,4.0,4.0,8.0,Av. Sensorial,L,2026-04
Labomar,2026-04-29,Almoço,VEG,Feijoada Vegetariana,3.0,3.0,3.0,4.0,3.0,6.2,Av. Sensorial,L,2026-04
Labomar,2026-04-30,Almoço,PV,Isca de Carne ao Molho Escuro,3.0,4.0,4.0,4.0,4.0,7.4,Av. Sensorial,L,2026-04
Labomar,2026-04-30,Almoço,PB,Peixe ao M. de Peixada,4.0,4.0,4.0,4.0,4.0,8.0,Av. Sensorial,L,2026-04
Labomar,2026-04-30,Almoço,VEG,Estrogonofe de Grão de Bico,4.0,4.0,4.0,4.0,4.0,8.0,Av. Sensorial,L,2026-04
Benfica,2026-04-30,Almoço,PV,Isca de Carne ao Molho Escuro,3.0,3.0,4.0,4.0,4.0,6.8,Av. Sensorial,B,2026-04
Benfica,2026-04-30,Almoço,PB,Peixe ao M. de Peixada,4.0,4.0,4.0,4.0,4.0,8.0,Av. Sensorial,B,2026-04
Benfica,2026-04-30,Almoço,VEG,Estrogonofe de Grão de Bico,4.0,4.0,4.0,4.0,4.0,8.0,Av. Sensorial,B,2026-04
Porangabussu,2026-04-30,Almoço,PV,Isca de Carne ao Molho Escuro,3.0,4.0,4.0,4.0,4.0,7.4,Av. Sensorial,PO,2026-04
Porangabussu,2026-04-30,Almoço,PB,Peixe ao M. de Peixada,4.0,4.0,4.0,4.0,4.0,8.0,Av. Sensorial,PO,2026-04
Porangabussu,2026-04-30,Almoço,VEG,Estrogonofe de Grão de Bico,4.0,4.0,4.0,4.0,4.0,8.0,Av. Sensorial,PO,2026-04
Porangabussu,2026-04-30,Almoço,PV,Isca de Carne ao Molho Escuro,4.0,3.0,4.0,4.0,4.0,7.4,Av. Sensorial,PO,2026-04
Porangabussu,2026-04-30,Almoço,PB,Peixe ao M. de Peixada,3.0,4.0,4.0,4.0,4.0,7.4,Av. Sensorial,PO,2026-04
Porangabussu,2026-04-30,Almoço,VEG,Estrogonofe de Grão de Bico,3.0,4.0,3.0,4.0,4.0,6.8,Av. Sensorial,PO,2026-04
Pici 1,2026-04-29,Jantar,PV,Isca de Carne ao Molho Escuro,3.0,4.0,4.0,4.0,4.0,7.4,Av. Sensorial,P1,2026-04
Pici 1,2026-04-29,Jantar,PB,Sobrecoxa Assada,4.0,4.0,4.0,4.0,4.0,8.0,Av. Sensorial,P1,2026-04
Pici 1,2026-04-29,Jantar,VEG,Lasanha Vegetaraiana,4.0,4.0,4.0,4.0,4.0,8.0,Av. Sensorial,P1,2026-04
Pici 1,2026-04-30,Almoço,PV,Isca de Carne ao Molho Escuro,4.0,4.0,4.0,4.0,4.0,8.0,Av. Sensorial,P1,2026-04
Pici 1,2026-04-30,Almoço,PB,Peixe ao M. de Peixada,4.0,4.0,4.0,4.0,4.0,8.0,Av. Sensorial,P1,2026-04
Pici 1,2026-04-30,Almoço,VEG,Estrogonofe de Grão de Bico,4.0,4.0,4.0,4.0,4.0,8.0,Av. Sensorial,P1,2026-04
Pici 2,2026-04-30,Almoço,PV,Isca de Carne ao Molho Escuro,4.0,4.0,4.0,4.0,4.0,8.0,Av. Sensorial,P2,2026-04
Pici 2,2026-04-30,Almoço,PB,Peixe ao M. de Peixada,4.0,4.0,4.0,4.0,4.0,8.0,Av. Sensorial,P2,2026-04
Pici 2,2026-04-30,Almoço,VEG,Estrogonofe de Grão de Bico,4.0,4.0,4.0,4.0,4.0,8.0,Av. Sensorial,P2,2026-04
Benfica,2026-04-30,Almoço,PV,Isca de Carne ao Molho Escuro,4.0,4.0,4.0,4.0,4.0,8.0,Av. Sensorial,B,2026-04
Benfica,2026-04-30,Almoço,PB,Peixe ao M. de Peixada,4.0,4.0,4.0,4.0,4.0,8.0,Av. Sensorial,B,2026-04
Benfica,2026-04-30,Almoço,VEG,Estrogonofe de Grão de Bico,4.0,4.0,4.0,4.0,4.0,8.0,Av. Sensorial,B,2026-04
Benfica,2026-04-30,Jantar,PV,Cubo suíno acebolado,4.0,4.0,4.0,4.0,4.0,8.0,Av. Sensorial,B,2026-04
Benfica,2026-04-30,Jantar,PB,Estrogonofe de Frango,3.0,3.0,4.0,4.0,4.0,6.8,Av. Sensorial,B,2026-04
Benfica,2026-04-30,Jantar,VEG,Escondidinho de Soja,4.0,4.0,4.0,4.0,4.0,8.0,Av. Sensorial,B,2026-04
Pici 1,2026-04-30,Jantar,PV,Cubo suíno acebolado,4.0,4.0,4.0,4.0,4.0,8.0,Av. Sensorial,P1,2026-04
Pici 1,2026-04-30,Jantar,PB,Estrogonofe de Frango,4.0,4.0,4.0,4.0,4.0,8.0,Av. Sensorial,P1,2026-04
Pici 1,2026-04-30,Jantar,VEG,Escondidinho de Soja,2.0,4.0,4.0,4.0,4.0,6.8,Av. Sensorial,P1,2026-04
Benfica,2026-05-04,Café,ESPECIAL,Achocolatado,4.0,4.0,4.0,4.0,4.0,8.0,Av. Sensorial,B,2026-05
Benfica,2026-05-04,Café,ESPECIAL VEG,Achocolatado vegano ,4.0,4.0,4.0,4.0,4.0,8.0,Av. Sensorial,B,2026-05
Pici 2,2026-05-04,Café,ESPECIAL,Achocolatado,4.0,4.0,4.0,4.0,4.0,8.0,Av. Sensorial,P2,2026-05
Pici 2,2026-05-04,Café,ESPECIAL VEG,Achocolatado vegano ,4.0,4.0,4.0,4.0,4.0,8.0,Av. Sensorial,P2,2026-05
Pici 1,2026-05-04,Almoço,PV,Picadinho com Legumes,4.0,4.0,4.0,4.0,4.0,8.0,Av. Sensorial,P1,2026-05
Pici 1,2026-05-04,Almoço,PB,Sobrecoxa Assada,4.0,4.0,4.0,4.0,4.0,8.0,Av. Sensorial,P1,2026-05
Pici 1,2026-05-04,Almoço,VEG,Macarronada Vegetariana,4.0,4.0,4.0,4.0,4.0,8.0,Av. Sensorial,P1,2026-05
Pici 2,2026-05-04,Almoço,PV,Picadinho com Legumes,2.0,3.0,3.0,4.0,3.0,5.6,Av. Sensorial,P2,2026-05
Pici 2,2026-05-04,Almoço,PB,Sobrecoxa Assada,4.0,4.0,4.0,4.0,4.0,8.0,Av. Sensorial,P2,2026-05
Pici 2,2026-05-04,Almoço,VEG,Macarronada Vegetariana,4.0,4.0,4.0,4.0,4.0,8.0,Av. Sensorial,P2,2026-05
Pici 1,2026-05-04,Almoço,PV,Picadinho com Legumes,4.0,3.0,4.0,4.0,4.0,7.4,Av. Sensorial,P1,2026-05
Pici 1,2026-05-04,Almoço,PB,Sobrecoxa Assada,4.0,4.0,4.0,4.0,4.0,8.0,Av. Sensorial,P1,2026-05
Pici 1,2026-05-04,Almoço,VEG,Macarronada Vegetariana,4.0,4.0,4.0,4.0,4.0,8.0,Av. Sensorial,P1,2026-05
Porangabussu,2026-05-04,Almoço,PV,Picadinho com Legumes,3.0,3.0,4.0,4.0,3.0,6.6,Av. Sensorial,PO,2026-05
Porangabussu,2026-05-04,Almoço,PB,Sobrecoxa Assada,4.0,4.0,4.0,4.0,4.0,8.0,Av. Sensorial,PO,2026-05
Porangabussu,2026-05-04,Almoço,VEG,Macarronada Vegetariana,4.0,4.0,4.0,4.0,4.0,8.0,Av. Sensorial,PO,2026-05
Porangabussu,2026-05-04,Almoço,PV,Picadinho com Legumes,3.0,3.0,4.0,4.0,3.0,6.6,Av. Sensorial,PO,2026-05
Porangabussu,2026-05-04,Almoço,PB,Sobrecoxa Assada,4.0,4.0,4.0,4.0,4.0,8.0,Av. Sensorial,PO,2026-05
Porangabussu,2026-05-04,Almoço,VEG,Macarronada Vegetariana,4.0,4.0,4.0,4.0,4.0,8.0,Av. Sensorial,PO,2026-05
Pici 2,2026-05-04,Almoço,PV,Picadinho com Legumes,3.0,3.0,4.0,4.0,4.0,6.8,Av. Sensorial,P2,2026-05
Pici 2,2026-05-04,Almoço,PB,Sobrecoxa Assada,4.0,4.0,4.0,4.0,4.0,8.0,Av. Sensorial,P2,2026-05
Pici 2,2026-05-04,Almoço,VEG,Macarronada Vegetariana,4.0,4.0,4.0,4.0,4.0,8.0,Av. Sensorial,P2,2026-05
Benfica,2026-05-04,Almoço,PV,Picadinho com Legumes,3.0,4.0,4.0,4.0,4.0,7.4,Av. Sensorial,B,2026-05
Benfica,2026-05-04,Almoço,PB,Sobrecoxa Assada,4.0,4.0,4.0,4.0,4.0,8.0,Av. Sensorial,B,2026-05
Benfica,2026-05-04,Almoço,VEG,Macarronada Vegetariana,4.0,4.0,4.0,4.0,4.0,8.0,Av. Sensorial,B,2026-05
Benfica,2026-05-04,Jantar,PV,Cubo suíno acebolado,4.0,4.0,4.0,4.0,4.0,8.0,Av. Sensorial,B,2026-05
Benfica,2026-05-04,Jantar,PB,Fricassê de Frango,4.0,4.0,4.0,4.0,4.0,8.0,Av. Sensorial,B,2026-05
Benfica,2026-05-04,Jantar,VEG,Salpicão vegano,4.0,4.0,4.0,4.0,4.0,8.0,Av. Sensorial,B,2026-05
Pici 1,2026-05-04,Jantar,PV,Cubo suíno acebolado,4.0,4.0,4.0,4.0,4.0,8.0,Av. Sensorial,P1,2026-05
Pici 1,2026-05-04,Jantar,PB,Fricassê de Frango,4.0,4.0,4.0,4.0,4.0,8.0,Av. Sensorial,P1,2026-05
Pici 1,2026-05-04,Jantar,VEG,Salpicão vegano,4.0,4.0,4.0,4.0,4.0,8.0,Av. Sensorial,P1,2026-05
Benfica,2026-05-05,Café,ESPECIAL,Queijo ,4.0,4.0,4.0,4.0,4.0,8.0,Av. Sensorial,B,2026-05
Benfica,2026-05-05,Café,ESPECIAL VEG,Granola,4.0,4.0,4.0,4.0,4.0,8.0,Av. Sensorial,B,2026-05
Pici 2,2026-05-05,Café,ESPECIAL,Queijo ,4.0,4.0,4.0,4.0,4.0,8.0,Av. Sensorial,P2,2026-05
Pici 2,2026-05-05,Café,ESPECIAL VEG,Granola,4.0,4.0,4.0,4.0,4.0,8.0,Av. Sensorial,P2,2026-05
Pici 2,2026-05-05,Café,ESPECIAL,Queijo ,4.0,4.0,4.0,4.0,4.0,8.0,Av. Sensorial,P2,2026-05
Labomar,2026-05-04,Almoço,PV,Picadinho com Legumes,3.0,4.0,4.0,4.0,4.0,7.4,Av. Sensorial,L,2026-05
Labomar,2026-05-04,Almoço,PB,Sobrecoxa Assada,4.0,4.0,4.0,4.0,4.0,8.0,Av. Sensorial,L,2026-05
Labomar,2026-05-04,Almoço,VEG,Macarronada Vegetariana,4.0,4.0,4.0,4.0,4.0,8.0,Av. Sensorial,L,2026-05
Pici 1,2026-05-05,Almoço,PV,Cubo Suíno à Carioca,4.0,4.0,4.0,4.0,4.0,8.0,Av. Sensorial,P1,2026-05
Pici 1,2026-05-05,Almoço,PB,Isca de Frango com Ervas,4.0,4.0,4.0,4.0,4.0,8.0,Av. Sensorial,P1,2026-05
Pici 1,2026-05-05,Almoço,VEG,Vatapá Vegano,4.0,4.0,4.0,4.0,4.0,8.0,Av. Sensorial,P1,2026-05
Porangabussu,2026-05-05,Almoço,PV,Cubo Suíno à Carioca,4.0,4.0,3.0,4.0,4.0,7.6,Av. Sensorial,PO,2026-05
Porangabussu,2026-05-05,Almoço,PB,Isca de Frango com Ervas,4.0,4.0,4.0,4.0,4.0,8.0,Av. Sensorial,PO,2026-05
Porangabussu,2026-05-05,Almoço,VEG,Vatapá Vegano,4.0,4.0,4.0,4.0,4.0,8.0,Av. Sensorial,PO,2026-05
Porangabussu,2026-05-05,Almoço,PV,Cubo Suíno à Carioca,4.0,4.0,4.0,4.0,4.0,8.0,Av. Sensorial,PO,2026-05
Porangabussu,2026-05-05,Almoço,PB,Isca de Frango com Ervas,4.0,4.0,4.0,4.0,4.0,8.0,Av. Sensorial,PO,2026-05
Porangabussu,2026-05-05,Almoço,VEG,Vatapá Vegano,4.0,4.0,4.0,4.0,4.0,8.0,Av. Sensorial,PO,2026-05
Pici 1,2026-05-05,Almoço,PV,Cubo Suíno à Carioca,4.0,4.0,3.0,4.0,4.0,7.6,Av. Sensorial,P1,2026-05
Pici 1,2026-05-05,Almoço,PB,Isca de Frango com Ervas,4.0,4.0,4.0,4.0,4.0,8.0,Av. Sensorial,P1,2026-05
Pici 1,2026-05-05,Almoço,VEG,Vatapá Vegano,4.0,5.0,5.0,4.0,4.0,9.0,Av. Sensorial,P1,2026-05
Pici 2,2026-05-05,Almoço,PV,Cubo Suíno à Carioca,4.0,4.0,4.0,4.0,4.0,8.0,Av. Sensorial,P2,2026-05
Pici 2,2026-05-05,Almoço,PB,Isca de Frango com Ervas,4.0,4.0,4.0,4.0,4.0,8.0,Av. Sensorial,P2,2026-05
Pici 2,2026-05-05,Almoço,VEG,Vatapá Vegano,4.0,4.0,4.0,4.0,4.0,8.0,Av. Sensorial,P2,2026-05
Pici 2,2026-05-05,Almoço,PV,Cubo Suíno à Carioca,4.0,4.0,4.0,4.0,4.0,8.0,Av. Sensorial,P2,2026-05
Pici 2,2026-05-05,Almoço,PB,Isca de Frango com Ervas,4.0,4.0,4.0,4.0,4.0,8.0,Av. Sensorial,P2,2026-05
Pici 2,2026-05-05,Almoço,VEG,Vatapá Vegano,4.0,4.0,4.0,4.0,4.0,8.0,Av. Sensorial,P2,2026-05
Pici 1,2026-05-05,Almoço,PV,Cubo Suíno à Carioca,4.0,4.0,4.0,4.0,4.0,8.0,Av. Sensorial,P1,2026-05
Pici 1,2026-05-05,Almoço,PB,Isca de Frango com Ervas,3.0,3.0,4.0,4.0,4.0,6.8,Av. Sensorial,P1,2026-05
Pici 1,2026-05-05,Almoço,VEG,Vatapá Vegano,4.0,4.0,4.0,4.0,4.0,8.0,Av. Sensorial,P1,2026-05
Benfica,2026-05-05,Almoço,PV,Cubo Suíno à Carioca,4.0,4.0,4.0,4.0,4.0,8.0,Av. Sensorial,B,2026-05
Benfica,2026-05-05,Almoço,PB,Isca de Frango com Ervas,4.0,4.0,4.0,4.0,4.0,8.0,Av. Sensorial,B,2026-05
Benfica,2026-05-05,Almoço,VEG,Vatapá Vegano,4.0,4.0,4.0,4.0,4.0,8.0,Av. Sensorial,B,2026-05
Benfica,2026-05-04,Almoço,PV,Picadinho com Legumes,2.0,3.0,3.0,3.0,3.0,5.4,Av. Sensorial,B,2026-05
Benfica,2026-05-04,Almoço,PB,Sobrecoxa Assada,3.0,4.0,4.0,4.0,4.0,7.4,Av. Sensorial,B,2026-05
Benfica,2026-05-04,Almoço,VEG,Macarronada Vegetariana,4.0,4.0,4.0,4.0,4.0,8.0,Av. Sensorial,B,2026-05
Pici 1,2026-05-05,Jantar,PV,Carne Moída Refogada,4.0,4.0,4.0,4.0,4.0,8.0,Av. Sensorial,P1,2026-05
Pici 1,2026-05-05,Jantar,PB,Sobrecoxa Desossada,4.0,4.0,4.0,4.0,4.0,8.0,Av. Sensorial,P1,2026-05
Pici 1,2026-05-05,Jantar,VEG,Hambúrguer de Soja,4.0,4.0,4.0,4.0,4.0,8.0,Av. Sensorial,P1,2026-05
Benfica,2026-05-05,Almoço,PV,Cubo Suíno à Carioca,4.0,4.0,4.0,4.0,4.0,8.0,Av. Sensorial,B,2026-05
Benfica,2026-05-05,Almoço,PB,Isca de Frango com Ervas,4.0,4.0,4.0,4.0,4.0,8.0,Av. Sensorial,B,2026-05
Benfica,2026-05-05,Almoço,VEG,Vatapá Vegano,4.0,4.0,4.0,4.0,4.0,8.0,Av. Sensorial,B,2026-05
Benfica,2026-05-05,Jantar,PV,Carne Moída Refogada,4.0,4.0,4.0,4.0,4.0,8.0,Av. Sensorial,B,2026-05
Benfica,2026-05-05,Jantar,PB,Sobrecoxa Desossada,4.0,4.0,4.0,4.0,4.0,8.0,Av. Sensorial,B,2026-05
Benfica,2026-05-05,Jantar,VEG,Hambúrguer de Soja,4.0,4.0,4.0,4.0,4.0,8.0,Av. Sensorial,B,2026-05
Benfica,2026-05-06,Café,ESPECIAL,Ovos Mexidos,4.0,4.0,4.0,4.0,4.0,8.0,Av. Sensorial,B,2026-05
Benfica,2026-05-06,Café,ESPECIAL VEG,Pasta de Amendoim,4.0,4.0,4.0,4.0,4.0,8.0,Av. Sensorial,B,2026-05
Pici 2,2026-05-06,Café,ESPECIAL,Ovos Mexidos,4.0,4.0,4.0,4.0,4.0,8.0,Av. Sensorial,P2,2026-05
Pici 2,2026-05-06,Café,ESPECIAL VEG,Pasta de Amendoim,4.0,4.0,4.0,4.0,4.0,8.0,Av. Sensorial,P2,2026-05
Pici 2,2026-05-06,Café,ESPECIAL,Ovos Mexidos,4.0,4.0,4.0,4.0,4.0,8.0,Av. Sensorial,P2,2026-05
Pici 2,2026-05-06,Almoço,PV,Feijoada,4.0,4.0,4.0,4.0,4.0,8.0,Av. Sensorial,P2,2026-05
Pici 2,2026-05-06,Almoço,PB,Sobrecoxa com Gergelim,4.0,4.0,4.0,4.0,4.0,8.0,Av. Sensorial,P2,2026-05
Labomar,2026-05-05,Almoço,PV,Cubo Suíno à Carioca,4.0,4.0,4.0,4.0,4.0,8.0,Av. Sensorial,L,2026-05
Labomar,2026-05-05,Almoço,PB,Isca de Frango com Ervas,4.0,4.0,4.0,4.0,4.0,8.0,Av. Sensorial,L,2026-05
Labomar,2026-05-05,Almoço,VEG,Vatapá Vegano,4.0,4.0,4.0,4.0,4.0,8.0,Av. Sensorial,L,2026-05
Pici 1,2026-05-06,Almoço,PV,Feijoada,4.0,4.0,4.0,4.0,4.0,8.0,Av. Sensorial,P1,2026-05
Pici 1,2026-05-06,Almoço,PB,Sobrecoxa com Gergelim,4.0,4.0,4.0,4.0,4.0,8.0,Av. Sensorial,P1,2026-05
Pici 1,2026-05-06,Almoço,VEG,Moqueca Vegetariana,4.0,4.0,4.0,4.0,4.0,8.0,Av. Sensorial,P1,2026-05
Pici 1,2026-05-06,Almoço,PV,Feijoada,4.0,4.0,4.0,4.0,4.0,8.0,Av. Sensorial,P1,2026-05
Pici 1,2026-05-06,Almoço,PB,Sobrecoxa com Gergelim,4.0,4.0,4.0,4.0,4.0,8.0,Av. Sensorial,P1,2026-05
Pici 1,2026-05-06,Almoço,VEG,Moqueca Vegetariana,4.0,4.0,4.0,4.0,4.0,8.0,Av. Sensorial,P1,2026-05
Pici 2,2026-05-06,Almoço,PV,Feijoada,4.0,4.0,4.0,4.0,4.0,8.0,Av. Sensorial,P2,2026-05
Pici 2,2026-05-06,Almoço,PB,Sobrecoxa com Gergelim,4.0,4.0,4.0,4.0,4.0,8.0,Av. Sensorial,P2,2026-05
Pici 2,2026-05-06,Almoço,VEG,Moqueca Vegetariana,4.0,4.0,4.0,4.0,4.0,8.0,Av. Sensorial,P2,2026-05
Porangabussu,2026-05-06,Almoço,PV,Feijoada,4.0,4.0,4.0,4.0,4.0,8.0,Av. Sensorial,PO,2026-05
Porangabussu,2026-05-06,Almoço,PB,Sobrecoxa com Gergelim,4.0,4.0,4.0,4.0,4.0,8.0,Av. Sensorial,PO,2026-05
Porangabussu,2026-05-06,Almoço,VEG,Moqueca Vegetariana,4.0,4.0,4.0,4.0,4.0,8.0,Av. Sensorial,PO,2026-05
Porangabussu,2026-05-06,Almoço,PV,Feijoada,4.0,4.0,4.0,4.0,4.0,8.0,Av. Sensorial,PO,2026-05
Porangabussu,2026-05-06,Almoço,PB,Sobrecoxa com Gergelim,4.0,4.0,4.0,4.0,4.0,8.0,Av. Sensorial,PO,2026-05
Porangabussu,2026-05-06,Almoço,VEG,Moqueca Vegetariana,4.0,4.0,4.0,4.0,4.0,8.0,Av. Sensorial,PO,2026-05
Benfica,2026-05-06,Almoço,PV,Feijoada,4.0,4.0,4.0,4.0,4.0,8.0,Av. Sensorial,B,2026-05
Benfica,2026-05-06,Almoço,PB,Sobrecoxa com Gergelim,4.0,4.0,4.0,4.0,4.0,8.0,Av. Sensorial,B,2026-05
Benfica,2026-05-06,Almoço,VEG,Moqueca Vegetariana,4.0,4.0,4.0,4.0,4.0,8.0,Av. Sensorial,B,2026-05
Pici 1,2026-05-06,Jantar,PV,Isca de Carne ao M. Tomate,4.0,4.0,4.0,4.0,4.0,8.0,Av. Sensorial,P1,2026-05
Pici 1,2026-05-06,Jantar,PB,Cubos de Frango Acebolado,4.0,3.0,4.0,4.0,4.0,7.4,Av. Sensorial,P1,2026-05
Pici 1,2026-05-06,Jantar,VEG,Panqueca Vegana ao Molho Branco,4.0,4.0,4.0,4.0,4.0,8.0,Av. Sensorial,P1,2026-05
Benfica,2026-05-06,Almoço,PV,Feijoada,4.0,4.0,4.0,4.0,4.0,8.0,Av. Sensorial,B,2026-05
Benfica,2026-05-06,Almoço,PB,Sobrecoxa com Gergelim,4.0,4.0,4.0,4.0,4.0,8.0,Av. Sensorial,B,2026-05
Benfica,2026-05-06,Almoço,VEG,Moqueca Vegetariana,4.0,4.0,4.0,4.0,4.0,8.0,Av. Sensorial,B,2026-05
Benfica,2026-05-06,Jantar,PV,Isca de Carne ao M. Tomate,4.0,4.0,4.0,4.0,4.0,8.0,Av. Sensorial,B,2026-05
Benfica,2026-05-06,Jantar,PB,Cubos de Frango Acebolado,4.0,4.0,4.0,4.0,4.0,8.0,Av. Sensorial,B,2026-05
Benfica,2026-05-06,Jantar,VEG,Panqueca Vegana ao Molho Branco,4.0,4.0,4.0,4.0,4.0,8.0,Av. Sensorial,B,2026-05
Benfica,2026-05-07,Café,ESPECIAL,Iogurte ,4.0,4.0,4.0,4.0,4.0,8.0,Av. Sensorial,B,2026-05
Benfica,2026-05-07,Café,ESPECIAL VEG,Similar a Iogurte Vegano,4.0,4.0,4.0,4.0,4.0,8.0,Av. Sensorial,B,2026-05
Pici 2,2026-05-07,Café,ESPECIAL,Iogurte ,4.0,4.0,4.0,4.0,4.0,8.0,Av. Sensorial,P2,2026-05
Pici 2,2026-05-07,Café,ESPECIAL,Iogurte ,4.0,4.0,4.0,4.0,4.0,8.0,Av. Sensorial,P2,2026-05
Pici 2,2026-05-07,Café,ESPECIAL VEG,Similar a Iogurte Vegano,4.0,4.0,4.0,4.0,4.0,8.0,Av. Sensorial,P2,2026-05
Pici 2,2026-05-07,Almoço,PV,Carne Moída Refogada,4.0,4.0,4.0,4.0,4.0,8.0,Av. Sensorial,P2,2026-05
Pici 2,2026-05-07,Almoço,PB,Estrogonofe de Frango,4.0,4.0,4.0,4.0,4.0,8.0,Av. Sensorial,P2,2026-05
Pici 2,2026-05-07,Almoço,VEG,Refogado de Lentilha,4.0,4.0,4.0,4.0,4.0,8.0,Av. Sensorial,P2,2026-05
Pici 1,2026-05-07,Almoço,PV,Carne Moída Refogada,4.0,4.0,4.0,4.0,4.0,8.0,Av. Sensorial,P1,2026-05
Pici 1,2026-05-07,Almoço,VEG,Refogado de Lentilha,4.0,4.0,4.0,4.0,4.0,8.0,Av. Sensorial,P1,2026-05
Pici 1,2026-05-07,Almoço,PV,Carne Moída Refogada,4.0,4.0,4.0,4.0,4.0,8.0,Av. Sensorial,P1,2026-05
Pici 1,2026-05-07,Almoço,PB,Estrogonofe de Frango,4.0,4.0,4.0,4.0,4.0,8.0,Av. Sensorial,P1,2026-05
Pici 1,2026-05-07,Almoço,VEG,Refogado de Lentilha,4.0,4.0,4.0,4.0,4.0,8.0,Av. Sensorial,P1,2026-05
Pici 1,2026-05-07,Almoço,PV,Carne Moída Refogada,4.0,4.0,4.0,4.0,4.0,8.0,Av. Sensorial,P1,2026-05
Pici 1,2026-05-07,Almoço,PB,Estrogonofe de Frango,3.0,3.0,4.0,4.0,4.0,6.8,Av. Sensorial,P1,2026-05
Pici 1,2026-05-07,Almoço,VEG,Refogado de Lentilha,4.0,4.0,4.0,4.0,4.0,8.0,Av. Sensorial,P1,2026-05
Pici 2,2026-05-07,Almoço,PV,Carne Moída Refogada,4.0,4.0,4.0,4.0,4.0,8.0,Av. Sensorial,P2,2026-05
Pici 2,2026-05-07,Almoço,PB,Estrogonofe de Frango,4.0,4.0,4.0,4.0,4.0,8.0,Av. Sensorial,P2,2026-05
Pici 2,2026-05-07,Almoço,VEG,Refogado de Lentilha,4.0,4.0,4.0,4.0,4.0,8.0,Av. Sensorial,P2,2026-05
Benfica,2026-05-07,Almoço,PV,Carne Moída Refogada,4.0,4.0,4.0,4.0,4.0,8.0,Av. Sensorial,B,2026-05
Benfica,2026-05-07,Almoço,PB,Estrogonofe de Frango,4.0,3.0,4.0,4.0,4.0,7.4,Av. Sensorial,B,2026-05
Benfica,2026-05-07,Almoço,VEG,Refogado de Lentilha,4.0,3.0,4.0,4.0,4.0,7.6,Av. Sensorial,B,2026-05
Benfica,2026-05-07,Almoço,PV,Carne Moída Refogada,4.0,4.0,4.0,4.0,4.0,8.0,Av. Sensorial,B,2026-05
Benfica,2026-05-07,Almoço,PB,Estrogonofe de Frango,3.0,4.0,4.0,4.0,4.0,7.4,Av. Sensorial,B,2026-05
Benfica,2026-05-07,Almoço,VEG,Refogado de Lentilha,4.0,4.0,4.0,4.0,4.0,8.0,Av. Sensorial,B,2026-05
Porangabussu,2026-05-07,Almoço,PV,Carne Moída Refogada,4.0,4.0,4.0,4.0,4.0,8.0,Av. Sensorial,PO,2026-05
Porangabussu,2026-05-07,Almoço,PB,Estrogonofe de Frango,4.0,4.0,4.0,4.0,4.0,8.0,Av. Sensorial,PO,2026-05
Porangabussu,2026-05-07,Almoço,VEG,Refogado de Lentilha,3.0,3.0,3.0,4.0,3.0,6.2,Av. Sensorial,PO,2026-05
Pici 1,2026-05-07,Jantar,PV,Cubos de Carne ao M. Madeira,3.0,3.0,4.0,4.0,4.0,6.8,Av. Sensorial,P1,2026-05
Pici 1,2026-05-07,Jantar,PB,Peixe à Delícia,4.0,4.0,4.0,4.0,4.0,8.0,Av. Sensorial,P1,2026-05
Pici 1,2026-05-07,Jantar,VEG,Suflê de Legumes,4.0,4.0,4.0,4.0,4.0,8.0,Av. Sensorial,P1,2026-05
Benfica,2026-05-07,Jantar,PV,Cubos de Carne ao M. Madeira,3.0,3.0,4.0,4.0,3.0,6.6,Av. Sensorial,B,2026-05
Benfica,2026-05-07,Jantar,PB,Peixe à Delícia,4.0,4.0,4.0,4.0,4.0,8.0,Av. Sensorial,B,2026-05
Benfica,2026-05-07,Jantar,VEG,Suflê de Legumes,4.0,4.0,3.0,4.0,4.0,7.4,Av. Sensorial,B,2026-05
Benfica,2026-05-08,Café,ESPECIAL,Frango Desfiado,4.0,4.0,4.0,4.0,4.0,8.0,Av. Sensorial,B,2026-05
Benfica,2026-05-08,Café,ESPECIAL VEG,Geleia,4.0,4.0,4.0,4.0,4.0,8.0,Av. Sensorial,B,2026-05
Pici 2,2026-05-08,Café,ESPECIAL,Frango Desfiado,4.0,4.0,4.0,4.0,4.0,8.0,Av. Sensorial,P2,2026-05
Pici 2,2026-05-08,Café,ESPECIAL,Frango Desfiado,4.0,4.0,4.0,4.0,4.0,8.0,Av. Sensorial,P2,2026-05
Pici 2,2026-05-08,Café,ESPECIAL VEG,Geleia,4.0,4.0,4.0,4.0,4.0,8.0,Av. Sensorial,P2,2026-05
Benfica,2026-05-08,Almoço,PV,Carne de Sol Acebolada,4.0,4.0,4.0,4.0,4.0,8.0,Av. Sensorial,B,2026-05
Benfica,2026-05-08,Almoço,PB,Sobrecoxa Assada,4.0,4.0,4.0,4.0,4.0,8.0,Av. Sensorial,B,2026-05
Benfica,2026-05-08,Almoço,VEG,Assado de Grão de Bico com Legumes,4.0,4.0,4.0,4.0,4.0,8.0,Av. Sensorial,B,2026-05
Benfica,2026-05-08,Almoço,PV,Carne de Sol Acebolada,4.0,4.0,4.0,4.0,4.0,8.0,Av. Sensorial,B,2026-05
Benfica,2026-05-08,Almoço,PB,Sobrecoxa Assada,4.0,4.0,4.0,4.0,4.0,8.0,Av. Sensorial,B,2026-05
Benfica,2026-05-08,Almoço,VEG,Assado de Grão de Bico com Legumes,4.0,4.0,4.0,4.0,4.0,8.0,Av. Sensorial,B,2026-05
Pici 1,2026-05-08,Almoço,PV,Carne de Sol Acebolada,4.0,4.0,4.0,4.0,4.0,8.0,Av. Sensorial,P1,2026-05
Pici 1,2026-05-08,Almoço,PB,Sobrecoxa Assada,4.0,4.0,4.0,4.0,4.0,8.0,Av. Sensorial,P1,2026-05
Pici 1,2026-05-08,Almoço,VEG,Assado de Grão de Bico com Legumes,4.0,4.0,4.0,4.0,4.0,8.0,Av. Sensorial,P1,2026-05
Porangabussu,2026-05-08,Almoço,PV,Carne de Sol Acebolada,4.0,4.0,4.0,4.0,4.0,8.0,Av. Sensorial,PO,2026-05
Porangabussu,2026-05-08,Almoço,PB,Sobrecoxa Assada,4.0,4.0,4.0,4.0,4.0,8.0,Av. Sensorial,PO,2026-05
Porangabussu,2026-05-08,Almoço,VEG,Assado de Grão de Bico com Legumes,3.0,3.0,3.0,4.0,3.0,6.2,Av. Sensorial,PO,2026-05
Pici 1,2026-05-08,Almoço,PV,Carne de Sol Acebolada,4.0,3.0,3.0,4.0,4.0,7.0,Av. Sensorial,P1,2026-05
Pici 1,2026-05-08,Almoço,PB,Sobrecoxa Assada,4.0,4.0,3.0,4.0,4.0,7.6,Av. Sensorial,P1,2026-05
Pici 1,2026-05-08,Almoço,VEG,Assado de Grão de Bico com Legumes,4.0,4.0,4.0,4.0,4.0,8.0,Av. Sensorial,P1,2026-05
Pici 1,2026-05-08,Almoço,PV,Carne de Sol Acebolada,4.0,4.0,4.0,4.0,4.0,8.0,Av. Sensorial,P1,2026-05
Pici 2,2026-05-08,Almoço,PV,Carne de Sol Acebolada,4.0,4.0,4.0,4.0,4.0,8.0,Av. Sensorial,P2,2026-05
Pici 2,2026-05-08,Almoço,PB,Sobrecoxa Assada,4.0,4.0,4.0,4.0,4.0,8.0,Av. Sensorial,P2,2026-05
Pici 2,2026-05-08,Almoço,VEG,Assado de Grão de Bico com Legumes,4.0,4.0,4.0,4.0,4.0,8.0,Av. Sensorial,P2,2026-05
Pici 2,2026-05-08,Almoço,PV,Carne de Sol Acebolada,4.0,4.0,4.0,4.0,4.0,8.0,Av. Sensorial,P2,2026-05
Benfica,2026-05-08,Jantar,PV,Torta de Calabresa,3.0,4.0,3.0,4.0,3.0,6.8,Av. Sensorial,B,2026-05
Benfica,2026-05-08,Jantar,PB,Cubos de Frango ao M. Escuro,4.0,4.0,4.0,4.0,4.0,8.0,Av. Sensorial,B,2026-05
Benfica,2026-05-08,Jantar,VEG,Torta de Legumes,4.0,4.0,4.0,4.0,4.0,8.0,Av. Sensorial,B,2026-05
Pici 1,2026-05-08,Jantar,PV,Torta de Calabresa,3.0,4.0,3.0,4.0,3.0,6.8,Av. Sensorial,P1,2026-05
Pici 1,2026-05-08,Jantar,PB,Cubos de Frango ao M. Escuro,4.0,4.0,4.0,4.0,4.0,8.0,Av. Sensorial,P1,2026-05
Pici 1,2026-05-08,Jantar,VEG,Torta de Legumes,4.0,4.0,4.0,4.0,4.0,8.0,Av. Sensorial,P1,2026-05
Labomar,2026-05-08,Almoço,PV,Carne de Sol Acebolada,4.0,4.0,4.0,4.0,4.0,8.0,Av. Sensorial,L,2026-05
Labomar,2026-05-08,Almoço,PB,Sobrecoxa Assada,4.0,4.0,4.0,4.0,4.0,8.0,Av. Sensorial,L,2026-05
Labomar,2026-05-08,Almoço,VEG,Assado de Grão de Bico com Legumes,4.0,4.0,4.0,4.0,4.0,8.0,Av. Sensorial,L,2026-05
Benfica,2026-05-11,Café,ESPECIAL,Mingau ,4.0,4.0,4.0,4.0,4.0,8.0,Av. Sensorial,B,2026-05
Benfica,2026-05-11,Café,ESPECIAL VEG,Achocolatado vegano ,4.0,4.0,4.0,4.0,4.0,8.0,Av. Sensorial,B,2026-05
Pici 2,2026-05-11,Café,ESPECIAL,Mingau ,4.0,4.0,4.0,4.0,4.0,8.0,Av. Sensorial,P2,2026-05
Pici 2,2026-05-11,Café,ESPECIAL VEG,Achocolatado vegano ,4.0,4.0,4.0,4.0,4.0,8.0,Av. Sensorial,P2,2026-05
Pici 1,2026-05-11,Almoço,PV,Estrogonofe de Carne,3.0,3.0,3.0,4.0,3.0,6.2,Av. Sensorial,P1,2026-05
Pici 1,2026-05-11,Almoço,PB,Cubos de Frango com Ervas,4.0,4.0,4.0,4.0,4.0,8.0,Av. Sensorial,P1,2026-05
Pici 1,2026-05-11,Almoço,VEG,Risoto de Lentilha,4.0,4.0,4.0,4.0,4.0,8.0,Av. Sensorial,P1,2026-05
Benfica,2026-05-11,Almoço,PV,Estrogonofe de Carne,3.0,3.0,3.0,4.0,3.0,6.2,Av. Sensorial,B,2026-05
Benfica,2026-05-11,Almoço,PB,Cubos de Frango com Ervas,4.0,3.0,3.0,4.0,3.0,6.8,Av. Sensorial,B,2026-05
Benfica,2026-05-11,Almoço,VEG,Risoto de Lentilha,4.0,4.0,4.0,4.0,4.0,8.0,Av. Sensorial,B,2026-05
Pici 2,2026-05-11,Almoço,PV,Estrogonofe de Carne,4.0,4.0,4.0,4.0,4.0,8.0,Av. Sensorial,P2,2026-05
Pici 2,2026-05-11,Almoço,PB,Cubos de Frango com Ervas,4.0,4.0,4.0,4.0,4.0,8.0,Av. Sensorial,P2,2026-05
Pici 2,2026-05-11,Almoço,VEG,Risoto de Lentilha,4.0,3.0,4.0,4.0,4.0,7.6,Av. Sensorial,P2,2026-05
Pici 2,2026-05-11,Almoço,PV,Estrogonofe de Carne,4.0,4.0,4.0,4.0,4.0,8.0,Av. Sensorial,P2,2026-05
Pici 2,2026-05-11,Almoço,PB,Cubos de Frango com Ervas,4.0,4.0,4.0,4.0,4.0,8.0,Av. Sensorial,P2,2026-05
Pici 2,2026-05-11,Almoço,VEG,Risoto de Lentilha,4.0,4.0,4.0,4.0,4.0,8.0,Av. Sensorial,P2,2026-05
Pici 1,2026-05-11,Almoço,PV,Estrogonofe de Carne,3.0,3.0,4.0,4.0,4.0,6.8,Av. Sensorial,P1,2026-05
Pici 1,2026-05-11,Almoço,PB,Cubos de Frango com Ervas,4.0,3.0,4.0,4.0,4.0,7.4,Av. Sensorial,P1,2026-05
Pici 1,2026-05-11,Almoço,VEG,Risoto de Lentilha,4.0,4.0,4.0,4.0,4.0,8.0,Av. Sensorial,P1,2026-05
Porangabussu,2026-05-11,Almoço,PV,Estrogonofe de Carne,3.0,3.0,4.0,4.0,4.0,6.8,Av. Sensorial,PO,2026-05
Porangabussu,2026-05-11,Almoço,PB,Cubos de Frango com Ervas,4.0,4.0,4.0,4.0,4.0,8.0,Av. Sensorial,PO,2026-05
Porangabussu,2026-05-11,Almoço,VEG,Risoto de Lentilha,4.0,4.0,3.0,4.0,4.0,7.4,Av. Sensorial,PO,2026-05
Porangabussu,2026-05-11,Almoço,PV,Estrogonofe de Carne,4.0,3.0,3.0,4.0,4.0,7.0,Av. Sensorial,PO,2026-05
Porangabussu,2026-05-11,Almoço,PB,Cubos de Frango com Ervas,4.0,3.0,4.0,4.0,4.0,7.4,Av. Sensorial,PO,2026-05
Porangabussu,2026-05-11,Almoço,VEG,Risoto de Lentilha,3.0,3.0,3.0,4.0,3.0,6.2,Av. Sensorial,PO,2026-05
Benfica,2026-05-11,Almoço,PV,Estrogonofe de Carne,3.0,3.0,3.0,4.0,4.0,6.4,Av. Sensorial,B,2026-05
Benfica,2026-05-11,Almoço,PB,Cubos de Frango com Ervas,3.0,3.0,3.0,4.0,3.0,6.2,Av. Sensorial,B,2026-05
Benfica,2026-05-11,Almoço,VEG,Risoto de Lentilha,4.0,4.0,4.0,4.0,4.0,8.0,Av. Sensorial,B,2026-05
Benfica,2026-05-11,Jantar,PV,Isca de Carne Acebolada,4.0,4.0,4.0,4.0,4.0,8.0,Av. Sensorial,B,2026-05
Benfica,2026-05-11,Jantar,PB,Sobrecoxa ao M. de Legumes,4.0,4.0,4.0,4.0,4.0,8.0,Av. Sensorial,B,2026-05
Benfica,2026-05-11,Jantar,VEG,Rocambole de Grão de Bico,4.0,4.0,4.0,4.0,4.0,8.0,Av. Sensorial,B,2026-05
Pici 1,2026-05-11,Jantar,PV,Isca de Carne Acebolada,4.0,4.0,4.0,4.0,4.0,8.0,Av. Sensorial,P1,2026-05
Pici 1,2026-05-11,Jantar,PB,Sobrecoxa ao M. de Legumes,4.0,4.0,4.0,4.0,4.0,8.0,Av. Sensorial,P1,2026-05
Pici 1,2026-05-11,Jantar,VEG,Rocambole de Grão de Bico,4.0,4.0,4.0,4.0,4.0,8.0,Av. Sensorial,P1,2026-05
Pici 2,2026-05-12,Café,ESPECIAL,Queijo ,4.0,4.0,4.0,4.0,4.0,8.0,Av. Sensorial,P2,2026-05
Pici 1,2026-05-12,Almoço,PV,Suíno ao Molho Barbecue,4.0,4.0,4.0,3.0,4.0,7.8,Av. Sensorial,P1,2026-05
Pici 1,2026-05-12,Almoço,PB,Cubos de Frango Acebolado,4.0,3.0,3.0,4.0,3.0,6.8,Av. Sensorial,P1,2026-05
Pici 1,2026-05-12,Almoço,VEG,Soja Nordestina,4.0,3.0,3.0,4.0,3.0,6.8,Av. Sensorial,P1,2026-05
Pici 1,2026-05-12,Almoço,PV,Suíno ao Molho Barbecue,5.0,4.0,4.0,3.0,4.0,8.4,Av. Sensorial,P1,2026-05
Pici 1,2026-05-12,Almoço,PB,Cubos de Frango Acebolado,4.0,3.0,4.0,4.0,4.0,7.4,Av. Sensorial,P1,2026-05
Pici 1,2026-05-12,Almoço,VEG,Soja Nordestina,4.0,3.0,2.0,4.0,3.0,6.2,Av. Sensorial,P1,2026-05
Pici 2,2026-05-12,Café,ESPECIAL,Queijo ,4.0,4.0,4.0,4.0,4.0,8.0,Av. Sensorial,P2,2026-05
Pici 2,2026-05-12,Café,ESPECIAL VEG,Granola,4.0,4.0,4.0,4.0,4.0,8.0,Av. Sensorial,P2,2026-05
Pici 2,2026-05-12,Almoço,PV,Suíno ao Molho Barbecue,4.0,4.0,4.0,4.0,4.0,8.0,Av. Sensorial,P2,2026-05
Pici 2,2026-05-12,Almoço,PB,Cubos de Frango Acebolado,4.0,4.0,4.0,4.0,4.0,8.0,Av. Sensorial,P2,2026-05
Pici 2,2026-05-12,Almoço,VEG,Soja Nordestina,4.0,4.0,4.0,4.0,4.0,8.0,Av. Sensorial,P2,2026-05
Pici 2,2026-05-12,Almoço,PV,Suíno ao Molho Barbecue,4.0,4.0,4.0,4.0,4.0,8.0,Av. Sensorial,P2,2026-05
Pici 2,2026-05-12,Almoço,PB,Cubos de Frango Acebolado,4.0,4.0,4.0,4.0,4.0,8.0,Av. Sensorial,P2,2026-05
Pici 2,2026-05-12,Almoço,VEG,Soja Nordestina,4.0,4.0,4.0,4.0,4.0,8.0,Av. Sensorial,P2,2026-05
Benfica,2026-05-12,Almoço,PV,Suíno ao Molho Barbecue,4.0,3.0,3.0,4.0,3.0,6.8,Av. Sensorial,B,2026-05
Benfica,2026-05-12,Almoço,PB,Cubos de Frango Acebolado,4.0,3.0,3.0,4.0,3.0,6.8,Av. Sensorial,B,2026-05
Benfica,2026-05-12,Almoço,VEG,Soja Nordestina,4.0,4.0,4.0,4.0,4.0,8.0,Av. Sensorial,B,2026-05
Porangabussu,2026-05-12,Almoço,PV,Suíno ao Molho Barbecue,2.0,3.0,4.0,4.0,3.0,6.0,Av. Sensorial,PO,2026-05
Porangabussu,2026-05-12,Almoço,PB,Cubos de Frango Acebolado,3.0,4.0,3.0,4.0,3.0,6.8,Av. Sensorial,PO,2026-05
Porangabussu,2026-05-12,Almoço,VEG,Soja Nordestina,4.0,4.0,3.0,4.0,4.0,7.4,Av. Sensorial,PO,2026-05
Porangabussu,2026-05-12,Almoço,PV,Suíno ao Molho Barbecue,3.0,3.0,3.0,4.0,3.0,6.2,Av. Sensorial,PO,2026-05
Porangabussu,2026-05-12,Almoço,PB,Cubos de Frango Acebolado,3.0,3.0,4.0,4.0,4.0,6.8,Av. Sensorial,PO,2026-05
Porangabussu,2026-05-12,Almoço,VEG,Soja Nordestina,4.0,4.0,3.0,4.0,4.0,7.4,Av. Sensorial,PO,2026-05
Benfica,2026-05-12,Café,ESPECIAL,Queijo ,4.0,4.0,4.0,4.0,4.0,8.0,Av. Sensorial,B,2026-05
Benfica,2026-05-12,Café,ESPECIAL VEG,Granola,4.0,4.0,4.0,4.0,4.0,8.0,Av. Sensorial,B,2026-05
Pici 1,2026-05-12,Almoço,PV,Suíno ao Molho Barbecue,4.0,4.0,4.0,4.0,4.0,8.0,Av. Sensorial,P1,2026-05
Pici 1,2026-05-12,Almoço,PB,Cubos de Frango Acebolado,4.0,4.0,4.0,4.0,4.0,8.0,Av. Sensorial,P1,2026-05
Pici 1,2026-05-12,Almoço,VEG,Soja Nordestina,4.0,4.0,3.0,4.0,4.0,7.4,Av. Sensorial,P1,2026-05
Pici 1,2026-05-12,Jantar,PV,Carne Moída Refogada,4.0,4.0,4.0,4.0,4.0,8.0,Av. Sensorial,P1,2026-05
Pici 1,2026-05-12,Jantar,PB,Frango Xadrez,4.0,4.0,4.0,4.0,4.0,8.0,Av. Sensorial,P1,2026-05
Pici 1,2026-05-12,Jantar,VEG,Bobó de Legumes,4.0,4.0,4.0,4.0,4.0,8.0,Av. Sensorial,P1,2026-05
Benfica,2026-05-12,Almoço,PV,Suíno ao Molho Barbecue,3.0,3.0,3.0,4.0,3.0,6.2,Av. Sensorial,B,2026-05
Benfica,2026-05-12,Almoço,PB,Cubos de Frango Acebolado,4.0,4.0,4.0,4.0,4.0,8.0,Av. Sensorial,B,2026-05
Benfica,2026-05-12,Almoço,VEG,Soja Nordestina,4.0,4.0,4.0,4.0,4.0,8.0,Av. Sensorial,B,2026-05
Benfica,2026-05-12,Jantar,PV,Carne Moída Refogada,3.0,4.0,4.0,4.0,4.0,7.4,Av. Sensorial,B,2026-05
Benfica,2026-05-12,Jantar,PB,Frango Xadrez,4.0,4.0,4.0,4.0,4.0,8.0,Av. Sensorial,B,2026-05
Benfica,2026-05-12,Jantar,VEG,Bobó de Legumes,4.0,4.0,4.0,4.0,4.0,8.0,Av. Sensorial,B,2026-05
Benfica,2026-05-13,Café,ESPECIAL,Ovos Mexidos,4.0,4.0,4.0,4.0,4.0,8.0,Av. Sensorial,B,2026-05
Benfica,2026-05-13,Café,ESPECIAL VEG,Pasta de Amendoim,4.0,4.0,4.0,4.0,4.0,8.0,Av. Sensorial,B,2026-05
Pici 2,2026-05-13,Café,ESPECIAL,Ovos Mexidos,4.0,4.0,4.0,4.0,4.0,8.0,Av. Sensorial,P2,2026-05
Pici 2,2026-05-13,Café,ESPECIAL VEG,Pasta de Amendoim,4.0,4.0,4.0,4.0,4.0,8.0,Av. Sensorial,P2,2026-05
Pici 2,2026-05-13,Café,ESPECIAL,Ovos Mexidos,4.0,4.0,4.0,4.0,4.0,8.0,Av. Sensorial,P2,2026-05
Benfica,2026-05-13,Almoço,PV,Feijoada,3.0,3.0,4.0,4.0,3.0,6.6,Av. Sensorial,B,2026-05
Benfica,2026-05-13,Almoço,PB,Sobrecoxa Assada,3.0,4.0,4.0,4.0,4.0,7.4,Av. Sensorial,B,2026-05
Benfica,2026-05-13,Almoço,VEG,Feijoada Vegetariana,3.0,3.0,3.0,4.0,3.0,6.2,Av. Sensorial,B,2026-05
Pici 1,2026-05-12,Jantar,PV,Carne Moída Refogada,4.0,4.0,4.0,4.0,4.0,8.0,Av. Sensorial,P1,2026-05
Pici 1,2026-05-12,Jantar,PB,Frango Xadrez,4.0,4.0,4.0,4.0,4.0,8.0,Av. Sensorial,P1,2026-05
Pici 1,2026-05-12,Jantar,VEG,Bobó de Legumes,4.0,4.0,4.0,4.0,4.0,8.0,Av. Sensorial,P1,2026-05
Pici 1,2026-05-13,Almoço,PV,Feijoada,4.0,4.0,4.0,4.0,4.0,8.0,Av. Sensorial,P1,2026-05
Pici 1,2026-05-13,Almoço,PB,Sobrecoxa Assada,4.0,4.0,4.0,4.0,4.0,8.0,Av. Sensorial,P1,2026-05
Pici 1,2026-05-13,Almoço,PB,Sobrecoxa Assada,4.0,4.0,4.0,4.0,4.0,8.0,Av. Sensorial,P1,2026-05
Pici 1,2026-05-13,Almoço,VEG,Feijoada Vegetariana,3.0,3.0,3.0,4.0,3.0,6.2,Av. Sensorial,P1,2026-05
Pici 2,2026-05-13,Almoço,PV,Feijoada,4.0,4.0,4.0,4.0,4.0,8.0,Av. Sensorial,P2,2026-05
Pici 2,2026-05-13,Almoço,PB,Sobrecoxa Assada,4.0,4.0,4.0,4.0,4.0,8.0,Av. Sensorial,P2,2026-05
Pici 2,2026-05-13,Almoço,VEG,Feijoada Vegetariana,4.0,4.0,4.0,4.0,4.0,8.0,Av. Sensorial,P2,2026-05
Porangabussu,2026-05-13,Almoço,PV,Feijoada,4.0,4.0,4.0,4.0,4.0,8.0,Av. Sensorial,PO,2026-05
Porangabussu,2026-05-13,Almoço,PB,Sobrecoxa Assada,4.0,4.0,4.0,4.0,4.0,8.0,Av. Sensorial,PO,2026-05
Porangabussu,2026-05-13,Almoço,VEG,Feijoada Vegetariana,4.0,4.0,3.0,4.0,4.0,7.4,Av. Sensorial,PO,2026-05
Porangabussu,2026-05-13,Almoço,PV,Feijoada,4.0,4.0,4.0,4.0,4.0,8.0,Av. Sensorial,PO,2026-05
Porangabussu,2026-05-13,Almoço,PB,Sobrecoxa Assada,4.0,4.0,4.0,4.0,4.0,8.0,Av. Sensorial,PO,2026-05
Porangabussu,2026-05-13,Almoço,VEG,Feijoada Vegetariana,4.0,4.0,3.0,4.0,4.0,7.4,Av. Sensorial,PO,2026-05
Pici 2,2026-05-13,Almoço,PV,Feijoada,4.0,4.0,4.0,4.0,4.0,8.0,Av. Sensorial,P2,2026-05
Pici 2,2026-05-13,Almoço,PB,Sobrecoxa Assada,4.0,4.0,4.0,4.0,4.0,8.0,Av. Sensorial,P2,2026-05
Pici 2,2026-05-13,Almoço,VEG,Feijoada Vegetariana,4.0,4.0,4.0,4.0,4.0,8.0,Av. Sensorial,P2,2026-05
Pici 1,2026-05-13,Jantar,PV,Picadinho com Legumes,3.0,4.0,4.0,4.0,4.0,7.4,Av. Sensorial,P1,2026-05
Pici 1,2026-05-13,Jantar,PB,Vatapá de Frango,4.0,4.0,4.0,4.0,4.0,8.0,Av. Sensorial,P1,2026-05
Pici 1,2026-05-13,Jantar,VEG,Bolo Salgado Vegano,4.0,4.0,4.0,4.0,4.0,8.0,Av. Sensorial,P1,2026-05
Pici 1,2026-05-13,Jantar,PV,Picadinho com Legumes,4.0,4.0,4.0,4.0,4.0,8.0,Av. Sensorial,P1,2026-05
Pici 1,2026-05-13,Jantar,PB,Vatapá de Frango,4.0,4.0,5.0,4.0,4.0,8.4,Av. Sensorial,P1,2026-05
Pici 1,2026-05-13,Jantar,VEG,Bolo Salgado Vegano,4.0,4.0,4.0,4.0,4.0,8.0,Av. Sensorial,P1,2026-05
Benfica,2026-05-13,Almoço,PV,Feijoada,4.0,4.0,4.0,4.0,4.0,8.0,Av. Sensorial,B,2026-05
Benfica,2026-05-13,Almoço,PB,Sobrecoxa Assada,4.0,4.0,4.0,4.0,4.0,8.0,Av. Sensorial,B,2026-05
Benfica,2026-05-13,Almoço,VEG,Feijoada Vegetariana,4.0,4.0,4.0,4.0,4.0,8.0,Av. Sensorial,B,2026-05
Benfica,2026-05-13,Jantar,PV,Picadinho com Legumes,3.0,3.0,4.0,4.0,4.0,6.8,Av. Sensorial,B,2026-05
Benfica,2026-05-13,Jantar,PB,Vatapá de Frango,4.0,4.0,4.0,4.0,4.0,8.0,Av. Sensorial,B,2026-05
Benfica,2026-05-13,Jantar,VEG,Bolo Salgado Vegano,4.0,4.0,4.0,4.0,4.0,8.0,Av. Sensorial,B,2026-05
Labomar,2026-05-12,Almoço,PV,Suíno ao Molho Barbecue,4.0,4.0,4.0,4.0,4.0,8.0,Av. Sensorial,L,2026-05
Labomar,2026-05-12,Almoço,PB,Cubos de Frango Acebolado,4.0,4.0,4.0,4.0,4.0,8.0,Av. Sensorial,L,2026-05
Labomar,2026-05-12,Almoço,VEG,Soja Nordestina,4.0,4.0,4.0,4.0,4.0,8.0,Av. Sensorial,L,2026-05
Labomar,2026-05-13,Almoço,PV,Feijoada,4.0,4.0,4.0,4.0,4.0,8.0,Av. Sensorial,L,2026-05
Labomar,2026-05-13,Almoço,PB,Sobrecoxa Assada,4.0,4.0,4.0,4.0,4.0,8.0,Av. Sensorial,L,2026-05
Labomar,2026-05-13,Almoço,VEG,Feijoada Vegetariana,4.0,4.0,4.0,4.0,4.0,8.0,Av. Sensorial,L,2026-05
Benfica,2026-05-14,Café,ESPECIAL,Iogurte ,,,,,,0.0,Av. Sensorial,B,2026-05
Benfica,2026-05-14,Café,ESPECIAL VEG,Similar a Iogurte Vegano,,,,,,0.0,Av. Sensorial,B,2026-05
Pici 2,2026-05-14,Café,ESPECIAL,Iogurte ,4.0,4.0,4.0,4.0,4.0,8.0,Av. Sensorial,P2,2026-05
Benfica,2026-05-14,Almoço,PV,Isca de Carne ao M. Tomate,3.0,3.0,3.0,4.0,4.0,6.4,Av. Sensorial,B,2026-05
Benfica,2026-05-14,Almoço,PB,Peixe à Delícia,4.0,4.0,4.0,4.0,4.0,8.0,Av. Sensorial,B,2026-05
Benfica,2026-05-14,Almoço,VEG,Soja à Bolonhesa,4.0,4.0,3.0,4.0,4.0,7.4,Av. Sensorial,B,2026-05
Pici 2,2026-05-14,Café,ESPECIAL,Iogurte ,4.0,4.0,4.0,4.0,4.0,8.0,Av. Sensorial,P2,2026-05
Pici 2,2026-05-14,Café,ESPECIAL VEG,Similar a Iogurte Vegano,4.0,4.0,3.0,4.0,4.0,7.428571428571429,Av. Sensorial,P2,2026-05
Pici 2,2026-05-14,Almoço,PV,Isca de Carne ao M. Tomate,3.0,4.0,3.0,4.0,4.0,7.0,Av. Sensorial,P2,2026-05
Pici 2,2026-05-14,Almoço,PB,Peixe à Delícia,4.0,4.0,4.0,4.0,4.0,8.0,Av. Sensorial,P2,2026-05
Pici 2,2026-05-14,Almoço,VEG,Soja à Bolonhesa,4.0,4.0,4.0,4.0,4.0,8.0,Av. Sensorial,P2,2026-05
Pici 1,2026-05-14,Almoço,PV,Isca de Carne ao M. Tomate,4.0,4.0,3.0,4.0,3.0,7.4,Av. Sensorial,P1,2026-05
Pici 1,2026-05-14,Almoço,PB,Peixe à Delícia,3.0,3.0,3.0,4.0,3.0,6.2,Av. Sensorial,P1,2026-05
Pici 1,2026-05-14,Almoço,VEG,Soja à Bolonhesa,4.0,4.0,3.0,4.0,3.0,7.2,Av. Sensorial,P1,2026-05
Pici 1,2026-05-14,Almoço,PV,Isca de Carne ao M. Tomate,4.0,4.0,3.0,4.0,3.0,7.4,Av. Sensorial,P1,2026-05
Pici 1,2026-05-14,Almoço,PB,Peixe à Delícia,3.0,4.0,3.0,4.0,3.0,6.8,Av. Sensorial,P1,2026-05
Pici 1,2026-05-14,Almoço,VEG,Soja à Bolonhesa,4.0,4.0,3.0,4.0,4.0,7.4,Av. Sensorial,P1,2026-05
Pici 1,2026-05-14,Almoço,PV,Isca de Carne ao M. Tomate,2.0,3.0,3.0,3.0,3.0,5.4,Av. Sensorial,P1,2026-05
Pici 1,2026-05-14,Almoço,PB,Peixe à Delícia,4.0,4.0,3.0,4.0,3.0,7.4,Av. Sensorial,P1,2026-05
Pici 1,2026-05-14,Almoço,VEG,Soja à Bolonhesa,4.0,4.0,3.0,3.0,4.0,7.2,Av. Sensorial,P1,2026-05
Porangabussu,2026-05-14,Almoço,PV,Isca de Carne ao M. Tomate,,,,,,0.0,Av. Sensorial,PO,2026-05
Porangabussu,2026-05-14,Almoço,PB,Peixe à Delícia,,,,,,0.0,Av. Sensorial,PO,2026-05
Porangabussu,2026-05-14,Almoço,VEG,Soja à Bolonhesa,,,,,,0.0,Av. Sensorial,PO,2026-05
Porangabussu,2026-05-14,Almoço,PV,Isca de Carne ao M. Tomate,3.0,3.0,3.0,4.0,3.0,6.2,Av. Sensorial,PO,2026-05
Porangabussu,2026-05-14,Almoço,PB,Peixe à Delícia,4.0,4.0,3.0,4.0,4.0,7.6,Av. Sensorial,PO,2026-05
Porangabussu,2026-05-14,Almoço,VEG,Soja à Bolonhesa,4.0,4.0,3.0,4.0,4.0,7.4,Av. Sensorial,PO,2026-05
Pici 1,2026-05-14,Jantar,PV,Calabresa à Carioca,4.0,4.0,3.0,4.0,4.0,7.6,Av. Sensorial,P1,2026-05
Pici 1,2026-05-14,Jantar,PB,Cubos de Frango à Chinesa,4.0,4.0,4.0,4.0,4.0,8.0,Av. Sensorial,P1,2026-05
Pici 1,2026-05-14,Jantar,VEG,Vatapá Vegano,4.0,4.0,4.0,4.0,4.0,8.0,Av. Sensorial,P1,2026-05
Pici 1,2026-05-14,Jantar,PV,Calabresa à Carioca,4.0,4.0,2.0,4.0,3.0,7.0,Av. Sensorial,P1,2026-05
Pici 1,2026-05-14,Jantar,PB,Cubos de Frango à Chinesa,4.0,4.0,4.0,4.0,4.0,8.0,Av. Sensorial,P1,2026-05
Pici 1,2026-05-14,Jantar,VEG,Vatapá Vegano,4.0,4.0,4.0,4.0,4.0,8.0,Av. Sensorial,P1,2026-05
Benfica,2026-05-14,Almoço,PV,Isca de Carne ao M. Tomate,3.0,3.0,4.0,4.0,3.0,6.6,Av. Sensorial,B,2026-05
Benfica,2026-05-14,Almoço,PB,Peixe à Delícia,4.0,4.0,4.0,4.0,4.0,8.0,Av. Sensorial,B,2026-05
Benfica,2026-05-14,Almoço,VEG,Soja à Bolonhesa,4.0,4.0,3.0,4.0,4.0,7.4,Av. Sensorial,B,2026-05
Benfica,2026-05-14,Jantar,PV,Calabresa à Carioca,4.0,4.0,4.0,4.0,4.0,8.0,Av. Sensorial,B,2026-05
Benfica,2026-05-14,Jantar,PB,Cubos de Frango à Chinesa,3.0,4.0,4.0,4.0,4.0,7.4,Av. Sensorial,B,2026-05
Benfica,2026-05-14,Jantar,VEG,Vatapá Vegano,4.0,4.0,4.0,4.0,4.0,8.0,Av. Sensorial,B,2026-05
Benfica,2026-05-15,Café,ESPECIAL,Frango Desfiado,4.0,4.0,4.0,4.0,4.0,8.0,Av. Sensorial,B,2026-05
Benfica,2026-05-15,Café,ESPECIAL VEG,Geleia,4.0,4.0,4.0,4.0,4.0,8.0,Av. Sensorial,B,2026-05
Pici 2,2026-05-15,Café,ESPECIAL,Frango Desfiado,4.0,4.0,4.0,4.0,4.0,8.0,Av. Sensorial,P2,2026-05
Pici 2,2026-05-15,Café,ESPECIAL VEG,Geleia,4.0,4.0,4.0,4.0,4.0,8.0,Av. Sensorial,P2,2026-05
Labomar,2026-05-14,Almoço,PV,Isca de Carne ao M. Tomate,3.0,3.0,3.0,4.0,3.0,6.2,Av. Sensorial,L,2026-05
Labomar,2026-05-14,Almoço,PB,Peixe à Delícia,4.0,4.0,4.0,4.0,4.0,8.0,Av. Sensorial,L,2026-05
Labomar,2026-05-14,Almoço,VEG,Soja à Bolonhesa,4.0,4.0,4.0,4.0,4.0,8.0,Av. Sensorial,L,2026-05
Labomar,2026-05-15,Almoço,PV,Isca de Fígado ao Molho,4.0,4.0,4.0,4.0,4.0,8.0,Av. Sensorial,L,2026-05
Labomar,2026-05-15,Almoço,PB,Cubos de Frango Acebolado,4.0,4.0,4.0,4.0,4.0,8.0,Av. Sensorial,L,2026-05
Labomar,2026-05-15,Almoço,VEG,Refogado  de Soja,4.0,4.0,4.0,4.0,4.0,8.0,Av. Sensorial,L,2026-05
Pici 1,2026-05-15,Almoço,PV,Isca de Fígado ao Molho,4.0,4.0,4.0,4.0,4.0,8.0,Av. Sensorial,P1,2026-05
Pici 1,2026-05-15,Almoço,PB,Cubos de Frango Acebolado,4.0,4.0,4.0,4.0,4.0,8.0,Av. Sensorial,P1,2026-05
Pici 1,2026-05-15,Almoço,VEG,Refogado  de Soja,4.0,4.0,4.0,4.0,,7.2,Av. Sensorial,P1,2026-05
Pici 2,2026-05-15,Café,ESPECIAL,Frango Desfiado,4.0,4.0,4.0,4.0,4.0,8.0,Av. Sensorial,P2,2026-05
Pici 1,2026-05-15,Almoço,PV,Isca de Fígado ao Molho,3.0,4.0,4.0,4.0,4.0,7.4,Av. Sensorial,P1,2026-05
Pici 1,2026-05-15,Almoço,PB,Cubos de Frango Acebolado,3.0,4.0,4.0,4.0,4.0,7.4,Av. Sensorial,P1,2026-05
Pici 1,2026-05-15,Almoço,VEG,Refogado  de Soja,4.0,4.0,3.0,4.0,4.0,7.4,Av. Sensorial,P1,2026-05
Pici 2,2026-05-15,Almoço,PV,Isca de Fígado ao Molho,4.0,4.0,4.0,4.0,4.0,8.0,Av. Sensorial,P2,2026-05
Pici 2,2026-05-15,Almoço,PB,Cubos de Frango Acebolado,4.0,4.0,4.0,4.0,4.0,8.0,Av. Sensorial,P2,2026-05
Pici 2,2026-05-15,Almoço,VEG,Refogado  de Soja,4.0,4.0,4.0,4.0,4.0,8.0,Av. Sensorial,P2,2026-05
Pici 2,2026-05-15,Almoço,PV,Isca de Fígado ao Molho,4.0,4.0,4.0,4.0,4.0,8.0,Av. Sensorial,P2,2026-05
Pici 2,2026-05-15,Almoço,PB,Cubos de Frango Acebolado,4.0,4.0,4.0,4.0,4.0,8.0,Av. Sensorial,P2,2026-05
Pici 2,2026-05-15,Almoço,VEG,Refogado  de Soja,4.0,4.0,4.0,4.0,4.0,8.0,Av. Sensorial,P2,2026-05
Pici 1,2026-05-15,Almoço,PB,Cubos de Frango Acebolado,5.0,4.0,3.0,4.0,4.0,8.2,Av. Sensorial,P1,2026-05
Porangabussu,2026-05-15,Almoço,PV,Isca de Fígado ao Molho,4.0,4.0,4.0,4.0,4.0,8.0,Av. Sensorial,PO,2026-05
Porangabussu,2026-05-15,Almoço,PB,Cubos de Frango Acebolado,4.0,4.0,4.0,4.0,4.0,8.0,Av. Sensorial,PO,2026-05
Porangabussu,2026-05-15,Almoço,VEG,Refogado  de Soja,4.0,4.0,2.0,4.0,3.0,6.6,Av. Sensorial,PO,2026-05
Porangabussu,2026-05-15,Almoço,PV,Isca de Fígado ao Molho,4.0,4.0,4.0,4.0,4.0,8.0,Av. Sensorial,PO,2026-05
Porangabussu,2026-05-15,Almoço,PB,Cubos de Frango Acebolado,3.0,3.0,4.0,4.0,4.0,6.8,Av. Sensorial,PO,2026-05
Porangabussu,2026-05-15,Almoço,VEG,Refogado  de Soja,3.0,3.0,3.0,4.0,3.0,6.2,Av. Sensorial,PO,2026-05
Benfica,2026-05-15,Almoço,PV,Isca de Fígado ao Molho,4.0,4.0,4.0,4.0,4.0,8.0,Av. Sensorial,B,2026-05
Benfica,2026-05-15,Almoço,PB,Cubos de Frango Acebolado,3.0,3.0,3.0,3.0,3.0,6.0,Av. Sensorial,B,2026-05
Benfica,2026-05-15,Almoço,VEG,Refogado  de Soja,3.0,4.0,3.0,3.0,3.0,6.4,Av. Sensorial,B,2026-05
Benfica,2026-05-15,Almoço,PV,Isca de Fígado ao Molho,4.0,4.0,4.0,4.0,4.0,8.0,Av. Sensorial,B,2026-05
Benfica,2026-05-15,Almoço,PB,Cubos de Frango Acebolado,3.0,4.0,3.0,4.0,3.0,6.8,Av. Sensorial,B,2026-05
Benfica,2026-05-15,Almoço,VEG,Refogado  de Soja,4.0,4.0,4.0,4.0,4.0,8.0,Av. Sensorial,B,2026-05
Benfica,2026-05-15,Jantar,PV,Lasanha de Carne Moída,4.0,4.0,4.0,4.0,4.0,8.0,Av. Sensorial,B,2026-05
Benfica,2026-05-15,Jantar,PB,Sobrecoxa com Gergelim,4.0,4.0,4.0,4.0,4.0,8.0,Av. Sensorial,B,2026-05
Benfica,2026-05-15,Jantar,VEG,Lasanha de Brócolis,4.0,4.0,4.0,4.0,4.0,8.0,Av. Sensorial,B,2026-05
Pici 1,2026-05-15,Jantar,PV,Lasanha de Carne Moída,4.0,4.0,4.0,4.0,4.0,8.0,Av. Sensorial,P1,2026-05
Pici 1,2026-05-15,Jantar,PB,Sobrecoxa com Gergelim,4.0,4.0,4.0,4.0,4.0,8.0,Av. Sensorial,P1,2026-05
Pici 1,2026-05-15,Jantar,VEG,Lasanha de Brócolis,4.0,4.0,4.0,4.0,4.0,8.0,Av. Sensorial,P1,2026-05
Pici 2,2026-05-18,Café,ESPECIAL,Achocolatado,4.0,4.0,4.0,4.0,4.0,8.0,Av. Sensorial,P2,2026-05
Pici 2,2026-05-18,Café,ESPECIAL VEG,Achocolatado vegano ,4.0,4.0,4.0,4.0,4.0,8.0,Av. Sensorial,P2,2026-05
Benfica,2026-05-18,Café,ESPECIAL,Achocolatado,4.0,4.0,4.0,4.0,4.0,8.0,Av. Sensorial,B,2026-05
Benfica,2026-05-18,Café,ESPECIAL VEG,Achocolatado vegano ,4.0,4.0,4.0,4.0,4.0,8.0,Av. Sensorial,B,2026-05
Benfica,2026-05-18,Almoço,PV,Cubos de Carne à Chinesa,3.0,3.0,4.0,4.0,4.0,6.8,Av. Sensorial,B,2026-05
Benfica,2026-05-18,Almoço,PB,Sobrecoxa com Gergelim,4.0,3.0,4.0,4.0,4.0,7.4,Av. Sensorial,B,2026-05
Benfica,2026-05-18,Almoço,VEG,Estrogonofe de Legumes,4.0,4.0,3.0,4.0,4.0,7.4,Av. Sensorial,B,2026-05
Pici 2,2026-05-18,Almoço,PV,Cubos de Carne à Chinesa,3.0,2.0,3.0,4.0,3.0,5.6,Av. Sensorial,P2,2026-05
Pici 2,2026-05-18,Almoço,PB,Sobrecoxa com Gergelim,4.0,4.0,4.0,4.0,4.0,8.0,Av. Sensorial,P2,2026-05
Pici 2,2026-05-18,Almoço,VEG,Estrogonofe de Legumes,4.0,4.0,4.0,4.0,4.0,8.0,Av. Sensorial,P2,2026-05
Pici 1,2026-05-18,Almoço,PV,Cubos de Carne à Chinesa,3.0,4.0,4.0,4.0,4.0,7.4,Av. Sensorial,P1,2026-05
Pici 1,2026-05-18,Almoço,PB,Sobrecoxa com Gergelim,4.0,4.0,4.0,4.0,4.0,8.0,Av. Sensorial,P1,2026-05
Pici 1,2026-05-18,Almoço,VEG,Estrogonofe de Legumes,4.0,4.0,4.0,4.0,4.0,8.0,Av. Sensorial,P1,2026-05
Pici 1,2026-05-18,Almoço,PV,Cubos de Carne à Chinesa,4.0,3.0,4.0,4.0,4.0,7.4,Av. Sensorial,P1,2026-05
Porangabussu,2026-05-18,Almoço,PV,Cubos de Carne à Chinesa,3.0,2.0,3.0,4.0,3.0,5.6,Av. Sensorial,PO,2026-05
Porangabussu,2026-05-18,Almoço,PB,Sobrecoxa com Gergelim,4.0,4.0,4.0,4.0,4.0,8.0,Av. Sensorial,PO,2026-05
Porangabussu,2026-05-18,Almoço,VEG,Estrogonofe de Legumes,4.0,4.0,4.0,4.0,4.0,8.0,Av. Sensorial,PO,2026-05
Pici 2,2026-05-18,Almoço,PV,Cubos de Carne à Chinesa,3.0,3.0,4.0,4.0,4.0,6.8,Av. Sensorial,P2,2026-05
Pici 2,2026-05-18,Almoço,PB,Sobrecoxa com Gergelim,4.0,4.0,4.0,4.0,4.0,8.0,Av. Sensorial,P2,2026-05
Pici 2,2026-05-18,Almoço,VEG,Estrogonofe de Legumes,4.0,4.0,4.0,4.0,4.0,8.0,Av. Sensorial,P2,2026-05
Benfica,2026-05-18,Almoço,PV,Cubos de Carne à Chinesa,3.0,3.0,3.0,4.0,4.0,6.4,Av. Sensorial,B,2026-05
Benfica,2026-05-18,Almoço,PB,Sobrecoxa com Gergelim,3.0,3.0,4.0,4.0,4.0,6.8,Av. Sensorial,B,2026-05
Benfica,2026-05-18,Almoço,VEG,Estrogonofe de Legumes,4.0,4.0,4.0,4.0,4.0,8.0,Av. Sensorial,B,2026-05
Benfica,2026-05-18,Jantar,PV,Paçoca de Carne,4.0,4.0,4.0,4.0,4.0,8.0,Av. Sensorial,B,2026-05
Benfica,2026-05-18,Jantar,PB,Isca de Frango Acebolado,3.0,4.0,3.0,4.0,4.0,7.0,Av. Sensorial,B,2026-05
Benfica,2026-05-18,Jantar,VEG,Yakissoba Vegetariano,3.0,4.0,3.0,4.0,4.0,6.8,Av. Sensorial,B,2026-05
Benfica,2026-05-19,Café,ESPECIAL,Queijo ,4.0,4.0,4.0,4.0,4.0,8.0,Av. Sensorial,B,2026-05
Benfica,2026-05-19,Café,ESPECIAL VEG,Granola,4.0,4.0,4.0,4.0,4.0,8.0,Av. Sensorial,B,2026-05
Pici 2,2026-05-19,Café,ESPECIAL,Queijo ,4.0,4.0,4.0,4.0,4.0,8.0,Av. Sensorial,P2,2026-05
Pici 2,2026-05-19,Café,ESPECIAL VEG,Granola,4.0,4.0,4.0,4.0,4.0,8.0,Av. Sensorial,P2,2026-05
Pici 2,2026-05-19,Café,ESPECIAL,Queijo ,4.0,4.0,4.0,4.0,4.0,8.0,Av. Sensorial,P2,2026-05
Pici 2,2026-05-19,Almoço,PV,Suíno à Carioca,3.0,3.0,4.0,4.0,4.0,6.8,Av. Sensorial,P2,2026-05
Pici 2,2026-05-19,Almoço,PB,Cubos de Frango ao M. de Ervas,4.0,4.0,4.0,4.0,4.0,8.0,Av. Sensorial,P2,2026-05
Pici 2,2026-05-19,Almoço,VEG,Assado de Grão de Bico,4.0,4.0,4.0,4.0,4.0,8.0,Av. Sensorial,P2,2026-05
Pici 1,2026-05-18,Almoço,PV,Cubos de Carne à Chinesa,3.0,4.0,4.0,4.0,4.0,7.4,Av. Sensorial,P1,2026-05
Pici 1,2026-05-18,Almoço,PB,Sobrecoxa com Gergelim,4.0,4.0,4.0,4.0,4.0,8.0,Av. Sensorial,P1,2026-05
Pici 1,2026-05-18,Almoço,VEG,Estrogonofe de Legumes,4.0,4.0,3.0,4.0,3.0,7.2,Av. Sensorial,P1,2026-05
Pici 1,2026-05-18,Jantar,PV,Paçoca de Carne,4.0,4.0,4.0,4.0,4.0,8.0,Av. Sensorial,P1,2026-05
Pici 1,2026-05-18,Jantar,PB,Isca de Frango Acebolado,4.0,4.0,4.0,4.0,4.0,8.0,Av. Sensorial,P1,2026-05
Pici 1,2026-05-18,Jantar,VEG,Yakissoba Vegetariano,4.0,4.0,4.0,4.0,4.0,8.0,Av. Sensorial,P1,2026-05
Pici 1,2026-05-19,Almoço,PV,Suíno à Carioca,3.0,4.0,4.0,4.0,4.0,7.4,Av. Sensorial,P1,2026-05
Pici 1,2026-05-19,Almoço,PB,Cubos de Frango ao M. de Ervas,3.0,4.0,4.0,4.0,4.0,7.4,Av. Sensorial,P1,2026-05
Pici 1,2026-05-19,Almoço,VEG,Assado de Grão de Bico,4.0,4.0,4.0,4.0,4.0,8.0,Av. Sensorial,P1,2026-05
Pici 1,2026-05-19,Almoço,PV,Suíno à Carioca,4.0,3.0,4.0,4.0,4.0,7.4,Av. Sensorial,P1,2026-05
Pici 1,2026-05-19,Almoço,PB,Cubos de Frango ao M. de Ervas,4.0,4.0,3.0,4.0,4.0,7.6,Av. Sensorial,P1,2026-05
Pici 1,2026-05-19,Almoço,VEG,Assado de Grão de Bico,4.0,3.0,3.0,4.0,3.0,6.8,Av. Sensorial,P1,2026-05
Pici 1,2026-05-19,Almoço,PV,Suíno à Carioca,4.0,4.0,4.0,4.0,4.0,8.0,Av. Sensorial,P1,2026-05
Pici 1,2026-05-19,Almoço,PB,Cubos de Frango ao M. de Ervas,4.0,4.0,4.0,4.0,4.0,8.0,Av. Sensorial,P1,2026-05
Pici 1,2026-05-19,Almoço,VEG,Assado de Grão de Bico,4.0,4.0,4.0,4.0,4.0,8.0,Av. Sensorial,P1,2026-05
Benfica,2026-05-19,Almoço,PV,Suíno à Carioca,4.0,3.0,3.0,3.0,3.0,6.6,Av. Sensorial,B,2026-05
Benfica,2026-05-19,Almoço,PB,Cubos de Frango ao M. de Ervas,4.0,4.0,4.0,4.0,4.0,8.0,Av. Sensorial,B,2026-05
Benfica,2026-05-19,Almoço,VEG,Assado de Grão de Bico,4.0,4.0,4.0,4.0,4.0,8.0,Av. Sensorial,B,2026-05
Porangabussu,2026-05-19,Almoço,PV,Suíno à Carioca,2.0,3.0,3.0,4.0,3.0,5.6,Av. Sensorial,PO,2026-05
Porangabussu,2026-05-19,Almoço,PB,Cubos de Frango ao M. de Ervas,3.0,3.0,3.0,4.0,3.0,6.2,Av. Sensorial,PO,2026-05
Porangabussu,2026-05-19,Almoço,VEG,Assado de Grão de Bico,4.0,4.0,3.0,4.0,4.0,7.4,Av. Sensorial,PO,2026-05
Porangabussu,2026-05-19,Almoço,PV,Suíno à Carioca,4.0,4.0,4.0,4.0,4.0,8.0,Av. Sensorial,PO,2026-05
Porangabussu,2026-05-19,Almoço,PB,Cubos de Frango ao M. de Ervas,4.0,4.0,3.0,4.0,4.0,7.6,Av. Sensorial,PO,2026-05
Porangabussu,2026-05-19,Almoço,VEG,Assado de Grão de Bico,4.0,4.0,4.0,4.0,4.0,8.0,Av. Sensorial,PO,2026-05
Pici 2,2026-05-19,Almoço,PV,Suíno à Carioca,4.0,4.0,4.0,4.0,4.0,8.0,Av. Sensorial,P2,2026-05
Pici 2,2026-05-19,Almoço,PB,Cubos de Frango ao M. de Ervas,4.0,4.0,4.0,4.0,4.0,8.0,Av. Sensorial,P2,2026-05
Pici 2,2026-05-19,Almoço,VEG,Assado de Grão de Bico,4.0,4.0,4.0,4.0,4.0,8.0,Av. Sensorial,P2,2026-05
Benfica,2026-05-19,Almoço,PV,Suíno à Carioca,4.0,3.0,3.0,4.0,4.0,7.0,Av. Sensorial,B,2026-05
Benfica,2026-05-19,Almoço,PB,Cubos de Frango ao M. de Ervas,4.0,4.0,4.0,4.0,4.0,8.0,Av. Sensorial,B,2026-05
Benfica,2026-05-19,Almoço,VEG,Assado de Grão de Bico,4.0,4.0,4.0,4.0,4.0,8.0,Av. Sensorial,B,2026-05
Benfica,2026-05-19,Jantar,PV,Jardineira de Carne Moída,4.0,4.0,4.0,4.0,4.0,8.0,Av. Sensorial,B,2026-05
Benfica,2026-05-19,Jantar,PB,Sobrecoxa Crocante,4.0,4.0,4.0,4.0,4.0,8.0,Av. Sensorial,B,2026-05
Benfica,2026-05-19,Jantar,VEG,Soja à Bolonhesa,4.0,4.0,4.0,4.0,4.0,8.0,Av. Sensorial,B,2026-05
Pici 1,2026-05-19,Jantar,PV,Jardineira de Carne Moída,4.0,4.0,4.0,4.0,4.0,8.0,Av. Sensorial,P1,2026-05
Pici 1,2026-05-19,Jantar,PB,Sobrecoxa Crocante,4.0,4.0,4.0,4.0,4.0,8.0,Av. Sensorial,P1,2026-05
Pici 1,2026-05-19,Jantar,VEG,Soja à Bolonhesa,4.0,4.0,4.0,4.0,4.0,8.0,Av. Sensorial,P1,2026-05
Benfica,2026-05-20,Café,ESPECIAL,Ovos Mexidos,,,,,,0.0,Av. Sensorial,B,2026-05
Benfica,2026-05-20,Café,ESPECIAL VEG,Pasta de Amendoim,,,,,,0.0,Av. Sensorial,B,2026-05
Labomar,2026-05-19,Almoço,PV,Suíno à Carioca,4.0,4.0,4.0,4.0,4.0,8.0,Av. Sensorial,L,2026-05
Labomar,2026-05-19,Almoço,PB,Cubos de Frango ao M. de Ervas,4.0,4.0,4.0,4.0,4.0,8.0,Av. Sensorial,L,2026-05
Labomar,2026-05-19,Almoço,VEG,Assado de Grão de Bico,4.0,4.0,4.0,4.0,4.0,8.0,Av. Sensorial,L,2026-05
Labomar,2026-05-20,Almoço,PV,Feijoada,4.0,4.0,4.0,4.0,4.0,8.0,Av. Sensorial,L,2026-05
Labomar,2026-05-20,Almoço,PB,Sobrecoxa Assada,4.0,4.0,4.0,4.0,4.0,8.0,Av. Sensorial,L,2026-05
Labomar,2026-05-20,Almoço,VEG,Refogado  de Soja,4.0,4.0,4.0,4.0,4.0,8.0,Av. Sensorial,L,2026-05
Pici 2,2026-05-20,Café,ESPECIAL,Ovos Mexidos,4.0,3.0,3.0,4.0,4.0,6.888888888888889,Av. Sensorial,P2,2026-05
Pici 2,2026-05-20,Café,ESPECIAL VEG,Pasta de Amendoim,4.0,4.0,4.0,4.0,4.0,8.0,Av. Sensorial,P2,2026-05
Pici 2,2026-05-20,Almoço,PV,Feijoada,4.0,3.0,4.0,4.0,4.0,7.4,Av. Sensorial,P2,2026-05
Pici 2,2026-05-20,Almoço,PB,Sobrecoxa Assada,4.0,4.0,4.0,4.0,4.0,8.0,Av. Sensorial,P2,2026-05
Pici 2,2026-05-20,Almoço,VEG,Refogado  de Soja,4.0,4.0,4.0,4.0,4.0,8.0,Av. Sensorial,P2,2026-05
Pici 1,2026-05-20,Almoço,PV,Feijoada,4.0,4.0,4.0,4.0,4.0,8.0,Av. Sensorial,P1,2026-05
Pici 1,2026-05-20,Almoço,PB,Sobrecoxa Assada,4.0,4.0,4.0,4.0,4.0,8.0,Av. Sensorial,P1,2026-05
Pici 1,2026-05-20,Almoço,VEG,Refogado  de Soja,4.0,4.0,4.0,4.0,4.0,8.0,Av. Sensorial,P1,2026-05
Pici 1,2026-05-20,Almoço,PV,Feijoada,4.0,4.0,4.0,4.0,4.0,8.0,Av. Sensorial,P1,2026-05
Pici 1,2026-05-20,Almoço,PB,Sobrecoxa Assada,4.0,4.0,4.0,4.0,4.0,8.0,Av. Sensorial,P1,2026-05
Pici 1,2026-05-20,Almoço,VEG,Refogado  de Soja,4.0,4.0,4.0,4.0,4.0,8.0,Av. Sensorial,P1,2026-05
Benfica,2026-05-20,Almoço,PV,Feijoada,4.0,4.0,4.0,4.0,4.0,8.0,Av. Sensorial,B,2026-05
Benfica,2026-05-20,Almoço,PB,Sobrecoxa Assada,4.0,4.0,4.0,4.0,4.0,8.0,Av. Sensorial,B,2026-05
Benfica,2026-05-20,Almoço,VEG,Refogado  de Soja,4.0,4.0,4.0,4.0,4.0,8.0,Av. Sensorial,B,2026-05
Pici 2,2026-05-20,Almoço,PV,Feijoada,4.0,3.0,3.0,4.0,3.0,6.8,Av. Sensorial,P2,2026-05
Pici 2,2026-05-20,Almoço,PB,Sobrecoxa Assada,4.0,4.0,4.0,4.0,4.0,8.0,Av. Sensorial,P2,2026-05
Pici 2,2026-05-20,Almoço,VEG,Refogado  de Soja,4.0,4.0,4.0,4.0,4.0,8.0,Av. Sensorial,P2,2026-05
Porangabussu,2026-05-20,Almoço,PV,Feijoada,4.0,4.0,4.0,4.0,4.0,8.0,Av. Sensorial,PO,2026-05
Porangabussu,2026-05-20,Almoço,PB,Sobrecoxa Assada,4.0,4.0,4.0,4.0,4.0,8.0,Av. Sensorial,PO,2026-05
Porangabussu,2026-05-20,Almoço,VEG,Refogado  de Soja,4.0,4.0,4.0,4.0,4.0,8.0,Av. Sensorial,PO,2026-05
Porangabussu,2026-05-20,Almoço,PV,Feijoada,4.0,4.0,4.0,4.0,4.0,8.0,Av. Sensorial,PO,2026-05
Porangabussu,2026-05-20,Almoço,PB,Sobrecoxa Assada,4.0,4.0,4.0,4.0,4.0,8.0,Av. Sensorial,PO,2026-05
Porangabussu,2026-05-20,Almoço,VEG,Refogado  de Soja,4.0,4.0,4.0,4.0,4.0,8.0,Av. Sensorial,PO,2026-05
Pici 2,2026-05-20,Café,ESPECIAL,Ovos Mexidos,4.0,4.0,4.0,4.0,4.0,8.0,Av. Sensorial,P2,2026-05
Pici 1,2026-05-20,Jantar,PV,Estrogonofe de Carne,4.0,3.0,4.0,4.0,4.0,7.4,Av. Sensorial,P1,2026-05
Pici 1,2026-05-20,Jantar,PB,Cubos de Frango ao M. de Legumes,4.0,4.0,4.0,4.0,4.0,8.0,Av. Sensorial,P1,2026-05
Pici 1,2026-05-20,Jantar,VEG,Almôndegas de Lentilha,4.0,4.0,4.0,4.0,4.0,8.0,Av. Sensorial,P1,2026-05
Benfica,2026-05-20,Almoço,PV,Feijoada,4.0,4.0,4.0,4.0,4.0,8.0,Av. Sensorial,B,2026-05
Benfica,2026-05-20,Almoço,PB,Sobrecoxa Assada,4.0,4.0,4.0,4.0,4.0,8.0,Av. Sensorial,B,2026-05
Benfica,2026-05-20,Almoço,VEG,Refogado  de Soja,4.0,4.0,4.0,4.0,4.0,8.0,Av. Sensorial,B,2026-05
Benfica,2026-05-20,Jantar,PV,Estrogonofe de Carne,3.0,4.0,4.0,4.0,4.0,7.4,Av. Sensorial,B,2026-05
Benfica,2026-05-20,Jantar,PB,Cubos de Frango ao M. de Legumes,4.0,4.0,4.0,4.0,4.0,8.0,Av. Sensorial,B,2026-05
Benfica,2026-05-20,Jantar,VEG,Almôndegas de Lentilha,4.0,4.0,4.0,4.0,4.0,8.0,Av. Sensorial,B,2026-05
Pici 2,2026-05-21,Café,ESPECIAL,Iogurte ,4.0,4.0,4.0,4.0,4.0,8.0,Av. Sensorial,P2,2026-05
Pici 2,2026-05-21,Café,ESPECIAL,Iogurte ,4.0,4.0,4.0,4.0,4.0,8.0,Av. Sensorial,P2,2026-05
Pici 2,2026-05-21,Café,ESPECIAL VEG,Similar a Iogurte Vegano,4.0,4.0,4.0,4.0,4.0,8.0,Av. Sensorial,P2,2026-05
Pici 2,2026-05-21,Almoço,PV,Carne Moída Refogada,4.0,4.0,4.0,4.0,4.0,8.0,Av. Sensorial,P2,2026-05
Pici 2,2026-05-21,Almoço,PB,Cubos de Frango ao M. de Tomate,4.0,4.0,4.0,4.0,4.0,8.0,Av. Sensorial,P2,2026-05
Pici 2,2026-05-21,Almoço,VEG,Guisado de Lentilha,4.0,4.0,4.0,4.0,4.0,8.0,Av. Sensorial,P2,2026-05
Benfica,2026-05-21,Café,ESPECIAL,Iogurte ,4.0,4.0,4.0,4.0,4.0,8.0,Av. Sensorial,B,2026-05
Benfica,2026-05-21,Café,ESPECIAL VEG,Similar a Iogurte Vegano,4.0,4.0,4.0,4.0,4.0,8.0,Av. Sensorial,B,2026-05
Labomar,2026-05-21,Almoço,PV,Carne Moída Refogada,,,,,,0.0,Av. Sensorial,L,2026-05
Labomar,2026-05-21,Almoço,PB,Cubos de Frango ao M. de Tomate,,,,,,0.0,Av. Sensorial,L,2026-05
Labomar,2026-05-21,Almoço,VEG,Guisado de Lentilha,,,,,,0.0,Av. Sensorial,L,2026-05
Pici 1,2026-05-21,Almoço,PV,Carne Moída Refogada,4.0,4.0,4.0,4.0,4.0,8.0,Av. Sensorial,P1,2026-05
Pici 1,2026-05-21,Almoço,PB,Cubos de Frango ao M. de Tomate,4.0,4.0,4.0,4.0,4.0,8.0,Av. Sensorial,P1,2026-05
Pici 1,2026-05-21,Almoço,VEG,Guisado de Lentilha,4.0,4.0,2.0,4.0,3.0,6.6,Av. Sensorial,P1,2026-05
Benfica,2026-05-21,Almoço,PV,Carne Moída Refogada,4.0,4.0,3.0,4.0,4.0,7.6,Av. Sensorial,B,2026-05
Benfica,2026-05-21,Almoço,PB,Cubos de Frango ao M. de Tomate,4.0,4.0,4.0,4.0,4.0,8.0,Av. Sensorial,B,2026-05
Benfica,2026-05-21,Almoço,VEG,Guisado de Lentilha,4.0,4.0,4.0,4.0,4.0,8.0,Av. Sensorial,B,2026-05
Porangabussu,2026-05-21,Almoço,PV,Carne Moída Refogada,4.0,4.0,4.0,4.0,4.0,8.0,Av. Sensorial,PO,2026-05
Porangabussu,2026-05-21,Almoço,PB,Cubos de Frango ao M. de Tomate,4.0,4.0,4.0,4.0,4.0,8.0,Av. Sensorial,PO,2026-05
Porangabussu,2026-05-21,Almoço,VEG,Guisado de Lentilha,3.0,3.0,3.0,4.0,3.0,6.2,Av. Sensorial,PO,2026-05
Porangabussu,2026-05-21,Almoço,PV,Carne Moída Refogada,4.0,4.0,4.0,4.0,4.0,8.0,Av. Sensorial,PO,2026-05
Porangabussu,2026-05-21,Almoço,PB,Cubos de Frango ao M. de Tomate,4.0,4.0,4.0,4.0,4.0,8.0,Av. Sensorial,PO,2026-05
Porangabussu,2026-05-21,Almoço,VEG,Guisado de Lentilha,4.0,4.0,4.0,4.0,4.0,8.0,Av. Sensorial,PO,2026-05
Pici 1,2026-05-21,Almoço,PV,Carne Moída Refogada,4.0,4.0,4.0,4.0,4.0,8.0,Av. Sensorial,P1,2026-05
Pici 1,2026-05-21,Almoço,PB,Cubos de Frango ao M. de Tomate,4.0,4.0,4.0,4.0,4.0,8.0,Av. Sensorial,P1,2026-05
Pici 1,2026-05-21,Almoço,VEG,Guisado de Lentilha,4.0,4.0,4.0,4.0,4.0,8.0,Av. Sensorial,P1,2026-05
Pici 1,2026-05-21,Jantar,PV,Isca de Carne Acebolada,3.0,4.0,4.0,4.0,4.0,7.4,Av. Sensorial,P1,2026-05
Pici 1,2026-05-21,Jantar,PB,Peixe Assado,4.0,3.0,3.0,4.0,3.0,6.8,Av. Sensorial,P1,2026-05
Pici 1,2026-05-21,Jantar,VEG,Vatapá Vegano,4.0,4.0,4.0,4.0,4.0,8.0,Av. Sensorial,P1,2026-05
Benfica,2026-05-21,Almoço,PV,Carne Moída Refogada,3.0,4.0,4.0,4.0,4.0,7.4,Av. Sensorial,B,2026-05
Benfica,2026-05-21,Almoço,PB,Cubos de Frango ao M. de Tomate,4.0,4.0,4.0,4.0,4.0,8.0,Av. Sensorial,B,2026-05
Benfica,2026-05-21,Almoço,VEG,Guisado de Lentilha,4.0,4.0,4.0,4.0,4.0,8.0,Av. Sensorial,B,2026-05
Benfica,2026-05-21,Jantar,PV,Isca de Carne Acebolada,4.0,4.0,4.0,4.0,4.0,8.0,Av. Sensorial,B,2026-05
Benfica,2026-05-21,Jantar,PB,Peixe Assado,4.0,3.0,3.0,4.0,4.0,7.0,Av. Sensorial,B,2026-05
Benfica,2026-05-21,Jantar,VEG,Vatapá Vegano,4.0,4.0,4.0,4.0,4.0,8.0,Av. Sensorial,B,2026-05
Benfica,2026-05-22,Café,ESPECIAL,Frango Desfiado,4.0,4.0,4.0,4.0,4.0,8.0,Av. Sensorial,B,2026-05
Benfica,2026-05-22,Café,ESPECIAL VEG,Geleia,4.0,4.0,4.0,4.0,4.0,8.0,Av. Sensorial,B,2026-05
Pici 2,2026-05-22,Café,ESPECIAL,Frango Desfiado,4.0,4.0,4.0,4.0,4.0,8.0,Av. Sensorial,P2,2026-05
Pici 1,2026-05-22,Almoço,PV,Cubos de Carne ao M. Madeira,3.0,3.0,3.0,4.0,3.0,6.2,Av. Sensorial,P1,2026-05
Pici 1,2026-05-22,Almoço,PB,Cubos de Frango ao M. de Legumes,4.0,4.0,4.0,4.0,4.0,8.0,Av. Sensorial,P1,2026-05
Pici 1,2026-05-22,Almoço,VEG,Jardineira de Soja,4.0,4.0,3.0,4.0,4.0,7.4,Av. Sensorial,P1,2026-05
Pici 2,2026-05-22,Café,ESPECIAL,Frango Desfiado,4.0,4.0,4.0,4.0,4.0,8.0,Av. Sensorial,P2,2026-05
Pici 2,2026-05-22,Café,ESPECIAL VEG,Geleia,4.0,4.0,4.0,4.0,4.0,8.0,Av. Sensorial,P2,2026-05
Pici 2,2026-05-22,Almoço,PV,Cubos de Carne ao M. Madeira,3.0,3.0,3.0,4.0,3.0,6.2,Av. Sensorial,P2,2026-05
Pici 2,2026-05-22,Almoço,PB,Cubos de Frango ao M. de Legumes,4.0,4.0,4.0,4.0,4.0,8.0,Av. Sensorial,P2,2026-05
Pici 2,2026-05-22,Almoço,VEG,Jardineira de Soja,4.0,4.0,4.0,4.0,4.0,8.0,Av. Sensorial,P2,2026-05
Pici 1,2026-05-22,Almoço,PB,Cubos de Frango ao M. de Legumes,3.0,4.0,4.0,4.0,4.0,7.4,Av. Sensorial,P1,2026-05
Pici 1,2026-05-22,Almoço,VEG,Jardineira de Soja,4.0,4.0,3.0,4.0,3.0,7.2,Av. Sensorial,P1,2026-05
Benfica,2026-05-22,Almoço,PV,Cubos de Carne ao M. Madeira,3.0,4.0,3.0,4.0,4.0,7.0,Av. Sensorial,B,2026-05
Benfica,2026-05-22,Almoço,PB,Cubos de Frango ao M. de Legumes,4.0,4.0,4.0,4.0,4.0,8.0,Av. Sensorial,B,2026-05
Benfica,2026-05-22,Almoço,VEG,Jardineira de Soja,4.0,4.0,3.0,4.0,4.0,7.4,Av. Sensorial,B,2026-05
Pici 2,2026-05-22,Almoço,PB,Cubos de Frango ao M. de Legumes,4.0,4.0,4.0,4.0,4.0,8.0,Av. Sensorial,P2,2026-05
Pici 2,2026-05-22,Almoço,VEG,Jardineira de Soja,4.0,4.0,4.0,4.0,4.0,8.0,Av. Sensorial,P2,2026-05
Porangabussu,2026-05-22,Almoço,PV,Cubos de Carne ao M. Madeira,3.0,3.0,3.0,4.0,3.0,6.2,Av. Sensorial,PO,2026-05
Porangabussu,2026-05-22,Almoço,PB,Cubos de Frango ao M. de Legumes,4.0,4.0,4.0,4.0,4.0,8.0,Av. Sensorial,PO,2026-05
Porangabussu,2026-05-22,Almoço,VEG,Jardineira de Soja,3.0,3.0,3.0,4.0,3.0,6.2,Av. Sensorial,PO,2026-05
Pici 1,2026-05-22,Jantar,PV,Calabresa à Carioca,4.0,4.0,3.0,4.0,4.0,7.6,Av. Sensorial,P1,2026-05
Pici 1,2026-05-22,Jantar,PB,Escondidinho de Frango,4.0,4.0,4.0,4.0,4.0,8.0,Av. Sensorial,P1,2026-05
Pici 1,2026-05-22,Jantar,VEG,Escondidinho de Legumes,4.0,4.0,4.0,4.0,4.0,8.0,Av. Sensorial,P1,2026-05
Benfica,2026-05-22,Almoço,PV,Cubos de Carne ao M. Madeira,3.0,4.0,3.0,4.0,4.0,7.0,Av. Sensorial,B,2026-05
Benfica,2026-05-22,Almoço,PB,Cubos de Frango ao M. de Legumes,4.0,4.0,4.0,4.0,4.0,8.0,Av. Sensorial,B,2026-05
Benfica,2026-05-22,Almoço,VEG,Jardineira de Soja,4.0,4.0,4.0,4.0,4.0,8.0,Av. Sensorial,B,2026-05
Benfica,2026-05-22,Jantar,PV,Calabresa à Carioca,4.0,4.0,4.0,4.0,4.0,8.0,Av. Sensorial,B,2026-05
Benfica,2026-05-22,Jantar,PB,Escondidinho de Frango,4.0,4.0,4.0,4.0,4.0,8.0,Av. Sensorial,B,2026-05
Benfica,2026-05-22,Jantar,VEG,Escondidinho de Legumes,4.0,4.0,4.0,4.0,4.0,8.0,Av. Sensorial,B,2026-05
Benfica,2026-05-25,Café,ESPECIAL,Mingau ,4.0,4.0,4.0,4.0,4.0,8.0,Av. Sensorial,B,2026-05
Benfica,2026-05-25,Café,ESPECIAL VEG,Achocolatado vegano ,4.0,4.0,4.0,4.0,4.0,8.0,Av. Sensorial,B,2026-05
Pici 2,2026-05-25,Café,ESPECIAL,Mingau ,4.0,4.0,4.0,4.0,4.0,8.0,Av. Sensorial,P2,2026-05
Pici 2,2026-05-25,Café,ESPECIAL VEG,Achocolatado vegano ,4.0,4.0,4.0,4.0,4.0,8.0,Av. Sensorial,P2,2026-05
Porangabussu,2026-05-25,Almoço,PV,Cozido Bovino à Calabresa,2.0,2.0,3.0,4.0,2.0,4.8,Av. Sensorial,PO,2026-05
Porangabussu,2026-05-25,Almoço,PB,Cubos de Frango ao Molho Mostarda,3.0,3.0,3.0,4.0,3.0,6.2,Av. Sensorial,PO,2026-05
Porangabussu,2026-05-25,Almoço,VEG,Yakissoba Vegetariano,4.0,4.0,3.0,4.0,4.0,7.4,Av. Sensorial,PO,2026-05
Porangabussu,2026-05-25,Almoço,PV,Cozido Bovino à Calabresa,3.0,3.0,3.0,4.0,3.0,6.2,Av. Sensorial,PO,2026-05
Porangabussu,2026-05-25,Almoço,PB,Cubos de Frango ao Molho Mostarda,3.0,3.0,3.0,4.0,3.0,6.2,Av. Sensorial,PO,2026-05
Porangabussu,2026-05-25,Almoço,VEG,Yakissoba Vegetariano,4.0,4.0,3.0,4.0,4.0,7.4,Av. Sensorial,PO,2026-05
Labomar,2026-05-25,Almoço,PV,Cozido Bovino à Calabresa,4.0,4.0,4.0,4.0,4.0,8.0,Av. Sensorial,L,2026-05
Labomar,2026-05-25,Almoço,PB,Cubos de Frango ao Molho Mostarda,4.0,4.0,4.0,4.0,4.0,8.0,Av. Sensorial,L,2026-05
Labomar,2026-05-25,Almoço,VEG,Yakissoba Vegetariano,4.0,4.0,3.0,4.0,3.0,7.2,Av. Sensorial,L,2026-05
Benfica,2026-05-25,Almoço,PV,Cozido Bovino à Calabresa,3.0,4.0,3.0,4.0,3.0,6.8,Av. Sensorial,B,2026-05
Benfica,2026-05-25,Almoço,PB,Cubos de Frango ao Molho Mostarda,3.0,3.0,3.0,4.0,3.0,6.2,Av. Sensorial,B,2026-05
Benfica,2026-05-25,Almoço,VEG,Yakissoba Vegetariano,3.0,3.0,3.0,4.0,3.0,6.2,Av. Sensorial,B,2026-05
Pici 1,2026-05-25,Jantar,PV,Cubo suíno acebolado,4.0,4.0,3.0,4.0,3.0,7.4,Av. Sensorial,P1,2026-05
Pici 1,2026-05-25,Jantar,PB,Sobrecoxa Desossada ao M.Ervas,4.0,4.0,4.0,4.0,4.0,8.0,Av. Sensorial,P1,2026-05
Pici 1,2026-05-25,Jantar,VEG,Bolinho de Ervilha com Aveia,4.0,4.0,4.0,4.0,4.0,8.0,Av. Sensorial,P1,2026-05
Benfica,2026-05-25,Almoço,PV,Cozido Bovino à Calabresa,4.0,4.0,4.0,4.0,4.0,8.0,Av. Sensorial,B,2026-05
Benfica,2026-05-25,Almoço,PB,Cubos de Frango ao Molho Mostarda,4.0,4.0,4.0,4.0,4.0,8.0,Av. Sensorial,B,2026-05
Benfica,2026-05-25,Almoço,VEG,Yakissoba Vegetariano,4.0,3.0,3.0,4.0,3.0,6.8,Av. Sensorial,B,2026-05
Benfica,2026-05-25,Jantar,PV,Cubo suíno acebolado,4.0,4.0,3.0,4.0,4.0,7.6,Av. Sensorial,B,2026-05
Benfica,2026-05-25,Jantar,PB,Sobrecoxa Desossada ao M.Ervas,4.0,4.0,4.0,4.0,4.0,8.0,Av. Sensorial,B,2026-05
Benfica,2026-05-25,Jantar,VEG,Bolinho de Ervilha com Aveia,4.0,4.0,4.0,4.0,4.0,8.0,Av. Sensorial,B,2026-05
Benfica,2026-05-26,Café,ESPECIAL,Queijo ,4.0,4.0,4.0,4.0,4.0,8.0,Av. Sensorial,B,2026-05
Benfica,2026-05-26,Café,ESPECIAL VEG,Granola,4.0,4.0,4.0,4.0,4.0,8.0,Av. Sensorial,B,2026-05
Pici 2,2026-05-25,Almoço,PV,Cozido Bovino à Calabresa,3.0,3.0,4.0,4.0,4.0,6.8,Av. Sensorial,P2,2026-05
Pici 2,2026-05-25,Almoço,PB,Cubos de Frango ao Molho Mostarda,4.0,4.0,4.0,4.0,4.0,8.0,Av. Sensorial,P2,2026-05
Pici 2,2026-05-25,Almoço,VEG,Yakissoba Vegetariano,4.0,4.0,3.0,4.0,4.0,7.4,Av. Sensorial,P2,2026-05
Pici 2,2026-05-26,Café,ESPECIAL,Queijo ,4.0,4.0,4.0,4.0,4.0,8.0,Av. Sensorial,P2,2026-05
Pici 2,2026-05-26,Café,ESPECIAL VEG,Granola,4.0,4.0,4.0,4.0,4.0,8.0,Av. Sensorial,P2,2026-05
Pici 2,2026-05-26,Café,ESPECIAL,Queijo ,4.0,4.0,4.0,4.0,4.0,8.0,Av. Sensorial,P2,2026-05
Benfica,2026-05-26,Almoço,PV,Paçoca de Carne,3.0,3.0,3.0,4.0,4.0,6.4,Av. Sensorial,B,2026-05
Benfica,2026-05-26,Almoço,PB,Sobrecoxa Assada,4.0,4.0,4.0,4.0,4.0,8.0,Av. Sensorial,B,2026-05
Benfica,2026-05-26,Almoço,VEG,Estrogonofe de Grão de Bico,4.0,4.0,4.0,4.0,4.0,8.0,Av. Sensorial,B,2026-05
Pici 1,2026-05-25,Almoço,PV,Cozido Bovino à Calabresa,3.0,4.0,4.0,4.0,4.0,7.4,Av. Sensorial,P1,2026-05
Pici 1,2026-05-25,Almoço,PB,Cubos de Frango ao Molho Mostarda,3.0,4.0,4.0,4.0,4.0,7.4,Av. Sensorial,P1,2026-05
Pici 1,2026-05-25,Almoço,VEG,Yakissoba Vegetariano,4.0,4.0,3.0,4.0,4.0,7.4,Av. Sensorial,P1,2026-05
Pici 1,2026-05-26,Almoço,PV,Paçoca de Carne,4.0,4.0,4.0,4.0,4.0,8.0,Av. Sensorial,P1,2026-05
Pici 1,2026-05-26,Almoço,PB,Sobrecoxa Assada,4.0,4.0,3.0,4.0,4.0,7.6,Av. Sensorial,P1,2026-05
Pici 1,2026-05-26,Almoço,VEG,Estrogonofe de Grão de Bico,4.0,3.0,4.0,4.0,4.0,7.6,Av. Sensorial,P1,2026-05
Pici 1,2026-05-26,Almoço,PV,Paçoca de Carne,4.0,4.0,4.0,4.0,4.0,8.0,Av. Sensorial,P1,2026-05
Pici 1,2026-05-26,Almoço,PB,Sobrecoxa Assada,4.0,4.0,3.0,4.0,4.0,7.6,Av. Sensorial,P1,2026-05
Pici 1,2026-05-26,Almoço,VEG,Estrogonofe de Grão de Bico,4.0,3.0,4.0,4.0,4.0,7.6,Av. Sensorial,P1,2026-05
Pici 1,2026-05-26,Almoço,PV,Paçoca de Carne,4.0,4.0,4.0,4.0,4.0,8.0,Av. Sensorial,P1,2026-05
Pici 1,2026-05-26,Almoço,PB,Sobrecoxa Assada,4.0,4.0,4.0,4.0,4.0,8.0,Av. Sensorial,P1,2026-05
Pici 1,2026-05-26,Almoço,VEG,Estrogonofe de Grão de Bico,4.0,3.0,4.0,4.0,4.0,7.6,Av. Sensorial,P1,2026-05
Pici 2,2026-05-26,Almoço,PV,Paçoca de Carne,4.0,4.0,4.0,4.0,4.0,8.0,Av. Sensorial,P2,2026-05
Pici 2,2026-05-26,Almoço,PB,Sobrecoxa Assada,4.0,4.0,4.0,4.0,4.0,8.0,Av. Sensorial,P2,2026-05
Pici 2,2026-05-26,Almoço,VEG,Estrogonofe de Grão de Bico,4.0,4.0,4.0,4.0,4.0,8.0,Av. Sensorial,P2,2026-05
Porangabussu,2026-05-26,Almoço,PV,Paçoca de Carne,4.0,4.0,4.0,4.0,4.0,8.0,Av. Sensorial,PO,2026-05
Porangabussu,2026-05-26,Almoço,PB,Sobrecoxa Assada,3.0,4.0,4.0,4.0,4.0,7.4,Av. Sensorial,PO,2026-05
Porangabussu,2026-05-26,Almoço,VEG,Estrogonofe de Grão de Bico,4.0,4.0,4.0,4.0,4.0,8.0,Av. Sensorial,PO,2026-05
Porangabussu,2026-05-26,Almoço,PV,Paçoca de Carne,2.0,3.0,4.0,4.0,3.0,6.0,Av. Sensorial,PO,2026-05
Porangabussu,2026-05-26,Almoço,PB,Sobrecoxa Assada,4.0,4.0,4.0,4.0,4.0,8.0,Av. Sensorial,PO,2026-05
Porangabussu,2026-05-26,Almoço,VEG,Estrogonofe de Grão de Bico,4.0,4.0,4.0,4.0,4.0,8.0,Av. Sensorial,PO,2026-05
Pici 2,2026-05-26,Almoço,PV,Paçoca de Carne,4.0,4.0,4.0,4.0,4.0,8.0,Av. Sensorial,P2,2026-05
Pici 2,2026-05-26,Almoço,PB,Sobrecoxa Assada,4.0,4.0,4.0,4.0,4.0,8.0,Av. Sensorial,P2,2026-05
Pici 2,2026-05-26,Almoço,VEG,Estrogonofe de Grão de Bico,4.0,4.0,4.0,4.0,4.0,8.0,Av. Sensorial,P2,2026-05
Pici 1,2026-05-26,Jantar,PV,Carne Moída Refogada,4.0,4.0,4.0,4.0,4.0,8.0,Av. Sensorial,P1,2026-05
Pici 1,2026-05-26,Jantar,PB,Estrogonofe de Frango,4.0,4.0,4.0,4.0,4.0,8.0,Av. Sensorial,P1,2026-05
Pici 1,2026-05-26,Jantar,VEG,Jardineira de Soja,4.0,4.0,3.0,4.0,4.0,7.4,Av. Sensorial,P1,2026-05
Benfica,2026-05-26,Almoço,PV,Paçoca de Carne,4.0,4.0,4.0,4.0,4.0,8.0,Av. Sensorial,B,2026-05
Benfica,2026-05-26,Almoço,PB,Sobrecoxa Assada,4.0,4.0,4.0,4.0,4.0,8.0,Av. Sensorial,B,2026-05
Benfica,2026-05-26,Almoço,VEG,Estrogonofe de Grão de Bico,4.0,4.0,4.0,4.0,4.0,8.0,Av. Sensorial,B,2026-05
Benfica,2026-05-26,Jantar,PV,Carne Moída Refogada,4.0,4.0,4.0,4.0,4.0,8.0,Av. Sensorial,B,2026-05
Benfica,2026-05-26,Jantar,PB,Estrogonofe de Frango,4.0,4.0,4.0,4.0,4.0,8.0,Av. Sensorial,B,2026-05
Benfica,2026-05-26,Jantar,VEG,Jardineira de Soja,4.0,4.0,4.0,4.0,4.0,8.0,Av. Sensorial,B,2026-05
Benfica,2026-05-27,Café,ESPECIAL,Ovos Mexidos,4.0,4.0,4.0,4.0,4.0,8.0,Av. Sensorial,B,2026-05
Benfica,2026-05-27,Café,ESPECIAL VEG,Pasta de Amendoim,4.0,4.0,4.0,4.0,4.0,8.0,Av. Sensorial,B,2026-05
Pici 2,2026-05-27,Café,ESPECIAL,Ovos Mexidos,4.0,4.0,4.0,4.0,4.0,8.0,Av. Sensorial,P2,2026-05
Pici 2,2026-05-27,Café,ESPECIAL VEG,Pasta de Amendoim,4.0,4.0,4.0,4.0,4.0,8.0,Av. Sensorial,P2,2026-05
Pici 2,2026-05-27,Café,ESPECIAL,Ovos Mexidos,4.0,4.0,4.0,4.0,4.0,8.0,Av. Sensorial,P2,2026-05
Pici 1,2026-05-27,Almoço,PV,Feijoada,4.0,4.0,4.0,4.0,4.0,8.0,Av. Sensorial,P1,2026-05
Pici 1,2026-05-27,Almoço,PB,Isca de Frango ao M. de Legumes,4.0,4.0,4.0,4.0,4.0,8.0,Av. Sensorial,P1,2026-05
Pici 1,2026-05-27,Almoço,VEG,Feijoada Vegetariana,4.0,4.0,4.0,4.0,4.0,8.0,Av. Sensorial,P1,2026-05
Pici 1,2026-05-27,Almoço,PV,Feijoada,4.0,4.0,4.0,4.0,4.0,8.0,Av. Sensorial,P1,2026-05
Pici 1,2026-05-27,Almoço,PB,Isca de Frango ao M. de Legumes,4.0,4.0,4.0,4.0,4.0,8.0,Av. Sensorial,P1,2026-05
Pici 1,2026-05-27,Almoço,VEG,Feijoada Vegetariana,4.0,4.0,4.0,4.0,4.0,8.0,Av. Sensorial,P1,2026-05
Pici 2,2026-05-27,Almoço,PV,Feijoada,4.0,4.0,4.0,4.0,4.0,8.0,Av. Sensorial,P2,2026-05
Pici 2,2026-05-27,Almoço,PB,Isca de Frango ao M. de Legumes,4.0,4.0,4.0,4.0,4.0,8.0,Av. Sensorial,P2,2026-05
Pici 2,2026-05-27,Almoço,VEG,Feijoada Vegetariana,4.0,4.0,4.0,4.0,4.0,8.0,Av. Sensorial,P2,2026-05
Pici 2,2026-05-27,Almoço,PV,Feijoada,4.0,4.0,4.0,4.0,4.0,8.0,Av. Sensorial,P2,2026-05
Pici 2,2026-05-27,Almoço,PB,Isca de Frango ao M. de Legumes,4.0,4.0,4.0,4.0,4.0,8.0,Av. Sensorial,P2,2026-05
Pici 2,2026-05-27,Almoço,VEG,Feijoada Vegetariana,4.0,4.0,4.0,4.0,4.0,8.0,Av. Sensorial,P2,2026-05
Benfica,2026-05-27,Almoço,PV,Feijoada,3.0,3.0,4.0,4.0,4.0,6.8,Av. Sensorial,B,2026-05
Benfica,2026-05-27,Almoço,PB,Isca de Frango ao M. de Legumes,4.0,4.0,4.0,4.0,4.0,8.0,Av. Sensorial,B,2026-05
Benfica,2026-05-27,Almoço,VEG,Feijoada Vegetariana,3.0,4.0,3.0,4.0,4.0,6.8,Av. Sensorial,B,2026-05
Porangabussu,2026-05-27,Almoço,PV,Feijoada,4.0,4.0,4.0,4.0,4.0,8.0,Av. Sensorial,PO,2026-05
Porangabussu,2026-05-27,Almoço,PB,Isca de Frango ao M. de Legumes,4.0,4.0,3.0,4.0,4.0,7.6,Av. Sensorial,PO,2026-05
Porangabussu,2026-05-27,Almoço,VEG,Feijoada Vegetariana,4.0,4.0,3.0,4.0,4.0,7.4,Av. Sensorial,PO,2026-05
Porangabussu,2026-05-27,Almoço,PV,Feijoada,4.0,4.0,4.0,4.0,4.0,8.0,Av. Sensorial,PO,2026-05
Porangabussu,2026-05-27,Almoço,PB,Isca de Frango ao M. de Legumes,4.0,4.0,4.0,4.0,4.0,8.0,Av. Sensorial,PO,2026-05
Porangabussu,2026-05-27,Almoço,VEG,Feijoada Vegetariana,3.0,3.0,3.0,4.0,3.0,6.2,Av. Sensorial,PO,2026-05
Pici 1,2026-05-27,Jantar,PV,Isca de Carne Acebolada,3.0,4.0,4.0,4.0,4.0,7.4,Av. Sensorial,P1,2026-05
Pici 1,2026-05-27,Jantar,PB,Sobrecoxa Assada,4.0,4.0,4.0,4.0,4.0,8.0,Av. Sensorial,P1,2026-05
Pici 1,2026-05-27,Jantar,VEG,Lasanha de Batatas,4.0,4.0,4.0,4.0,4.0,8.0,Av. Sensorial,P1,2026-05
Benfica,2026-05-28,Café,ESPECIAL,Iogurte ,4.0,4.0,4.0,4.0,4.0,8.0,Av. Sensorial,B,2026-05
Benfica,2026-05-28,Café,ESPECIAL VEG,Similar a Iogurte Vegano,4.0,4.0,4.0,4.0,4.0,8.0,Av. Sensorial,B,2026-05
Pici 2,2026-05-28,Café,ESPECIAL,Iogurte ,4.0,4.0,4.0,4.0,4.0,8.0,Av. Sensorial,P2,2026-05
Pici 2,2026-05-28,Café,ESPECIAL VEG,Similar a Iogurte Vegano,4.0,4.0,4.0,4.0,4.0,8.0,Av. Sensorial,P2,2026-05
Pici 2,2026-05-28,Almoço,PV,Isca de Carne ao Molho Escuro,3.0,4.0,4.0,4.0,4.0,7.4,Av. Sensorial,P2,2026-05
Pici 2,2026-05-28,Almoço,PB,Peixe ao M. de Peixada,4.0,4.0,4.0,4.0,4.0,8.0,Av. Sensorial,P2,2026-05
Pici 2,2026-05-28,Almoço,VEG,Bobó de Legumes,4.0,4.0,4.0,4.0,4.0,8.0,Av. Sensorial,P2,2026-05
Benfica,2026-05-28,Almoço,PV,Isca de Carne ao Molho Escuro,3.0,4.0,4.0,4.0,4.0,7.4,Av. Sensorial,B,2026-05
Benfica,2026-05-28,Almoço,PB,Peixe ao M. de Peixada,4.0,4.0,4.0,4.0,4.0,8.0,Av. Sensorial,B,2026-05
Benfica,2026-05-28,Almoço,VEG,Bobó de Legumes,4.0,4.0,4.0,4.0,4.0,8.0,Av. Sensorial,B,2026-05
Porangabussu,2026-05-28,Almoço,PV,Isca de Carne ao Molho Escuro,3.0,3.0,4.0,4.0,3.0,6.6,Av. Sensorial,PO,2026-05
Porangabussu,2026-05-28,Almoço,PB,Peixe ao M. de Peixada,4.0,4.0,4.0,4.0,4.0,8.0,Av. Sensorial,PO,2026-05
Porangabussu,2026-05-28,Almoço,VEG,Bobó de Legumes,4.0,4.0,4.0,4.0,4.0,8.0,Av. Sensorial,PO,2026-05
Porangabussu,2026-05-28,Almoço,PV,Isca de Carne ao Molho Escuro,3.0,3.0,4.0,4.0,4.0,6.8,Av. Sensorial,PO,2026-05
Porangabussu,2026-05-28,Almoço,PB,Peixe ao M. de Peixada,4.0,4.0,4.0,4.0,4.0,8.0,Av. Sensorial,PO,2026-05
Porangabussu,2026-05-28,Almoço,VEG,Bobó de Legumes,4.0,4.0,4.0,4.0,4.0,8.0,Av. Sensorial,PO,2026-05
Pici 1,2026-05-28,Almoço,PV,Isca de Carne ao Molho Escuro,3.0,3.0,4.0,4.0,4.0,6.8,Av. Sensorial,P1,2026-05
Pici 1,2026-05-28,Almoço,PB,Peixe ao M. de Peixada,4.0,4.0,4.0,4.0,4.0,8.0,Av. Sensorial,P1,2026-05
Pici 1,2026-05-28,Almoço,VEG,Bobó de Legumes,4.0,4.0,4.0,4.0,4.0,8.0,Av. Sensorial,P1,2026-05
Pici 2,2026-05-28,Café,ESPECIAL,Iogurte ,4.0,4.0,4.0,4.0,4.0,8.0,Av. Sensorial,P2,2026-05
Pici 1,2026-05-28,Almoço,PV,Isca de Carne ao Molho Escuro,4.0,4.0,4.0,4.0,4.0,8.0,Av. Sensorial,P1,2026-05
Pici 1,2026-05-28,Almoço,PB,Peixe ao M. de Peixada,4.0,4.0,4.0,4.0,4.0,8.0,Av. Sensorial,P1,2026-05
Pici 1,2026-05-28,Almoço,VEG,Bobó de Legumes,4.0,5.0,5.0,4.0,4.0,9.0,Av. Sensorial,P1,2026-05
Pici 2,2026-05-28,Almoço,PV,Isca de Carne ao Molho Escuro,4.0,3.0,3.0,4.0,4.0,7.0,Av. Sensorial,P2,2026-05
Pici 2,2026-05-28,Almoço,PB,Peixe ao M. de Peixada,4.0,4.0,4.0,4.0,4.0,8.0,Av. Sensorial,P2,2026-05
Pici 2,2026-05-28,Almoço,VEG,Bobó de Legumes,4.0,4.0,4.0,4.0,4.0,8.0,Av. Sensorial,P2,2026-05
Pici 1,2026-05-28,Jantar,PV,Cubo Suíno ao Molho Barbecue,4.0,4.0,4.0,4.0,4.0,8.0,Av. Sensorial,P1,2026-05
Pici 1,2026-05-28,Jantar,PB,Isca de Frango Acebolado,3.0,3.0,3.0,4.0,3.0,6.2,Av. Sensorial,P1,2026-05
Pici 1,2026-05-28,Jantar,VEG,Escondidinho de Soja,4.0,4.0,4.0,4.0,4.0,8.0,Av. Sensorial,P1,2026-05
Pici 1,2026-05-28,Jantar,PV,Cubo Suíno ao Molho Barbecue,4.0,4.0,4.0,4.0,4.0,8.0,Av. Sensorial,P1,2026-05
Pici 1,2026-05-28,Jantar,PB,Isca de Frango Acebolado,4.0,4.0,4.0,4.0,4.0,8.0,Av. Sensorial,P1,2026-05
Pici 1,2026-05-28,Jantar,VEG,Escondidinho de Soja,4.0,4.0,4.0,4.0,4.0,8.0,Av. Sensorial,P1,2026-05
Benfica,2026-05-28,Almoço,PV,Isca de Carne ao Molho Escuro,4.0,3.0,3.0,4.0,4.0,7.0,Av. Sensorial,B,2026-05
Benfica,2026-05-28,Almoço,PB,Peixe ao M. de Peixada,4.0,4.0,4.0,4.0,4.0,8.0,Av. Sensorial,B,2026-05
Benfica,2026-05-28,Almoço,VEG,Bobó de Legumes,4.0,4.0,4.0,4.0,4.0,8.0,Av. Sensorial,B,2026-05
Benfica,2026-05-28,Jantar,PV,Cubo Suíno ao Molho Barbecue,4.0,4.0,4.0,4.0,4.0,8.0,Av. Sensorial,B,2026-05
Benfica,2026-05-28,Jantar,PB,Isca de Frango Acebolado,4.0,4.0,3.0,4.0,4.0,7.6,Av. Sensorial,B,2026-05
Benfica,2026-05-28,Jantar,VEG,Escondidinho de Soja,4.0,4.0,4.0,4.0,4.0,8.0,Av. Sensorial,B,2026-05
Benfica,2026-05-29,Café,ESPECIAL,Carne Moída ao Molho,4.0,4.0,4.0,4.0,4.0,8.0,Av. Sensorial,B,2026-05
Benfica,2026-05-29,Café,ESPECIAL VEG,Geleia,4.0,4.0,4.0,4.0,4.0,8.0,Av. Sensorial,B,2026-05
Pici 2,2026-05-29,Café,ESPECIAL,Carne Moída ao Molho,3.0,4.0,4.0,4.0,4.0,7.555555555555555,Av. Sensorial,P2,2026-05
Pici 2,2026-05-29,Café,ESPECIAL VEG,Geleia,3.0,3.0,4.0,4.0,3.0,6.857142857142857,Av. Sensorial,P2,2026-05
Pici 2,2026-05-29,Café,ESPECIAL,Carne Moída ao Molho,4.0,4.0,4.0,4.0,4.0,8.0,Av. Sensorial,P2,2026-05
Labomar,2026-05-28,Almoço,PV,Isca de Carne ao Molho Escuro,3.0,3.0,4.0,4.0,4.0,6.8,Av. Sensorial,L,2026-05
Labomar,2026-05-28,Almoço,PB,Peixe ao M. de Peixada,4.0,4.0,4.0,4.0,4.0,8.0,Av. Sensorial,L,2026-05
Labomar,2026-05-28,Almoço,VEG,Bobó de Legumes,4.0,4.0,5.0,5.0,4.0,8.8,Av. Sensorial,L,2026-05
Labomar,2026-05-29,Almoço,PV,Dobradinha,3.0,4.0,4.0,4.0,4.0,7.4,Av. Sensorial,L,2026-05
Labomar,2026-05-29,Almoço,PB,Sobrecoxa Desossada,4.0,4.0,5.0,4.0,4.0,8.4,Av. Sensorial,L,2026-05
Labomar,2026-05-29,Almoço,VEG,Soja Nordestina,4.0,4.0,4.0,4.0,4.0,8.0,Av. Sensorial,L,2026-05
Porangabussu,2026-05-29,Almoço,PV,Dobradinha,,,,,,0.0,Av. Sensorial,PO,2026-05
Porangabussu,2026-05-29,Almoço,PB,Sobrecoxa Desossada,,,,,,0.0,Av. Sensorial,PO,2026-05
Porangabussu,2026-05-29,Almoço,VEG,Soja Nordestina,,,,,,0.0,Av. Sensorial,PO,2026-05
Porangabussu,2026-05-29,Almoço,PV,Dobradinha,2.0,4.0,4.0,4.0,4.0,6.8,Av. Sensorial,PO,2026-05
Porangabussu,2026-05-29,Almoço,PB,Sobrecoxa Desossada,5.0,5.0,5.0,5.0,5.0,10.0,Av. Sensorial,PO,2026-05
Porangabussu,2026-05-29,Almoço,VEG,Soja Nordestina,4.0,4.0,3.0,4.0,4.0,7.4,Av. Sensorial,PO,2026-05
Pici 1,2026-05-29,Almoço,PV,Dobradinha,3.0,4.0,3.0,4.0,3.0,6.8,Av. Sensorial,P1,2026-05
Pici 1,2026-05-29,Almoço,PB,Sobrecoxa Desossada,4.0,4.0,4.0,4.0,4.0,8.0,Av. Sensorial,P1,2026-05
Pici 1,2026-05-29,Almoço,VEG,Soja Nordestina,4.0,4.0,4.0,4.0,4.0,8.0,Av. Sensorial,P1,2026-05
Pici 2,2026-05-29,Almoço,PV,Dobradinha,,,,,,0.0,Av. Sensorial,P2,2026-05
Pici 2,2026-05-29,Almoço,PB,Sobrecoxa Desossada,,,,,,0.0,Av. Sensorial,P2,2026-05
Pici 2,2026-05-29,Almoço,VEG,Soja Nordestina,,,,,,0.0,Av. Sensorial,P2,2026-05
Benfica,2026-05-29,Almoço,PV,Dobradinha,3.0,4.0,4.0,4.0,4.0,7.4,Av. Sensorial,B,2026-05
Benfica,2026-05-29,Almoço,PB,Sobrecoxa Desossada,4.0,4.0,4.0,4.0,4.0,8.0,Av. Sensorial,B,2026-05
Benfica,2026-05-29,Almoço,VEG,Soja Nordestina,4.0,4.0,4.0,4.0,4.0,8.0,Av. Sensorial,B,2026-05
Pici 1,2026-05-29,Almoço,PV,Dobradinha,4.0,4.0,4.0,4.0,4.0,8.0,Av. Sensorial,P1,2026-05
Pici 1,2026-05-29,Almoço,PB,Sobrecoxa Desossada,4.0,4.0,4.0,4.0,4.0,8.0,Av. Sensorial,P1,2026-05
Pici 1,2026-05-29,Almoço,VEG,Soja Nordestina,4.0,4.0,3.0,4.0,4.0,7.4,Av. Sensorial,P1,2026-05
Pici 1,2026-05-29,Jantar,PV,Escondidinho de Carne,4.0,4.0,4.0,4.0,4.0,8.0,Av. Sensorial,P1,2026-05
Pici 1,2026-05-29,Jantar,PB,Cubos de Frango com Batata Rústica,4.0,3.0,4.0,4.0,4.0,7.4,Av. Sensorial,P1,2026-05
Pici 1,2026-05-29,Jantar,VEG,Bolinho de grão de bico,4.0,3.0,4.0,4.0,4.0,7.6,Av. Sensorial,P1,2026-05
Benfica,2026-05-29,Almoço,PV,Dobradinha,4.0,4.0,4.0,4.0,4.0,8.0,Av. Sensorial,B,2026-05
Benfica,2026-05-29,Almoço,PB,Sobrecoxa Desossada,4.0,4.0,4.0,4.0,4.0,8.0,Av. Sensorial,B,2026-05
Benfica,2026-05-29,Almoço,VEG,Soja Nordestina,4.0,4.0,4.0,4.0,4.0,8.0,Av. Sensorial,B,2026-05
Benfica,2026-05-29,Jantar,PV,Escondidinho de Carne,4.0,4.0,4.0,4.0,4.0,8.0,Av. Sensorial,B,2026-05
Benfica,2026-05-29,Jantar,PB,Cubos de Frango com Batata Rústica,3.0,4.0,4.0,4.0,4.0,7.4,Av. Sensorial,B,2026-05
Benfica,2026-05-29,Jantar,VEG,Bolinho de grão de bico,4.0,4.0,4.0,4.0,4.0,8.0,Av. Sensorial,B,2026-05
Benfica,2026-06-01,Café,ESPECIAL,Achocolatado,4.0,4.0,4.0,4.0,4.0,8.0,Av. Sensorial,B,2026-06
Benfica,2026-06-01,Café,ESPECIAL VEG,Achocolatado vegano ,4.0,4.0,4.0,4.0,4.0,8.0,Av. Sensorial,B,2026-06
Pici 2,2026-06-01,Café,ESPECIAL,Achocolatado,4.0,4.0,4.0,4.0,4.0,8.0,Av. Sensorial,P2,2026-06
Pici 2,2026-06-01,Café,ESPECIAL VEG,Achocolatado vegano ,4.0,4.0,4.0,4.0,4.0,8.0,Av. Sensorial,P2,2026-06
Pici 1,2026-06-01,Almoço,PV,Picadinho com Legumes,4.0,3.0,3.0,4.0,3.0,6.8,Av. Sensorial,P1,2026-06
Pici 1,2026-06-01,Almoço,PB,Sobrecoxa Assada,4.0,4.0,5.0,4.0,4.0,8.4,Av. Sensorial,P1,2026-06
Pici 1,2026-06-01,Almoço,VEG,Macarronada Vegetariana,4.0,4.0,3.0,4.0,4.0,7.4,Av. Sensorial,P1,2026-06
Pici 1,2026-06-01,Almoço,PV,Picadinho com Legumes,3.0,3.0,4.0,4.0,4.0,6.8,Av. Sensorial,P1,2026-06
Pici 1,2026-06-01,Almoço,PB,Sobrecoxa Assada,4.0,4.0,4.0,4.0,4.0,8.0,Av. Sensorial,P1,2026-06
Pici 1,2026-06-01,Almoço,VEG,Macarronada Vegetariana,4.0,4.0,4.0,3.0,4.0,7.8,Av. Sensorial,P1,2026-06
Benfica,2026-06-01,Almoço,PV,Picadinho com Legumes,3.0,2.0,3.0,4.0,3.0,5.6,Av. Sensorial,B,2026-06
Benfica,2026-06-01,Almoço,PB,Sobrecoxa Assada,4.0,4.0,4.0,4.0,4.0,8.0,Av. Sensorial,B,2026-06
Benfica,2026-06-01,Almoço,VEG,Macarronada Vegetariana,4.0,4.0,4.0,4.0,4.0,8.0,Av. Sensorial,B,2026-06
Pici 2,2026-06-01,Almoço,PV,Picadinho com Legumes,3.0,3.0,3.0,4.0,3.0,6.2,Av. Sensorial,P2,2026-06
Pici 2,2026-06-01,Almoço,PB,Sobrecoxa Assada,4.0,4.0,4.0,4.0,4.0,8.0,Av. Sensorial,P2,2026-06
Pici 2,2026-06-01,Almoço,VEG,Macarronada Vegetariana,4.0,4.0,4.0,4.0,4.0,8.0,Av. Sensorial,P2,2026-06
Porangabussu,2026-06-01,Almoço,PV,Picadinho com Legumes,3.0,3.0,4.0,4.0,4.0,6.8,Av. Sensorial,PO,2026-06
Porangabussu,2026-06-01,Almoço,PB,Sobrecoxa Assada,4.0,4.0,4.0,4.0,4.0,8.0,Av. Sensorial,PO,2026-06
Porangabussu,2026-06-01,Almoço,VEG,Macarronada Vegetariana,4.0,4.0,4.0,4.0,4.0,8.0,Av. Sensorial,PO,2026-06
Benfica,2026-06-01,Almoço,PV,Picadinho com Legumes,4.0,3.0,3.0,4.0,3.0,6.8,Av. Sensorial,B,2026-06
Benfica,2026-06-01,Almoço,PB,Sobrecoxa Assada,4.0,4.0,4.0,4.0,4.0,8.0,Av. Sensorial,B,2026-06
Benfica,2026-06-01,Almoço,VEG,Macarronada Vegetariana,4.0,4.0,4.0,4.0,4.0,8.0,Av. Sensorial,B,2026-06
Benfica,2026-06-01,Jantar,PV,Cubo suíno acebolado,4.0,4.0,4.0,4.0,4.0,8.0,Av. Sensorial,B,2026-06
Benfica,2026-06-01,Jantar,PB,Fricassê de Frango,4.0,4.0,4.0,4.0,4.0,8.0,Av. Sensorial,B,2026-06
Benfica,2026-06-01,Jantar,VEG,Salpicão vegano,4.0,4.0,3.0,4.0,4.0,7.4,Av. Sensorial,B,2026-06
Pici 1,2026-06-01,Jantar,PV,Cubo suíno acebolado,4.0,4.0,4.0,4.0,4.0,8.0,Av. Sensorial,P1,2026-06
Pici 1,2026-06-01,Jantar,PB,Fricassê de Frango,4.0,4.0,4.0,4.0,4.0,8.0,Av. Sensorial,P1,2026-06
Pici 1,2026-06-01,Jantar,VEG,Salpicão vegano,4.0,4.0,4.0,4.0,4.0,8.0,Av. Sensorial,P1,2026-06
Porangabussu,2026-06-01,Almoço,PV,Picadinho com Legumes,3.0,3.0,4.0,4.0,4.0,6.8,Av. Sensorial,PO,2026-06
Porangabussu,2026-06-01,Almoço,PB,Sobrecoxa Assada,4.0,4.0,4.0,4.0,4.0,8.0,Av. Sensorial,PO,2026-06
Porangabussu,2026-06-01,Almoço,VEG,Macarronada Vegetariana,4.0,4.0,4.0,4.0,4.0,8.0,Av. Sensorial,PO,2026-06
Benfica,2026-06-02,Café,ESPECIAL,Queijo ,4.0,4.0,4.0,4.0,4.0,8.0,Av. Sensorial,B,2026-06
Benfica,2026-06-02,Café,ESPECIAL VEG,Granola,4.0,4.0,4.0,4.0,4.0,8.0,Av. Sensorial,B,2026-06
Pici 2,2026-06-02,Café,ESPECIAL,Queijo ,4.0,4.0,4.0,4.0,4.0,8.0,Av. Sensorial,P2,2026-06
Pici 2,2026-06-02,Café,ESPECIAL VEG,Granola,4.0,4.0,4.0,4.0,4.0,8.0,Av. Sensorial,P2,2026-06
Pici 2,2026-06-02,Café,ESPECIAL,Queijo ,4.0,4.0,4.0,4.0,4.0,8.0,Av. Sensorial,P2,2026-06
Labomar,2026-06-01,Almoço,PV,Picadinho com Legumes,3.0,3.0,3.0,4.0,3.0,6.2,Av. Sensorial,L,2026-06
Labomar,2026-06-01,Almoço,PB,Sobrecoxa Assada,4.0,4.0,4.0,4.0,4.0,8.0,Av. Sensorial,L,2026-06
Labomar,2026-06-01,Almoço,VEG,Macarronada Vegetariana,4.0,4.0,4.0,4.0,4.0,8.0,Av. Sensorial,L,2026-06
Labomar,2026-06-02,Almoço,PV,Cubo Suíno à Carioca,3.0,3.0,3.0,4.0,4.0,6.4,Av. Sensorial,L,2026-06
Labomar,2026-06-02,Almoço,PB,Isca de Frango ao M. de Legumes,3.0,4.0,4.0,4.0,4.0,7.4,Av. Sensorial,L,2026-06
Labomar,2026-06-02,Almoço,VEG,Vatapá Vegano,4.0,4.0,4.0,4.0,4.0,8.0,Av. Sensorial,L,2026-06
Pici 1,2026-06-02,Almoço,PV,Cubo Suíno à Carioca,3.0,3.0,3.0,4.0,4.0,6.4,Av. Sensorial,P1,2026-06
Pici 1,2026-06-02,Almoço,PB,Isca de Frango ao M. de Legumes,3.0,4.0,4.0,4.0,4.0,7.4,Av. Sensorial,P1,2026-06
Pici 1,2026-06-02,Almoço,VEG,Vatapá Vegano,4.0,4.0,4.0,4.0,4.0,8.0,Av. Sensorial,P1,2026-06
Porangabussu,2026-06-02,Almoço,PV,Cubo Suíno à Carioca,3.0,4.0,4.0,4.0,4.0,7.4,Av. Sensorial,PO,2026-06
Porangabussu,2026-06-02,Almoço,PB,Isca de Frango ao M. de Legumes,4.0,4.0,4.0,4.0,4.0,8.0,Av. Sensorial,PO,2026-06
Porangabussu,2026-06-02,Almoço,VEG,Vatapá Vegano,4.0,4.0,4.0,4.0,4.0,8.0,Av. Sensorial,PO,2026-06
Porangabussu,2026-06-02,Almoço,PV,Cubo Suíno à Carioca,4.0,4.0,4.0,4.0,4.0,8.0,Av. Sensorial,PO,2026-06
Porangabussu,2026-06-02,Almoço,PB,Isca de Frango ao M. de Legumes,4.0,4.0,4.0,4.0,4.0,8.0,Av. Sensorial,PO,2026-06
Porangabussu,2026-06-02,Almoço,VEG,Vatapá Vegano,4.0,4.0,4.0,4.0,4.0,8.0,Av. Sensorial,PO,2026-06
Pici 2,2026-06-02,Almoço,PV,Cubo Suíno à Carioca,4.0,4.0,4.0,4.0,4.0,8.0,Av. Sensorial,P2,2026-06
Pici 2,2026-06-02,Almoço,PB,Isca de Frango ao M. de Legumes,4.0,4.0,4.0,4.0,4.0,8.0,Av. Sensorial,P2,2026-06
Pici 2,2026-06-02,Almoço,VEG,Vatapá Vegano,4.0,4.0,4.0,4.0,4.0,8.0,Av. Sensorial,P2,2026-06
Pici 2,2026-06-02,Almoço,PV,Cubo Suíno à Carioca,4.0,4.0,4.0,4.0,4.0,8.0,Av. Sensorial,P2,2026-06
Pici 2,2026-06-02,Almoço,PB,Isca de Frango ao M. de Legumes,4.0,4.0,4.0,4.0,4.0,8.0,Av. Sensorial,P2,2026-06
Pici 2,2026-06-02,Almoço,VEG,Vatapá Vegano,4.0,4.0,4.0,4.0,4.0,8.0,Av. Sensorial,P2,2026-06
Benfica,2026-06-02,Almoço,PV,Cubo Suíno à Carioca,3.0,4.0,4.0,4.0,4.0,7.4,Av. Sensorial,B,2026-06
Benfica,2026-06-02,Almoço,PB,Isca de Frango ao M. de Legumes,4.0,4.0,4.0,4.0,4.0,8.0,Av. Sensorial,B,2026-06
Benfica,2026-06-02,Almoço,VEG,Vatapá Vegano,4.0,3.0,4.0,4.0,4.0,7.6,Av. Sensorial,B,2026-06
Pici 1,2026-06-02,Jantar,PV,Carne Moída Refogada,4.0,4.0,4.0,4.0,4.0,8.0,Av. Sensorial,P1,2026-06
Pici 1,2026-06-02,Jantar,PB,Sobrecoxa Assada,4.0,4.0,4.0,4.0,4.0,8.0,Av. Sensorial,P1,2026-06
Pici 1,2026-06-02,Jantar,VEG,Hambúrguer de Soja,4.0,4.0,4.0,4.0,4.0,8.0,Av. Sensorial,P1,2026-06
Benfica,2026-06-02,Almoço,PV,Cubo Suíno à Carioca,3.0,4.0,4.0,4.0,4.0,7.4,Av. Sensorial,B,2026-06
Benfica,2026-06-02,Almoço,PB,Isca de Frango ao M. de Legumes,4.0,4.0,4.0,4.0,4.0,8.0,Av. Sensorial,B,2026-06
Benfica,2026-06-02,Almoço,VEG,Vatapá Vegano,4.0,4.0,4.0,4.0,4.0,8.0,Av. Sensorial,B,2026-06
Benfica,2026-06-02,Jantar,PV,Carne Moída Refogada,4.0,4.0,4.0,4.0,4.0,8.0,Av. Sensorial,B,2026-06
Benfica,2026-06-02,Jantar,PB,Sobrecoxa Assada,4.0,4.0,4.0,4.0,4.0,8.0,Av. Sensorial,B,2026-06
Benfica,2026-06-02,Jantar,VEG,Hambúrguer de Soja,4.0,4.0,4.0,4.0,4.0,8.0,Av. Sensorial,B,2026-06
Pici 2,2026-06-03,Café,ESPECIAL,Ovos Mexidos,3.0,3.0,3.0,4.0,3.0,6.222222222222222,Av. Sensorial,P2,2026-06
Pici 2,2026-06-03,Café,ESPECIAL VEG,Pasta de Amendoim,4.0,4.0,4.0,4.0,4.0,8.0,Av. Sensorial,P2,2026-06
Benfica,2026-06-03,Almoço,PV,Feijoada,4.0,4.0,4.0,4.0,4.0,8.0,Av. Sensorial,B,2026-06
Benfica,2026-06-03,Almoço,PB,Sobrecoxa com Gergelim,4.0,4.0,3.0,4.0,4.0,7.6,Av. Sensorial,B,2026-06
Benfica,2026-06-03,Almoço,VEG,Moqueca Vegetariana,4.0,4.0,4.0,4.0,4.0,8.0,Av. Sensorial,B,2026-06
Benfica,2026-06-03,Café,ESPECIAL,Ovos Mexidos,4.0,3.0,3.0,4.0,4.0,6.888888888888889,Av. Sensorial,B,2026-06
Benfica,2026-06-03,Café,ESPECIAL VEG,Pasta de Amendoim,4.0,4.0,4.0,4.0,4.0,8.0,Av. Sensorial,B,2026-06
Labomar,2026-06-03,Almoço,PV,Feijoada,4.0,4.0,4.0,4.0,4.0,8.0,Av. Sensorial,L,2026-06
Labomar,2026-06-03,Almoço,PB,Sobrecoxa com Gergelim,4.0,4.0,4.0,4.0,4.0,8.0,Av. Sensorial,L,2026-06
Labomar,2026-06-03,Almoço,VEG,Moqueca Vegetariana,4.0,4.0,4.0,4.0,4.0,8.0,Av. Sensorial,L,2026-06
Pici 1,2026-06-02,Almoço,PV,Cubo Suíno à Carioca,4.0,4.0,4.0,4.0,4.0,8.0,Av. Sensorial,P1,2026-06
Pici 1,2026-06-02,Almoço,PB,Isca de Frango ao M. de Legumes,4.0,4.0,4.0,4.0,4.0,8.0,Av. Sensorial,P1,2026-06
Pici 1,2026-06-02,Almoço,VEG,Vatapá Vegano,4.0,4.0,4.0,4.0,4.0,8.0,Av. Sensorial,P1,2026-06
Pici 1,2026-06-03,Almoço,PV,Feijoada,4.0,4.0,4.0,4.0,4.0,8.0,Av. Sensorial,P1,2026-06
Pici 1,2026-06-03,Almoço,PB,Sobrecoxa com Gergelim,4.0,4.0,3.0,4.0,4.0,7.6,Av. Sensorial,P1,2026-06
Pici 1,2026-06-03,Almoço,VEG,Moqueca Vegetariana,4.0,4.0,5.0,4.0,4.0,8.6,Av. Sensorial,P1,2026-06
Pici 1,2026-06-02,Almoço,PV,Cubo Suíno à Carioca,4.0,5.0,5.0,4.0,4.0,9.0,Av. Sensorial,P1,2026-06
Pici 1,2026-06-02,Almoço,PB,Isca de Frango ao M. de Legumes,4.0,4.0,4.0,4.0,4.0,8.0,Av. Sensorial,P1,2026-06
Pici 1,2026-06-02,Almoço,VEG,Vatapá Vegano,4.0,4.0,4.0,4.0,4.0,8.0,Av. Sensorial,P1,2026-06
Pici 1,2026-06-03,Almoço,PV,Feijoada,4.0,4.0,5.0,4.0,4.0,8.4,Av. Sensorial,P1,2026-06
Pici 1,2026-06-03,Almoço,PB,Sobrecoxa com Gergelim,4.0,3.0,4.0,4.0,4.0,7.4,Av. Sensorial,P1,2026-06
Pici 1,2026-06-03,Almoço,VEG,Moqueca Vegetariana,4.0,4.0,4.0,4.0,4.0,8.0,Av. Sensorial,P1,2026-06
Porangabussu,2026-06-03,Almoço,PV,Feijoada,4.0,4.0,4.0,4.0,4.0,8.0,Av. Sensorial,PO,2026-06
Porangabussu,2026-06-03,Almoço,PB,Sobrecoxa com Gergelim,4.0,4.0,4.0,4.0,4.0,8.0,Av. Sensorial,PO,2026-06
Porangabussu,2026-06-03,Almoço,VEG,Moqueca Vegetariana,4.0,4.0,4.0,4.0,4.0,8.0,Av. Sensorial,PO,2026-06
Pici 2,2026-06-03,Almoço,PV,Feijoada,4.0,4.0,4.0,4.0,4.0,8.0,Av. Sensorial,P2,2026-06
Pici 2,2026-06-03,Almoço,PB,Sobrecoxa com Gergelim,4.0,4.0,4.0,4.0,4.0,8.0,Av. Sensorial,P2,2026-06
Pici 2,2026-06-03,Almoço,VEG,Moqueca Vegetariana,4.0,4.0,4.0,4.0,4.0,8.0,Av. Sensorial,P2,2026-06
Pici 2,2026-05-25,Almoço,PV,Cozido Bovino à Calabresa,3.0,3.0,3.0,4.0,3.0,6.2,Av. Sensorial,P2,2026-05
Pici 2,2026-05-25,Almoço,PB,Cubos de Frango ao Molho Mostarda,4.0,4.0,4.0,4.0,4.0,8.0,Av. Sensorial,P2,2026-05
Pici 2,2026-05-25,Almoço,VEG,Yakissoba Vegetariano,4.0,4.0,4.0,4.0,4.0,8.0,Av. Sensorial,P2,2026-05
Pici 2,2026-06-03,Almoço,PV,Feijoada,4.0,4.0,4.0,4.0,4.0,8.0,Av. Sensorial,P2,2026-06
Pici 2,2026-06-03,Almoço,PB,Sobrecoxa com Gergelim,4.0,4.0,4.0,4.0,4.0,8.0,Av. Sensorial,P2,2026-06
Pici 2,2026-06-03,Almoço,VEG,Moqueca Vegetariana,4.0,4.0,4.0,4.0,4.0,8.0,Av. Sensorial,P2,2026-06
Porangabussu,2026-06-03,Almoço,PV,Feijoada,4.0,4.0,3.0,4.0,4.0,7.6,Av. Sensorial,PO,2026-06
Porangabussu,2026-06-03,Almoço,PB,Sobrecoxa com Gergelim,4.0,4.0,4.0,4.0,4.0,8.0,Av. Sensorial,PO,2026-06
Porangabussu,2026-06-03,Almoço,VEG,Moqueca Vegetariana,4.0,4.0,4.0,4.0,4.0,8.0,Av. Sensorial,PO,2026-06
Pici 1,2026-06-03,Jantar,PV,Isca de Carne ao M. Tomate,3.0,4.0,4.0,3.0,3.0,7.0,Av. Sensorial,P1,2026-06
Pici 1,2026-06-03,Jantar,PB,Cubos de Frango Acebolado,3.0,3.0,3.0,4.0,3.0,6.2,Av. Sensorial,P1,2026-06
Pici 1,2026-06-03,Jantar,VEG,Panqueca Vegana ao Molho Branco,4.0,3.0,2.0,4.0,3.0,6.2,Av. Sensorial,P1,2026-06
Pici 1,2026-06-03,Jantar,PV,Isca de Carne ao M. Tomate,3.0,4.0,4.0,4.0,4.0,7.4,Av. Sensorial,P1,2026-06
Pici 1,2026-06-03,Jantar,PB,Cubos de Frango Acebolado,3.0,3.0,3.0,4.0,3.0,6.2,Av. Sensorial,P1,2026-06
Pici 1,2026-06-03,Jantar,VEG,Panqueca Vegana ao Molho Branco,4.0,3.0,4.0,4.0,4.0,7.6,Av. Sensorial,P1,2026-06
Benfica,2026-06-03,Almoço,PV,Feijoada,4.0,4.0,4.0,4.0,4.0,8.0,Av. Sensorial,B,2026-06
Benfica,2026-06-03,Almoço,PB,Sobrecoxa com Gergelim,4.0,4.0,4.0,4.0,4.0,8.0,Av. Sensorial,B,2026-06
Benfica,2026-06-03,Almoço,VEG,Moqueca Vegetariana,4.0,4.0,4.0,4.0,4.0,8.0,Av. Sensorial,B,2026-06
Benfica,2026-06-03,Jantar,PV,Isca de Carne ao M. Tomate,3.0,4.0,4.0,4.0,4.0,7.4,Av. Sensorial,B,2026-06
Benfica,2026-06-03,Jantar,PB,Cubos de Frango Acebolado,3.0,4.0,3.0,4.0,4.0,7.0,Av. Sensorial,B,2026-06
Benfica,2026-06-03,Jantar,VEG,Panqueca Vegana ao Molho Branco,4.0,4.0,4.0,4.0,4.0,8.0,Av. Sensorial,B,2026-06
Benfica,2026-06-03,Jantar,PV,Isca de Carne ao M. Tomate,3.0,3.0,3.0,4.0,3.0,6.2,Av. Sensorial,B,2026-06
Benfica,2026-06-03,Jantar,PB,Cubos de Frango Acebolado,4.0,4.0,4.0,4.0,4.0,8.0,Av. Sensorial,B,2026-06
Benfica,2026-06-03,Jantar,VEG,Panqueca Vegana ao Molho Branco,4.0,4.0,4.0,4.0,4.0,8.0,Av. Sensorial,B,2026-06
Benfica,2026-06-08,Café,ESPECIAL,Mingau ,4.0,4.0,4.0,4.0,4.0,8.0,Av. Sensorial,B,2026-06
Benfica,2026-06-08,Café,ESPECIAL VEG,Achocolatado vegano ,4.0,4.0,4.0,4.0,4.0,8.0,Av. Sensorial,B,2026-06
Pici 2,2026-06-08,Café,ESPECIAL,Mingau ,4.0,4.0,4.0,4.0,4.0,8.0,Av. Sensorial,P2,2026-06
Pici 2,2026-06-08,Café,ESPECIAL VEG,Achocolatado vegano ,4.0,4.0,4.0,4.0,4.0,8.0,Av. Sensorial,P2,2026-06
Pici 1,2026-06-08,Almoço,PV,Estrogonofe de Carne,4.0,4.0,4.0,4.0,4.0,8.0,Av. Sensorial,P1,2026-06
Pici 1,2026-06-08,Almoço,PB,Sobrecoxa Assada,4.0,3.0,3.0,4.0,4.0,7.0,Av. Sensorial,P1,2026-06
Pici 1,2026-06-08,Almoço,VEG,Risoto de Lentilha,3.0,4.0,4.0,4.0,4.0,7.4,Av. Sensorial,P1,2026-06
Pici 1,2026-06-08,Almoço,PV,Estrogonofe de Carne,4.0,4.0,4.0,4.0,4.0,8.0,Av. Sensorial,P1,2026-06
Pici 1,2026-06-08,Almoço,PB,Sobrecoxa Assada,4.0,4.0,3.0,4.0,4.0,7.6,Av. Sensorial,P1,2026-06
Pici 1,2026-06-08,Almoço,VEG,Risoto de Lentilha,3.0,4.0,4.0,4.0,4.0,7.4,Av. Sensorial,P1,2026-06
Pici 1,2026-06-08,Almoço,PV,Estrogonofe de Carne,4.0,4.0,3.0,4.0,4.0,7.6,Av. Sensorial,P1,2026-06
Pici 1,2026-06-08,Almoço,PB,Sobrecoxa Assada,4.0,4.0,3.0,4.0,4.0,7.6,Av. Sensorial,P1,2026-06
Pici 1,2026-06-08,Almoço,VEG,Risoto de Lentilha,3.0,4.0,4.0,4.0,4.0,7.4,Av. Sensorial,P1,2026-06
Porangabussu,2026-06-08,Almoço,PV,Estrogonofe de Carne,4.0,4.0,3.0,4.0,4.0,7.6,Av. Sensorial,PO,2026-06
Porangabussu,2026-06-08,Almoço,PB,Sobrecoxa Assada,3.0,4.0,4.0,4.0,4.0,7.4,Av. Sensorial,PO,2026-06
Porangabussu,2026-06-08,Almoço,VEG,Risoto de Lentilha,4.0,3.0,4.0,4.0,4.0,7.6,Av. Sensorial,PO,2026-06
Porangabussu,2026-06-08,Almoço,PV,Estrogonofe de Carne,4.0,4.0,4.0,4.0,4.0,8.0,Av. Sensorial,PO,2026-06
Porangabussu,2026-06-08,Almoço,PB,Sobrecoxa Assada,4.0,4.0,4.0,4.0,4.0,8.0,Av. Sensorial,PO,2026-06
Porangabussu,2026-06-08,Almoço,VEG,Risoto de Lentilha,3.0,3.0,3.0,4.0,3.0,6.2,Av. Sensorial,PO,2026-06
Pici 2,2026-06-08,Almoço,PV,Estrogonofe de Carne,4.0,4.0,3.0,4.0,4.0,7.6,Av. Sensorial,P2,2026-06
Pici 2,2026-06-08,Almoço,PB,Sobrecoxa Assada,3.0,4.0,4.0,4.0,4.0,7.4,Av. Sensorial,P2,2026-06
Pici 2,2026-06-08,Almoço,VEG,Risoto de Lentilha,4.0,4.0,4.0,4.0,4.0,8.0,Av. Sensorial,P2,2026-06
Benfica,2026-06-08,Almoço,PV,Estrogonofe de Carne,4.0,3.0,3.0,4.0,4.0,7.0,Av. Sensorial,B,2026-06
Benfica,2026-06-08,Almoço,PB,Sobrecoxa Assada,4.0,4.0,4.0,4.0,4.0,8.0,Av. Sensorial,B,2026-06
Benfica,2026-06-08,Almoço,VEG,Risoto de Lentilha,4.0,4.0,4.0,4.0,4.0,8.0,Av. Sensorial,B,2026-06
Pici 1,2026-06-08,Almoço,PV,Estrogonofe de Carne,4.0,4.0,3.0,4.0,4.0,7.6,Av. Sensorial,P1,2026-06
Pici 1,2026-06-08,Almoço,PB,Sobrecoxa Assada,4.0,4.0,4.0,4.0,4.0,8.0,Av. Sensorial,P1,2026-06
Pici 1,2026-06-08,Almoço,VEG,Risoto de Lentilha,4.0,4.0,4.0,4.0,4.0,8.0,Av. Sensorial,P1,2026-06
Pici 2,2026-06-08,Almoço,PV,Estrogonofe de Carne,4.0,4.0,4.0,4.0,4.0,8.0,Av. Sensorial,P2,2026-06
Pici 2,2026-06-08,Almoço,PB,Sobrecoxa Assada,2.0,4.0,4.0,4.0,4.0,6.8,Av. Sensorial,P2,2026-06
Pici 2,2026-06-08,Almoço,VEG,Risoto de Lentilha,4.0,4.0,4.0,4.0,4.0,8.0,Av. Sensorial,P2,2026-06
Pici 1,2026-06-08,Jantar,PV,Picadinho com Legumes,4.0,4.0,4.0,4.0,4.0,8.0,Av. Sensorial,P1,2026-06
Pici 1,2026-06-08,Jantar,PB,Frango Xadrez,4.0,4.0,4.0,4.0,4.0,8.0,Av. Sensorial,P1,2026-06
Pici 1,2026-06-08,Jantar,VEG,Rocambole de Grão de Bico,4.0,4.0,4.0,4.0,4.0,8.0,Av. Sensorial,P1,2026-06
Pici 1,2026-06-08,Jantar,PV,Picadinho com Legumes,3.0,4.0,4.0,4.0,4.0,7.4,Av. Sensorial,P1,2026-06
Pici 1,2026-06-08,Jantar,PB,Frango Xadrez,4.0,4.0,4.0,4.0,4.0,8.0,Av. Sensorial,P1,2026-06
Pici 1,2026-06-08,Jantar,VEG,Rocambole de Grão de Bico,4.0,4.0,4.0,4.0,4.0,8.0,Av. Sensorial,P1,2026-06
Benfica,2026-06-08,Almoço,PV,Estrogonofe de Carne,4.0,4.0,4.0,4.0,4.0,8.0,Av. Sensorial,B,2026-06
Benfica,2026-06-08,Almoço,PB,Sobrecoxa Assada,3.0,4.0,4.0,4.0,4.0,7.4,Av. Sensorial,B,2026-06
Benfica,2026-06-08,Almoço,VEG,Risoto de Lentilha,4.0,4.0,4.0,4.0,4.0,8.0,Av. Sensorial,B,2026-06
Benfica,2026-06-08,Jantar,PV,Picadinho com Legumes,4.0,4.0,4.0,4.0,4.0,8.0,Av. Sensorial,B,2026-06
Benfica,2026-06-08,Jantar,PB,Frango Xadrez,4.0,4.0,4.0,4.0,4.0,8.0,Av. Sensorial,B,2026-06
Benfica,2026-06-08,Jantar,VEG,Rocambole de Grão de Bico,4.0,4.0,4.0,4.0,4.0,8.0,Av. Sensorial,B,2026-06
Benfica,2026-06-08,Jantar,PV,Picadinho com Legumes,3.0,3.0,4.0,4.0,4.0,6.8,Av. Sensorial,B,2026-06
Benfica,2026-06-08,Jantar,PB,Frango Xadrez,4.0,4.0,4.0,4.0,4.0,8.0,Av. Sensorial,B,2026-06
Benfica,2026-06-08,Jantar,VEG,Rocambole de Grão de Bico,4.0,4.0,4.0,4.0,4.0,8.0,Av. Sensorial,B,2026-06
Benfica,2026-06-09,Café,ESPECIAL,Queijo ,4.0,4.0,4.0,4.0,4.0,8.0,Av. Sensorial,B,2026-06
Benfica,2026-06-09,Café,ESPECIAL VEG,Granola,4.0,4.0,4.0,4.0,4.0,8.0,Av. Sensorial,B,2026-06
Pici 2,2026-06-09,Café,ESPECIAL,Queijo ,4.0,4.0,4.0,4.0,4.0,8.0,Av. Sensorial,P2,2026-06
Benfica,2026-06-09,Almoço,PV,Cubo Suíno ao Molho Barbecue,2.0,4.0,3.0,4.0,3.0,6.2,Av. Sensorial,B,2026-06
Benfica,2026-06-09,Almoço,PB,Isca de Frango Acebolado,4.0,4.0,4.0,4.0,4.0,8.0,Av. Sensorial,B,2026-06
Benfica,2026-06-09,Almoço,VEG,Soja Nordestina,4.0,3.0,3.0,4.0,4.0,7.0,Av. Sensorial,B,2026-06
Labomar,2026-06-08,Almoço,PV,Estrogonofe de Carne,4.0,3.0,4.0,4.0,4.0,7.4,Av. Sensorial,L,2026-06
Labomar,2026-06-08,Almoço,PB,Sobrecoxa Assada,4.0,4.0,4.0,4.0,4.0,8.0,Av. Sensorial,L,2026-06
Labomar,2026-06-08,Almoço,VEG,Risoto de Lentilha,4.0,4.0,4.0,4.0,4.0,8.0,Av. Sensorial,L,2026-06
Pici 1,2026-06-09,Almoço,PV,Cubo Suíno ao Molho Barbecue,3.0,4.0,3.0,4.0,3.0,6.8,Av. Sensorial,P1,2026-06
Pici 1,2026-06-09,Almoço,PB,Isca de Frango Acebolado,4.0,4.0,4.0,4.0,4.0,8.0,Av. Sensorial,P1,2026-06
Pici 1,2026-06-09,Almoço,VEG,Soja Nordestina,4.0,4.0,4.0,4.0,4.0,8.0,Av. Sensorial,P1,2026-06
Pici 1,2026-06-09,Almoço,PV,Cubo Suíno ao Molho Barbecue,3.0,4.0,3.0,4.0,3.0,6.8,Av. Sensorial,P1,2026-06
Pici 1,2026-06-09,Almoço,PB,Isca de Frango Acebolado,4.0,4.0,4.0,4.0,4.0,8.0,Av. Sensorial,P1,2026-06
Pici 1,2026-06-09,Almoço,VEG,Soja Nordestina,4.0,4.0,4.0,4.0,4.0,8.0,Av. Sensorial,P1,2026-06
Pici 1,2026-06-09,Almoço,PV,Cubo Suíno ao Molho Barbecue,3.0,4.0,3.0,4.0,3.0,6.8,Av. Sensorial,P1,2026-06
Pici 1,2026-06-09,Almoço,PB,Isca de Frango Acebolado,3.0,3.0,3.0,4.0,3.0,6.2,Av. Sensorial,P1,2026-06
Pici 1,2026-06-09,Almoço,VEG,Soja Nordestina,4.0,4.0,3.0,4.0,3.0,7.2,Av. Sensorial,P1,2026-06
Porangabussu,2026-06-09,Almoço,PV,Cubo Suíno ao Molho Barbecue,3.0,4.0,3.0,4.0,3.0,6.8,Av. Sensorial,PO,2026-06
Porangabussu,2026-06-09,Almoço,PB,Isca de Frango Acebolado,3.0,4.0,4.0,4.0,4.0,7.4,Av. Sensorial,PO,2026-06
Porangabussu,2026-06-09,Almoço,VEG,Soja Nordestina,3.0,3.0,3.0,4.0,3.0,6.2,Av. Sensorial,PO,2026-06
Pici 2,2026-06-09,Café,ESPECIAL,Queijo ,4.0,4.0,4.0,4.0,4.0,8.0,Av. Sensorial,P2,2026-06
Pici 2,2026-06-09,Café,ESPECIAL VEG,Granola,4.0,4.0,4.0,4.0,4.0,8.0,Av. Sensorial,P2,2026-06
Pici 2,2026-06-09,Almoço,PV,Cubo Suíno ao Molho Barbecue,3.0,4.0,4.0,4.0,4.0,7.4,Av. Sensorial,P2,2026-06
Pici 2,2026-06-09,Almoço,PB,Isca de Frango Acebolado,4.0,4.0,4.0,4.0,4.0,8.0,Av. Sensorial,P2,2026-06
Pici 2,2026-06-09,Almoço,VEG,Soja Nordestina,4.0,4.0,4.0,4.0,4.0,8.0,Av. Sensorial,P2,2026-06
Pici 2,2026-06-09,Almoço,PV,Cubo Suíno ao Molho Barbecue,3.0,4.0,3.0,4.0,3.0,6.8,Av. Sensorial,P2,2026-06
Pici 2,2026-06-09,Almoço,PB,Isca de Frango Acebolado,3.0,3.0,3.0,4.0,3.0,6.2,Av. Sensorial,P2,2026-06
Pici 2,2026-06-09,Almoço,VEG,Soja Nordestina,4.0,4.0,4.0,4.0,4.0,8.0,Av. Sensorial,P2,2026-06
Porangabussu,2026-06-09,Almoço,PV,Cubo Suíno ao Molho Barbecue,2.0,3.0,2.0,4.0,2.0,5.0,Av. Sensorial,PO,2026-06
Porangabussu,2026-06-09,Almoço,PB,Isca de Frango Acebolado,4.0,4.0,3.0,4.0,4.0,7.6,Av. Sensorial,PO,2026-06
Porangabussu,2026-06-09,Almoço,VEG,Soja Nordestina,4.0,4.0,4.0,4.0,4.0,8.0,Av. Sensorial,PO,2026-06
Pici 1,2026-06-09,Jantar,PV,Carne Moída Refogada,4.0,4.0,4.0,4.0,4.0,8.0,Av. Sensorial,P1,2026-06
Pici 1,2026-06-09,Jantar,PB,Sobrecoxa ao M. de Legumes,4.0,4.0,4.0,4.0,4.0,8.0,Av. Sensorial,P1,2026-06
Pici 1,2026-06-09,Jantar,VEG,Bobó de Legumes,4.0,4.0,4.0,4.0,4.0,8.0,Av. Sensorial,P1,2026-06
Benfica,2026-06-09,Almoço,PV,Cubo Suíno ao Molho Barbecue,2.0,4.0,3.0,4.0,3.0,6.2,Av. Sensorial,B,2026-06
Benfica,2026-06-09,Almoço,PB,Isca de Frango Acebolado,3.0,4.0,3.0,4.0,4.0,7.0,Av. Sensorial,B,2026-06
Benfica,2026-06-09,Almoço,VEG,Soja Nordestina,4.0,4.0,4.0,4.0,4.0,8.0,Av. Sensorial,B,2026-06
Benfica,2026-06-09,Jantar,PV,Carne Moída Refogada,3.0,4.0,4.0,4.0,4.0,7.4,Av. Sensorial,B,2026-06
Benfica,2026-06-09,Jantar,PB,Sobrecoxa ao M. de Legumes,4.0,4.0,4.0,4.0,4.0,8.0,Av. Sensorial,B,2026-06
Benfica,2026-06-09,Jantar,VEG,Bobó de Legumes,4.0,4.0,4.0,4.0,4.0,8.0,Av. Sensorial,B,2026-06
Benfica,2026-06-09,Jantar,PV,Carne Moída Refogada,3.0,3.0,3.0,4.0,3.0,6.2,Av. Sensorial,B,2026-06
Benfica,2026-06-09,Jantar,PB,Sobrecoxa ao M. de Legumes,4.0,4.0,4.0,4.0,4.0,8.0,Av. Sensorial,B,2026-06
Benfica,2026-06-09,Jantar,VEG,Bobó de Legumes,4.0,4.0,4.0,4.0,4.0,8.0,Av. Sensorial,B,2026-06
Benfica,2026-06-10,Café,ESPECIAL,Ovos Mexidos,4.0,4.0,4.0,4.0,4.0,8.0,Av. Sensorial,B,2026-06
Benfica,2026-06-10,Café,ESPECIAL VEG,Pasta de Amendoim,4.0,4.0,4.0,4.0,4.0,8.0,Av. Sensorial,B,2026-06
Pici 2,2026-06-10,Café,ESPECIAL,Ovos Mexidos,4.0,4.0,4.0,4.0,4.0,8.0,Av. Sensorial,P2,2026-06
Pici 2,2026-06-10,Café,ESPECIAL VEG,Pasta de Amendoim,4.0,4.0,4.0,4.0,4.0,8.0,Av. Sensorial,P2,2026-06
Benfica,2026-06-10,Almoço,PV,Feijoada,4.0,4.0,4.0,4.0,4.0,8.0,Av. Sensorial,B,2026-06
Benfica,2026-06-10,Almoço,PB,Sobrecoxa Assada,4.0,4.0,4.0,4.0,4.0,8.0,Av. Sensorial,B,2026-06
Benfica,2026-06-10,Almoço,VEG,Feijoada Vegetariana,4.0,4.0,4.0,4.0,4.0,8.0,Av. Sensorial,B,2026-06
Pici 2,2026-06-10,Café,ESPECIAL,Ovos Mexidos,4.0,4.0,4.0,4.0,4.0,8.0,Av. Sensorial,P2,2026-06
Pici 1,2026-06-10,Almoço,PV,Feijoada,4.0,4.0,4.0,4.0,4.0,8.0,Av. Sensorial,P1,2026-06
Pici 1,2026-06-10,Almoço,PB,Sobrecoxa Assada,4.0,4.0,4.0,4.0,4.0,8.0,Av. Sensorial,P1,2026-06
Pici 1,2026-06-10,Almoço,VEG,Feijoada Vegetariana,4.0,4.0,4.0,4.0,4.0,8.0,Av. Sensorial,P1,2026-06
Pici 1,2026-06-10,Almoço,PV,Feijoada,4.0,4.0,4.0,4.0,4.0,8.0,Av. Sensorial,P1,2026-06
Pici 1,2026-06-10,Almoço,PB,Sobrecoxa Assada,4.0,4.0,4.0,4.0,4.0,8.0,Av. Sensorial,P1,2026-06
Pici 1,2026-06-10,Almoço,VEG,Feijoada Vegetariana,4.0,4.0,4.0,4.0,4.0,8.0,Av. Sensorial,P1,2026-06
Pici 1,2026-06-10,Almoço,PV,Feijoada,4.0,4.0,4.0,4.0,4.0,8.0,Av. Sensorial,P1,2026-06
Pici 1,2026-06-10,Almoço,PB,Sobrecoxa Assada,4.0,4.0,4.0,4.0,4.0,8.0,Av. Sensorial,P1,2026-06
Pici 1,2026-06-10,Almoço,VEG,Feijoada Vegetariana,4.0,4.0,4.0,4.0,4.0,8.0,Av. Sensorial,P1,2026-06
Pici 2,2026-06-10,Almoço,PV,Feijoada,4.0,4.0,4.0,4.0,4.0,8.0,Av. Sensorial,P2,2026-06
Pici 2,2026-06-10,Almoço,PB,Sobrecoxa Assada,4.0,4.0,4.0,4.0,4.0,8.0,Av. Sensorial,P2,2026-06
Pici 2,2026-06-10,Almoço,VEG,Feijoada Vegetariana,4.0,4.0,4.0,4.0,4.0,8.0,Av. Sensorial,P2,2026-06
Pici 2,2026-06-10,Almoço,PV,Feijoada,4.0,4.0,4.0,4.0,4.0,8.0,Av. Sensorial,P2,2026-06
Pici 2,2026-06-10,Almoço,PB,Sobrecoxa Assada,4.0,4.0,4.0,4.0,4.0,8.0,Av. Sensorial,P2,2026-06
Pici 2,2026-06-10,Almoço,VEG,Feijoada Vegetariana,4.0,4.0,4.0,4.0,4.0,8.0,Av. Sensorial,P2,2026-06
Pici 1,2026-06-10,Jantar,PV,Isca de Carne Acebolada,4.0,3.0,4.0,4.0,4.0,7.4,Av. Sensorial,P1,2026-06
Pici 1,2026-06-10,Jantar,PB,Vatapá de Frango,4.0,4.0,4.0,4.0,4.0,8.0,Av. Sensorial,P1,2026-06
Pici 1,2026-06-10,Jantar,VEG,Bolo Salgado Vegano,4.0,4.0,4.0,4.0,4.0,8.0,Av. Sensorial,P1,2026-06
Pici 1,2026-06-10,Jantar,PV,Isca de Carne Acebolada,4.0,3.0,4.0,4.0,4.0,7.4,Av. Sensorial,P1,2026-06
Pici 1,2026-06-10,Jantar,PB,Vatapá de Frango,4.0,4.0,4.0,4.0,4.0,8.0,Av. Sensorial,P1,2026-06
Pici 1,2026-06-10,Jantar,VEG,Bolo Salgado Vegano,4.0,3.0,4.0,4.0,4.0,7.6,Av. Sensorial,P1,2026-06
Benfica,2026-06-10,Almoço,PV,Feijoada,4.0,4.0,4.0,4.0,4.0,8.0,Av. Sensorial,B,2026-06
Benfica,2026-06-10,Almoço,PB,Sobrecoxa Assada,4.0,4.0,4.0,4.0,4.0,8.0,Av. Sensorial,B,2026-06
Benfica,2026-06-10,Almoço,VEG,Feijoada Vegetariana,4.0,4.0,4.0,4.0,4.0,8.0,Av. Sensorial,B,2026-06
Benfica,2026-06-10,Jantar,PV,Isca de Carne Acebolada,4.0,3.0,4.0,4.0,4.0,7.4,Av. Sensorial,B,2026-06
Benfica,2026-06-10,Jantar,PB,Vatapá de Frango,4.0,4.0,3.0,4.0,4.0,7.6,Av. Sensorial,B,2026-06
Benfica,2026-06-10,Jantar,VEG,Bolo Salgado Vegano,4.0,4.0,4.0,4.0,4.0,8.0,Av. Sensorial,B,2026-06
Benfica,2026-06-10,Jantar,PV,Isca de Carne Acebolada,4.0,4.0,3.0,4.0,4.0,7.6,Av. Sensorial,B,2026-06
Benfica,2026-06-10,Jantar,PB,Vatapá de Frango,4.0,4.0,4.0,4.0,4.0,8.0,Av. Sensorial,B,2026-06
Benfica,2026-06-10,Jantar,VEG,Bolo Salgado Vegano,4.0,4.0,4.0,4.0,4.0,8.0,Av. Sensorial,B,2026-06
Pici 1,2026-06-10,Jantar,PV,Isca de Carne Acebolada,4.0,3.0,3.0,4.0,3.0,6.8,Av. Sensorial,P1,2026-06
Pici 1,2026-06-10,Jantar,PB,Vatapá de Frango,4.0,4.0,4.0,4.0,4.0,8.0,Av. Sensorial,P1,2026-06
Pici 1,2026-06-10,Jantar,VEG,Bolo Salgado Vegano,4.0,4.0,4.0,4.0,4.0,8.0,Av. Sensorial,P1,2026-06
Porangabussu,2026-06-10,Almoço,PV,Feijoada,4.0,4.0,4.0,4.0,4.0,8.0,Av. Sensorial,PO,2026-06
Porangabussu,2026-06-10,Almoço,PB,Sobrecoxa Assada,4.0,4.0,4.0,4.0,4.0,8.0,Av. Sensorial,PO,2026-06
Porangabussu,2026-06-10,Almoço,VEG,Feijoada Vegetariana,3.0,3.0,3.0,4.0,3.0,6.2,Av. Sensorial,PO,2026-06
Benfica,2026-06-11,Café,ESPECIAL,Iogurte ,4.0,4.0,4.0,4.0,4.0,8.0,Av. Sensorial,B,2026-06
Benfica,2026-06-11,Café,ESPECIAL VEG,Similar a Iogurte Vegano,4.0,4.0,4.0,4.0,4.0,8.0,Av. Sensorial,B,2026-06
Pici 2,2026-06-11,Café,ESPECIAL,Iogurte ,4.0,4.0,4.0,4.0,4.0,8.0,Av. Sensorial,P2,2026-06
Pici 2,2026-06-11,Café,ESPECIAL VEG,Similar a Iogurte Vegano,4.0,4.0,3.0,4.0,3.0,7.142857142857143,Av. Sensorial,P2,2026-06
Benfica,2026-06-11,Almoço,PV,Isca de Carne ao M. Tomate,3.0,4.0,3.0,4.0,4.0,7.0,Av. Sensorial,B,2026-06
Benfica,2026-06-11,Almoço,PB,Cubos de Frango com Ervas,4.0,4.0,3.0,4.0,4.0,7.6,Av. Sensorial,B,2026-06
Benfica,2026-06-11,Almoço,VEG,Soja à Bolonhesa,4.0,4.0,4.0,4.0,4.0,8.0,Av. Sensorial,B,2026-06
Pici 2,2026-06-11,Café,ESPECIAL,Iogurte ,4.0,4.0,4.0,4.0,4.0,8.0,Av. Sensorial,P2,2026-06
Pici 2,2026-06-11,Almoço,PV,Isca de Carne ao M. Tomate,4.0,3.0,3.0,4.0,3.0,6.8,Av. Sensorial,P2,2026-06
Pici 2,2026-06-11,Almoço,PB,Cubos de Frango com Ervas,4.0,4.0,4.0,4.0,4.0,8.0,Av. Sensorial,P2,2026-06
Pici 2,2026-06-11,Almoço,VEG,Soja à Bolonhesa,4.0,4.0,3.0,4.0,4.0,7.4,Av. Sensorial,P2,2026-06
Pici 1,2026-06-11,Almoço,PV,Isca de Carne ao M. Tomate,4.0,4.0,4.0,4.0,4.0,8.0,Av. Sensorial,P1,2026-06
Pici 1,2026-06-11,Almoço,PB,Cubos de Frango com Ervas,3.0,4.0,3.0,4.0,4.0,7.0,Av. Sensorial,P1,2026-06
Pici 1,2026-06-11,Almoço,VEG,Soja à Bolonhesa,4.0,4.0,3.0,4.0,4.0,7.4,Av. Sensorial,P1,2026-06
Pici 2,2026-06-11,Almoço,PV,Isca de Carne ao M. Tomate,4.0,4.0,3.0,4.0,4.0,7.6,Av. Sensorial,P2,2026-06
Pici 2,2026-06-11,Almoço,PB,Cubos de Frango com Ervas,4.0,4.0,4.0,4.0,4.0,8.0,Av. Sensorial,P2,2026-06
Pici 2,2026-06-11,Almoço,VEG,Soja à Bolonhesa,4.0,4.0,4.0,4.0,4.0,8.0,Av. Sensorial,P2,2026-06
Porangabussu,2026-06-11,Almoço,PV,Isca de Carne ao M. Tomate,4.0,4.0,4.0,4.0,4.0,8.0,Av. Sensorial,PO,2026-06
Porangabussu,2026-06-11,Almoço,PB,Cubos de Frango com Ervas,3.0,2.0,2.0,4.0,2.0,5.0,Av. Sensorial,PO,2026-06
Porangabussu,2026-06-11,Almoço,VEG,Soja à Bolonhesa,4.0,4.0,4.0,4.0,4.0,8.0,Av. Sensorial,PO,2026-06
Porangabussu,2026-06-11,Almoço,PV,Isca de Carne ao M. Tomate,4.0,4.0,4.0,4.0,4.0,8.0,Av. Sensorial,PO,2026-06
Porangabussu,2026-06-11,Almoço,PB,Cubos de Frango com Ervas,3.0,3.0,3.0,4.0,3.0,6.2,Av. Sensorial,PO,2026-06
Porangabussu,2026-06-11,Almoço,VEG,Soja à Bolonhesa,4.0,4.0,4.0,4.0,4.0,8.0,Av. Sensorial,PO,2026-06
Pici 1,2026-06-11,Almoço,PV,Isca de Carne ao M. Tomate,4.0,4.0,4.0,4.0,4.0,8.0,Av. Sensorial,P1,2026-06
Pici 1,2026-06-11,Almoço,PB,Cubos de Frango com Ervas,4.0,4.0,4.0,4.0,4.0,8.0,Av. Sensorial,P1,2026-06
Pici 1,2026-06-11,Almoço,VEG,Soja à Bolonhesa,4.0,4.0,4.0,4.0,4.0,8.0,Av. Sensorial,P1,2026-06
Pici 1,2026-06-11,Jantar,PV,Calabresa à Carioca,4.0,4.0,4.0,4.0,4.0,8.0,Av. Sensorial,P1,2026-06
Pici 1,2026-06-11,Jantar,PB,Sobrecoxa com Gergelim,4.0,4.0,4.0,4.0,4.0,8.0,Av. Sensorial,P1,2026-06
Pici 1,2026-06-11,Jantar,VEG,Vatapá Vegano,4.0,4.0,4.0,4.0,4.0,8.0,Av. Sensorial,P1,2026-06
Pici 1,2026-06-11,Jantar,PV,Calabresa à Carioca,4.0,4.0,4.0,4.0,4.0,8.0,Av. Sensorial,P1,2026-06
Pici 1,2026-06-11,Jantar,PB,Sobrecoxa com Gergelim,4.0,4.0,4.0,4.0,4.0,8.0,Av. Sensorial,P1,2026-06
Pici 1,2026-06-11,Jantar,VEG,Vatapá Vegano,4.0,4.0,4.0,4.0,4.0,8.0,Av. Sensorial,P1,2026-06
Benfica,2026-06-11,Almoço,PV,Isca de Carne ao M. Tomate,4.0,4.0,4.0,4.0,4.0,8.0,Av. Sensorial,B,2026-06
Benfica,2026-06-11,Almoço,PB,Cubos de Frango com Ervas,3.0,4.0,3.0,4.0,4.0,7.0,Av. Sensorial,B,2026-06
Benfica,2026-06-11,Almoço,VEG,Soja à Bolonhesa,4.0,4.0,4.0,4.0,4.0,8.0,Av. Sensorial,B,2026-06
Benfica,2026-06-11,Jantar,PV,Calabresa à Carioca,4.0,4.0,4.0,4.0,4.0,8.0,Av. Sensorial,B,2026-06
Benfica,2026-06-11,Jantar,PB,Sobrecoxa com Gergelim,4.0,4.0,4.0,4.0,4.0,8.0,Av. Sensorial,B,2026-06
Benfica,2026-06-11,Jantar,VEG,Vatapá Vegano,4.0,4.0,4.0,4.0,4.0,8.0,Av. Sensorial,B,2026-06
Benfica,2026-06-12,Café,ESPECIAL,Frango Desfiado,4.0,4.0,3.0,4.0,4.0,7.333333333333333,Av. Sensorial,B,2026-06
Benfica,2026-06-12,Café,ESPECIAL VEG,Geleia,4.0,4.0,4.0,4.0,4.0,8.0,Av. Sensorial,B,2026-06
Pici 2,2026-06-12,Café,ESPECIAL,Frango Desfiado,4.0,4.0,4.0,4.0,4.0,8.0,Av. Sensorial,P2,2026-06
Pici 2,2026-06-12,Café,ESPECIAL VEG,Geleia,3.0,3.0,4.0,4.0,3.0,6.857142857142857,Av. Sensorial,P2,2026-06
Benfica,2026-06-12,Almoço,PV,Carne do Sol,4.0,4.0,4.0,4.0,4.0,8.0,Av. Sensorial,B,2026-06
Benfica,2026-06-12,Almoço,PB,Peixe Assado,4.0,4.0,4.0,4.0,4.0,8.0,Av. Sensorial,B,2026-06
Benfica,2026-06-12,Almoço,VEG,Refogado  de Soja,4.0,4.0,4.0,4.0,4.0,8.0,Av. Sensorial,B,2026-06
Pici 1,2026-06-12,Almoço,PV,Carne do Sol,4.0,4.0,4.0,4.0,4.0,8.0,Av. Sensorial,P1,2026-06
Pici 1,2026-06-12,Almoço,PB,Peixe Assado,4.0,4.0,4.0,4.0,4.0,8.0,Av. Sensorial,P1,2026-06
Pici 1,2026-06-12,Almoço,VEG,Refogado  de Soja,4.0,4.0,3.0,4.0,4.0,7.4,Av. Sensorial,P1,2026-06
Pici 2,2026-06-12,Almoço,PV,Carne do Sol,4.0,4.0,4.0,4.0,4.0,8.0,Av. Sensorial,P2,2026-06
Pici 2,2026-06-12,Almoço,PB,Peixe Assado,4.0,4.0,4.0,4.0,4.0,8.0,Av. Sensorial,P2,2026-06
Pici 2,2026-06-12,Almoço,VEG,Refogado  de Soja,4.0,4.0,4.0,4.0,4.0,8.0,Av. Sensorial,P2,2026-06
Pici 2,2026-06-12,Almoço,PV,Carne do Sol,4.0,4.0,4.0,4.0,4.0,8.0,Av. Sensorial,P2,2026-06
Pici 2,2026-06-12,Almoço,PB,Peixe Assado,4.0,4.0,4.0,4.0,4.0,8.0,Av. Sensorial,P2,2026-06
Pici 2,2026-06-12,Almoço,VEG,Refogado  de Soja,4.0,4.0,4.0,4.0,4.0,8.0,Av. Sensorial,P2,2026-06
Porangabussu,2026-06-12,Almoço,PV,Carne do Sol,4.0,4.0,4.0,4.0,4.0,8.0,Av. Sensorial,PO,2026-06
Porangabussu,2026-06-12,Almoço,PB,Peixe Assado,4.0,4.0,4.0,4.0,4.0,8.0,Av. Sensorial,PO,2026-06
Porangabussu,2026-06-12,Almoço,VEG,Refogado  de Soja,4.0,4.0,4.0,4.0,4.0,8.0,Av. Sensorial,PO,2026-06
Porangabussu,2026-06-12,Almoço,PV,Carne do Sol,4.0,4.0,4.0,4.0,4.0,8.0,Av. Sensorial,PO,2026-06
Porangabussu,2026-06-12,Almoço,PB,Peixe Assado,3.0,4.0,3.0,4.0,4.0,7.0,Av. Sensorial,PO,2026-06
Porangabussu,2026-06-12,Almoço,VEG,Refogado  de Soja,4.0,4.0,4.0,4.0,4.0,8.0,Av. Sensorial,PO,2026-06
Pici 1,2026-06-12,Almoço,PV,Carne do Sol,4.0,4.0,4.0,4.0,4.0,8.0,Av. Sensorial,P1,2026-06
Pici 1,2026-06-12,Almoço,PV,Carne do Sol,4.0,4.0,4.0,4.0,4.0,8.0,Av. Sensorial,P1,2026-06
Pici 1,2026-06-12,Almoço,PB,Peixe Assado,4.0,4.0,4.0,4.0,4.0,8.0,Av. Sensorial,P1,2026-06
Pici 1,2026-06-12,Almoço,VEG,Refogado  de Soja,4.0,4.0,4.0,4.0,4.0,8.0,Av. Sensorial,P1,2026-06
Pici 1,2026-06-12,Jantar,PV,Torta de Calabresa,4.0,4.0,3.0,4.0,4.0,7.6,Av. Sensorial,P1,2026-06
Pici 1,2026-06-12,Jantar,PB,Cubos de Frango à Chinesa,4.0,4.0,4.0,4.0,4.0,8.0,Av. Sensorial,P1,2026-06
Pici 1,2026-06-12,Jantar,VEG,Lasanha de Brócolis,4.0,4.0,4.0,4.0,4.0,8.0,Av. Sensorial,P1,2026-06
Benfica,2026-06-12,Almoço,PV,Carne do Sol,4.0,4.0,4.0,4.0,4.0,8.0,Av. Sensorial,B,2026-06
Benfica,2026-06-12,Almoço,PB,Peixe Assado,4.0,4.0,4.0,4.0,4.0,8.0,Av. Sensorial,B,2026-06
Benfica,2026-06-12,Almoço,VEG,Refogado  de Soja,4.0,4.0,4.0,4.0,4.0,8.0,Av. Sensorial,B,2026-06
Benfica,2026-06-12,Jantar,PV,Torta de Calabresa,4.0,4.0,3.0,4.0,4.0,7.6,Av. Sensorial,B,2026-06
Benfica,2026-06-12,Jantar,PB,Cubos de Frango à Chinesa,4.0,4.0,4.0,4.0,4.0,8.0,Av. Sensorial,B,2026-06
Benfica,2026-06-12,Jantar,VEG,Lasanha de Brócolis,4.0,4.0,4.0,4.0,4.0,8.0,Av. Sensorial,B,2026-06
Benfica,2026-06-12,Jantar,PV,Torta de Calabresa,4.0,4.0,3.0,4.0,4.0,7.6,Av. Sensorial,B,2026-06
Benfica,2026-06-12,Jantar,PB,Cubos de Frango à Chinesa,4.0,4.0,4.0,4.0,4.0,8.0,Av. Sensorial,B,2026-06
Benfica,2026-06-12,Jantar,VEG,Lasanha de Brócolis,4.0,4.0,4.0,4.0,4.0,8.0,Av. Sensorial,B,2026-06
Benfica,2026-06-15,Café,ESPECIAL,Achocolatado,4.0,4.0,4.0,4.0,4.0,8.0,Av. Sensorial,B,2026-06
Benfica,2026-06-15,Café,ESPECIAL VEG,Achocolatado vegano ,4.0,4.0,4.0,4.0,4.0,8.0,Av. Sensorial,B,2026-06
Pici 2,2026-06-15,Café,ESPECIAL,Achocolatado,4.0,4.0,4.0,4.0,4.0,8.0,Av. Sensorial,P2,2026-06
Pici 2,2026-06-15,Café,ESPECIAL VEG,Achocolatado vegano ,4.0,4.0,4.0,4.0,4.0,8.0,Av. Sensorial,P2,2026-06
Labomar,2026-06-11,Almoço,PV,Isca de Carne ao M. Tomate,4.0,4.0,4.0,4.0,4.0,8.0,Av. Sensorial,L,2026-06
Labomar,2026-06-11,Almoço,PB,Cubos de Frango com Ervas,3.0,3.0,3.0,3.0,3.0,6.0,Av. Sensorial,L,2026-06
Labomar,2026-06-11,Almoço,VEG,Soja à Bolonhesa,4.0,4.0,4.0,4.0,4.0,8.0,Av. Sensorial,L,2026-06
Labomar,2026-06-12,Almoço,PV,Carne do Sol,4.0,4.0,4.0,4.0,4.0,8.0,Av. Sensorial,L,2026-06
Labomar,2026-06-12,Almoço,PB,Peixe Assado,4.0,4.0,4.0,4.0,4.0,8.0,Av. Sensorial,L,2026-06
Labomar,2026-06-12,Almoço,VEG,Refogado  de Soja,4.0,4.0,4.0,4.0,4.0,8.0,Av. Sensorial,L,2026-06
Benfica,2026-06-15,Almoço,PV,Isca de Carne Chinesa,3.0,3.0,4.0,4.0,4.0,6.8,Av. Sensorial,B,2026-06
Benfica,2026-06-15,Almoço,PB,Sobrecoxa com Gergelim,4.0,4.0,4.0,4.0,4.0,8.0,Av. Sensorial,B,2026-06
Benfica,2026-06-15,Almoço,VEG,Estrogonofe de Legumes,3.0,4.0,3.0,4.0,,6.0,Av. Sensorial,B,2026-06
Labomar,2026-06-15,Almoço,PV,Isca de Carne Chinesa,4.0,4.0,4.0,4.0,4.0,8.0,Av. Sensorial,L,2026-06
Labomar,2026-06-15,Almoço,PB,Sobrecoxa com Gergelim,4.0,4.0,4.0,4.0,4.0,8.0,Av. Sensorial,L,2026-06
Labomar,2026-06-15,Almoço,VEG,Estrogonofe de Legumes,4.0,4.0,4.0,4.0,4.0,8.0,Av. Sensorial,L,2026-06
Porangabussu,2026-06-15,Almoço,PV,Isca de Carne Chinesa,3.0,2.0,3.0,4.0,3.0,5.6,Av. Sensorial,PO,2026-06
Porangabussu,2026-06-15,Almoço,PB,Sobrecoxa com Gergelim,4.0,4.0,4.0,4.0,4.0,8.0,Av. Sensorial,PO,2026-06
Porangabussu,2026-06-15,Almoço,VEG,Estrogonofe de Legumes,4.0,4.0,4.0,4.0,4.0,8.0,Av. Sensorial,PO,2026-06
Porangabussu,2026-06-15,Almoço,PV,Isca de Carne Chinesa,3.0,2.0,3.0,4.0,3.0,5.6,Av. Sensorial,PO,2026-06
Porangabussu,2026-06-15,Almoço,PB,Sobrecoxa com Gergelim,4.0,4.0,4.0,4.0,4.0,8.0,Av. Sensorial,PO,2026-06
Porangabussu,2026-06-15,Almoço,VEG,Estrogonofe de Legumes,4.0,4.0,4.0,4.0,4.0,8.0,Av. Sensorial,PO,2026-06
Pici 2,2026-06-15,Almoço,PV,Isca de Carne Chinesa,3.0,3.0,3.0,4.0,3.0,6.2,Av. Sensorial,P2,2026-06
Pici 2,2026-06-15,Almoço,PB,Sobrecoxa com Gergelim,3.0,3.0,3.0,4.0,3.0,6.2,Av. Sensorial,P2,2026-06
Pici 2,2026-06-15,Almoço,VEG,Estrogonofe de Legumes,4.0,4.0,4.0,4.0,4.0,8.0,Av. Sensorial,P2,2026-06
Pici 1,2026-06-15,Jantar,PV,Paçoca de Carne,4.0,4.0,4.0,4.0,4.0,8.0,Av. Sensorial,P1,2026-06
Pici 1,2026-06-15,Jantar,PB,Isca de Frango Acebolado,3.0,4.0,3.0,4.0,3.0,6.8,Av. Sensorial,P1,2026-06
Pici 1,2026-06-15,Jantar,VEG,Yakissoba Vegetariano,4.0,4.0,4.0,4.0,4.0,8.0,Av. Sensorial,P1,2026-06
Benfica,2026-06-15,Jantar,PV,Paçoca de Carne,4.0,4.0,3.0,4.0,4.0,7.6,Av. Sensorial,B,2026-06
Benfica,2026-06-15,Jantar,PB,Isca de Frango Acebolado,3.0,3.0,3.0,4.0,3.0,6.2,Av. Sensorial,B,2026-06
Benfica,2026-06-15,Jantar,VEG,Yakissoba Vegetariano,4.0,4.0,4.0,4.0,4.0,8.0,Av. Sensorial,B,2026-06
Pici 2,2026-06-16,Café,ESPECIAL,Queijo ,4.0,4.0,4.0,4.0,4.0,8.0,Av. Sensorial,P2,2026-06
Pici 2,2026-06-16,Café,ESPECIAL VEG,Granola,4.0,4.0,4.0,4.0,4.0,8.0,Av. Sensorial,P2,2026-06
Pici 2,2026-06-16,Café,ESPECIAL,Queijo ,4.0,4.0,4.0,4.0,4.0,8.0,Av. Sensorial,P2,2026-06
Benfica,2026-06-16,Almoço,PV,Suíno à Carioca,3.0,3.0,3.0,4.0,3.0,6.2,Av. Sensorial,B,2026-06
Benfica,2026-06-16,Almoço,PB,Cubos de Frango ao M. de Ervas,4.0,4.0,4.0,4.0,4.0,8.0,Av. Sensorial,B,2026-06
Benfica,2026-06-16,Almoço,VEG,Assado de Grão de Bico,4.0,4.0,4.0,4.0,4.0,8.0,Av. Sensorial,B,2026-06
Pici 1,2026-06-16,Almoço,PV,Suíno à Carioca,3.0,3.0,3.0,3.0,3.0,6.0,Av. Sensorial,P1,2026-06
Pici 1,2026-06-16,Almoço,PB,Cubos de Frango ao M. de Ervas,4.0,4.0,3.0,4.0,4.0,7.6,Av. Sensorial,P1,2026-06
Pici 1,2026-06-16,Almoço,VEG,Assado de Grão de Bico,4.0,4.0,4.0,4.0,4.0,8.0,Av. Sensorial,P1,2026-06
Pici 1,2026-06-16,Almoço,PV,Suíno à Carioca,3.0,4.0,3.0,3.0,3.0,6.6,Av. Sensorial,P1,2026-06
Pici 1,2026-06-16,Almoço,PB,Cubos de Frango ao M. de Ervas,3.0,4.0,4.0,4.0,4.0,7.4,Av. Sensorial,P1,2026-06
Pici 1,2026-06-16,Almoço,VEG,Assado de Grão de Bico,4.0,4.0,4.0,4.0,4.0,8.0,Av. Sensorial,P1,2026-06
Pici 2,2026-06-16,Almoço,PV,Suíno à Carioca,3.0,3.0,3.0,4.0,3.0,6.2,Av. Sensorial,P2,2026-06
Pici 2,2026-06-16,Almoço,PB,Cubos de Frango ao M. de Ervas,3.0,3.0,3.0,4.0,3.0,6.2,Av. Sensorial,P2,2026-06
Pici 2,2026-06-16,Almoço,VEG,Assado de Grão de Bico,4.0,4.0,4.0,4.0,4.0,8.0,Av. Sensorial,P2,2026-06
Pici 2,2026-06-16,Almoço,PV,Suíno à Carioca,4.0,4.0,4.0,4.0,4.0,8.0,Av. Sensorial,P2,2026-06
Pici 2,2026-06-16,Almoço,PB,Cubos de Frango ao M. de Ervas,3.0,4.0,4.0,4.0,4.0,7.4,Av. Sensorial,P2,2026-06
Pici 2,2026-06-16,Almoço,VEG,Assado de Grão de Bico,4.0,4.0,4.0,4.0,4.0,8.0,Av. Sensorial,P2,2026-06
Pici 1,2026-06-16,Almoço,PV,Suíno à Carioca,4.0,2.0,2.0,1.0,2.0,5.0,Av. Sensorial,P1,2026-06
Pici 1,2026-06-16,Almoço,PB,Cubos de Frango ao M. de Ervas,3.0,4.0,3.0,3.0,3.0,6.6,Av. Sensorial,P1,2026-06
Pici 1,2026-06-16,Almoço,VEG,Assado de Grão de Bico,4.0,3.0,3.0,4.0,4.0,7.0,Av. Sensorial,P1,2026-06
Porangabussu,2026-06-16,Almoço,PV,Suíno à Carioca,4.0,4.0,4.0,4.0,4.0,8.0,Av. Sensorial,PO,2026-06
Porangabussu,2026-06-16,Almoço,PB,Cubos de Frango ao M. de Ervas,2.0,4.0,3.0,4.0,3.0,6.2,Av. Sensorial,PO,2026-06
Porangabussu,2026-06-16,Almoço,VEG,Assado de Grão de Bico,4.0,4.0,4.0,4.0,4.0,8.0,Av. Sensorial,PO,2026-06
Labomar,2026-06-16,Almoço,PV,Suíno à Carioca,4.0,4.0,4.0,4.0,4.0,8.0,Av. Sensorial,L,2026-06
Labomar,2026-06-16,Almoço,PB,Cubos de Frango ao M. de Ervas,3.0,4.0,3.0,4.0,3.0,6.8,Av. Sensorial,L,2026-06
Labomar,2026-06-16,Almoço,VEG,Assado de Grão de Bico,4.0,4.0,3.0,4.0,4.0,7.4,Av. Sensorial,L,2026-06
Benfica,2026-06-16,Almoço,PV,Suíno à Carioca,4.0,4.0,3.0,3.0,3.0,7.2,Av. Sensorial,B,2026-06
Benfica,2026-06-16,Almoço,PB,Cubos de Frango ao M. de Ervas,4.0,4.0,4.0,4.0,4.0,8.0,Av. Sensorial,B,2026-06
Benfica,2026-06-16,Almoço,VEG,Assado de Grão de Bico,4.0,4.0,4.0,4.0,4.0,8.0,Av. Sensorial,B,2026-06
Benfica,2026-06-16,Jantar,PV,Jardineira de Carne Moída,4.0,4.0,4.0,4.0,4.0,8.0,Av. Sensorial,B,2026-06
Benfica,2026-06-16,Jantar,PB,Sobrecoxa Crocante,4.0,4.0,4.0,4.0,4.0,8.0,Av. Sensorial,B,2026-06
Benfica,2026-06-16,Jantar,VEG,Soja à Bolonhesa,4.0,4.0,4.0,4.0,4.0,8.0,Av. Sensorial,B,2026-06
Pici 1,2026-06-16,Jantar,PV,Jardineira de Carne Moída,4.0,4.0,4.0,4.0,4.0,8.0,Av. Sensorial,P1,2026-06
Pici 1,2026-06-16,Jantar,PB,Sobrecoxa Crocante,4.0,4.0,4.0,4.0,4.0,8.0,Av. Sensorial,P1,2026-06
Pici 1,2026-06-16,Jantar,VEG,Soja à Bolonhesa,4.0,4.0,3.0,4.0,4.0,7.4,Av. Sensorial,P1,2026-06
Benfica,2026-06-16,Jantar,PV,Jardineira de Carne Moída,3.0,4.0,3.0,4.0,3.0,6.8,Av. Sensorial,B,2026-06
Benfica,2026-06-16,Jantar,PB,Sobrecoxa Crocante,4.0,4.0,4.0,4.0,4.0,8.0,Av. Sensorial,B,2026-06
Benfica,2026-06-16,Jantar,VEG,Soja à Bolonhesa,4.0,4.0,3.0,4.0,4.0,7.4,Av. Sensorial,B,2026-06
Benfica,2026-06-17,Café,ESPECIAL,Ovos Mexidos,4.0,4.0,4.0,4.0,4.0,8.0,Av. Sensorial,B,2026-06
Benfica,2026-06-17,Café,ESPECIAL VEG,Pasta de Amendoim,4.0,4.0,4.0,4.0,4.0,8.0,Av. Sensorial,B,2026-06
Pici 2,2026-06-17,Café,ESPECIAL,Ovos Mexidos,4.0,4.0,4.0,4.0,4.0,8.0,Av. Sensorial,P2,2026-06
Pici 2,2026-06-17,Café,ESPECIAL,Ovos Mexidos,3.0,4.0,4.0,4.0,4.0,7.555555555555555,Av. Sensorial,P2,2026-06
Pici 2,2026-06-17,Café,ESPECIAL VEG,Pasta de Amendoim,4.0,4.0,4.0,4.0,4.0,8.0,Av. Sensorial,P2,2026-06
Pici 2,2026-06-17,Almoço,PV,Feijoada,4.0,4.0,4.0,4.0,4.0,8.0,Av. Sensorial,P2,2026-06
Pici 2,2026-06-17,Almoço,PB,Sobrecoxa Assada,4.0,4.0,4.0,4.0,4.0,8.0,Av. Sensorial,P2,2026-06
Pici 2,2026-06-17,Almoço,VEG,Refogado  de Soja,4.0,4.0,4.0,4.0,4.0,8.0,Av. Sensorial,P2,2026-06
Pici 1,2026-06-17,Almoço,PV,Feijoada,4.0,4.0,4.0,4.0,4.0,8.0,Av. Sensorial,P1,2026-06
Pici 1,2026-06-17,Almoço,PB,Sobrecoxa Assada,4.0,4.0,4.0,4.0,4.0,8.0,Av. Sensorial,P1,2026-06
Pici 1,2026-06-17,Almoço,VEG,Refogado  de Soja,4.0,4.0,4.0,4.0,4.0,8.0,Av. Sensorial,P1,2026-06
Pici 1,2026-06-17,Almoço,PV,Feijoada,4.0,4.0,4.0,4.0,4.0,8.0,Av. Sensorial,P1,2026-06
Pici 1,2026-06-17,Almoço,PB,Sobrecoxa Assada,4.0,4.0,5.0,4.0,4.0,8.4,Av. Sensorial,P1,2026-06
Pici 1,2026-06-17,Almoço,VEG,Refogado  de Soja,4.0,4.0,4.0,4.0,4.0,8.0,Av. Sensorial,P1,2026-06
Porangabussu,2026-06-17,Almoço,PV,Feijoada,4.0,4.0,4.0,4.0,4.0,8.0,Av. Sensorial,PO,2026-06
Porangabussu,2026-06-17,Almoço,PB,Sobrecoxa Assada,4.0,4.0,5.0,4.0,4.0,8.4,Av. Sensorial,PO,2026-06
Porangabussu,2026-06-17,Almoço,VEG,Refogado  de Soja,4.0,4.0,3.0,4.0,4.0,7.4,Av. Sensorial,PO,2026-06
Porangabussu,2026-06-17,Almoço,PV,Feijoada,4.0,4.0,4.0,4.0,4.0,8.0,Av. Sensorial,PO,2026-06
Porangabussu,2026-06-17,Almoço,PB,Sobrecoxa Assada,4.0,4.0,4.0,4.0,4.0,8.0,Av. Sensorial,PO,2026-06
Porangabussu,2026-06-17,Almoço,VEG,Refogado  de Soja,3.0,3.0,3.0,4.0,3.0,6.2,Av. Sensorial,PO,2026-06
Pici 2,2026-06-17,Almoço,PV,Feijoada,4.0,4.0,4.0,4.0,4.0,8.0,Av. Sensorial,P2,2026-06
Pici 2,2026-06-17,Almoço,PB,Sobrecoxa Assada,4.0,4.0,4.0,4.0,4.0,8.0,Av. Sensorial,P2,2026-06
Pici 2,2026-06-17,Almoço,VEG,Refogado  de Soja,4.0,4.0,4.0,4.0,4.0,8.0,Av. Sensorial,P2,2026-06
Pici 1,2026-06-17,Almoço,PV,Feijoada,4.0,4.0,4.0,4.0,4.0,8.0,Av. Sensorial,P1,2026-06
Pici 1,2026-06-17,Almoço,PB,Sobrecoxa Assada,4.0,4.0,4.0,4.0,4.0,8.0,Av. Sensorial,P1,2026-06
Pici 1,2026-06-17,Almoço,VEG,Refogado  de Soja,4.0,4.0,4.0,4.0,4.0,8.0,Av. Sensorial,P1,2026-06
Pici 1,2026-06-17,Jantar,PV,Estrogonofe de Carne,4.0,4.0,4.0,4.0,4.0,8.0,Av. Sensorial,P1,2026-06
Pici 1,2026-06-17,Jantar,PB,Cubos de Frango ao M. de Legumes,4.0,4.0,4.0,4.0,4.0,8.0,Av. Sensorial,P1,2026-06
Pici 1,2026-06-17,Jantar,VEG,Almôndegas de Lentilha,4.0,3.0,4.0,4.0,4.0,7.6,Av. Sensorial,P1,2026-06
Pici 1,2026-06-17,Jantar,PV,Estrogonofe de Carne,4.0,4.0,4.0,4.0,4.0,8.0,Av. Sensorial,P1,2026-06
Pici 1,2026-06-17,Jantar,PB,Cubos de Frango ao M. de Legumes,4.0,4.0,4.0,4.0,4.0,8.0,Av. Sensorial,P1,2026-06
Pici 1,2026-06-17,Jantar,VEG,Almôndegas de Lentilha,4.0,4.0,4.0,4.0,4.0,8.0,Av. Sensorial,P1,2026-06
Pici 1,2026-06-17,Jantar,PV,Estrogonofe de Carne,4.0,4.0,4.0,4.0,4.0,8.0,Av. Sensorial,P1,2026-06
Pici 1,2026-06-17,Jantar,PB,Cubos de Frango ao M. de Legumes,4.0,3.0,3.0,4.0,4.0,7.0,Av. Sensorial,P1,2026-06
Pici 1,2026-06-17,Jantar,VEG,Almôndegas de Lentilha,4.0,4.0,3.0,4.0,4.0,7.4,Av. Sensorial,P1,2026-06
Benfica,2026-06-17,Jantar,PV,Estrogonofe de Carne,4.0,4.0,4.0,4.0,4.0,8.0,Av. Sensorial,B,2026-06
Benfica,2026-06-17,Jantar,PB,Cubos de Frango ao M. de Legumes,4.0,4.0,4.0,4.0,4.0,8.0,Av. Sensorial,B,2026-06
Benfica,2026-06-17,Jantar,VEG,Almôndegas de Lentilha,4.0,4.0,4.0,4.0,4.0,8.0,Av. Sensorial,B,2026-06
Benfica,2026-06-17,Almoço,PV,Feijoada,4.0,4.0,4.0,4.0,4.0,8.0,Av. Sensorial,B,2026-06
Benfica,2026-06-17,Almoço,PB,Sobrecoxa Assada,4.0,4.0,4.0,4.0,4.0,8.0,Av. Sensorial,B,2026-06
Benfica,2026-06-17,Almoço,VEG,Refogado  de Soja,4.0,4.0,4.0,4.0,4.0,8.0,Av. Sensorial,B,2026-06
Benfica,2026-06-17,Jantar,PV,Estrogonofe de Carne,4.0,4.0,4.0,4.0,4.0,8.0,Av. Sensorial,B,2026-06
Benfica,2026-06-17,Jantar,PB,Cubos de Frango ao M. de Legumes,4.0,4.0,4.0,4.0,4.0,8.0,Av. Sensorial,B,2026-06
Benfica,2026-06-17,Jantar,VEG,Almôndegas de Lentilha,4.0,4.0,4.0,4.0,4.0,8.0,Av. Sensorial,B,2026-06
Benfica,2026-06-18,Café,ESPECIAL,Iogurte ,4.0,4.0,4.0,4.0,4.0,8.0,Av. Sensorial,B,2026-06
Benfica,2026-06-18,Café,ESPECIAL VEG,Similar a Iogurte Vegano,4.0,4.0,4.0,4.0,4.0,8.0,Av. Sensorial,B,2026-06
Pici 2,2026-06-18,Café,ESPECIAL,Iogurte ,4.0,4.0,4.0,4.0,4.0,8.0,Av. Sensorial,P2,2026-06
Pici 2,2026-06-18,Café,ESPECIAL VEG,Similar a Iogurte Vegano,4.0,4.0,4.0,4.0,4.0,8.0,Av. Sensorial,P2,2026-06
Pici 2,2026-06-18,Café,ESPECIAL,Iogurte ,4.0,4.0,4.0,4.0,4.0,8.0,Av. Sensorial,P2,2026-06
Pici 2,2026-06-18,Almoço,PV,Carne Moída Refogada,4.0,4.0,4.0,4.0,4.0,8.0,Av. Sensorial,P2,2026-06
Pici 2,2026-06-18,Almoço,PB,Cubos de Frango ao M. de Tomate,4.0,4.0,4.0,4.0,4.0,8.0,Av. Sensorial,P2,2026-06
Pici 2,2026-06-18,Almoço,VEG,Guisado de Lentilha,4.0,3.0,4.0,4.0,4.0,7.6,Av. Sensorial,P2,2026-06
Pici 2,2026-06-18,Almoço,PV,Carne Moída Refogada,4.0,4.0,3.0,4.0,4.0,7.6,Av. Sensorial,P2,2026-06
Pici 2,2026-06-18,Almoço,PB,Cubos de Frango ao M. de Tomate,4.0,4.0,4.0,4.0,4.0,8.0,Av. Sensorial,P2,2026-06
Pici 2,2026-06-18,Almoço,VEG,Guisado de Lentilha,4.0,4.0,4.0,4.0,4.0,8.0,Av. Sensorial,P2,2026-06
Pici 1,2026-06-18,Almoço,PV,Carne Moída Refogada,4.0,4.0,4.0,4.0,4.0,8.0,Av. Sensorial,P1,2026-06
Pici 1,2026-06-18,Almoço,PB,Cubos de Frango ao M. de Tomate,4.0,4.0,4.0,4.0,4.0,8.0,Av. Sensorial,P1,2026-06
Pici 1,2026-06-18,Almoço,VEG,Guisado de Lentilha,4.0,3.0,3.0,4.0,3.0,6.8,Av. Sensorial,P1,2026-06
Pici 1,2026-06-18,Almoço,PV,Carne Moída Refogada,4.0,4.0,4.0,4.0,4.0,8.0,Av. Sensorial,P1,2026-06
Pici 1,2026-06-18,Almoço,PB,Cubos de Frango ao M. de Tomate,4.0,4.0,4.0,4.0,4.0,8.0,Av. Sensorial,P1,2026-06
Pici 1,2026-06-18,Almoço,VEG,Guisado de Lentilha,4.0,3.0,3.0,4.0,3.0,6.8,Av. Sensorial,P1,2026-06
Porangabussu,2026-06-18,Almoço,PV,Carne Moída Refogada,4.0,4.0,4.0,4.0,4.0,8.0,Av. Sensorial,PO,2026-06
Porangabussu,2026-06-18,Almoço,PB,Cubos de Frango ao M. de Tomate,4.0,4.0,4.0,4.0,4.0,8.0,Av. Sensorial,PO,2026-06
Porangabussu,2026-06-18,Almoço,VEG,Guisado de Lentilha,3.0,3.0,3.0,4.0,3.0,6.2,Av. Sensorial,PO,2026-06
Labomar,2026-06-18,Almoço,PV,Carne Moída Refogada,4.0,4.0,4.0,4.0,4.0,8.0,Av. Sensorial,L,2026-06
Labomar,2026-06-18,Almoço,PB,Cubos de Frango ao M. de Tomate,4.0,4.0,4.0,4.0,4.0,8.0,Av. Sensorial,L,2026-06
Labomar,2026-06-18,Almoço,VEG,Guisado de Lentilha,4.0,3.0,3.0,4.0,4.0,7.0,Av. Sensorial,L,2026-06
Porangabussu,2026-06-18,Almoço,PV,Carne Moída Refogada,4.0,4.0,4.0,4.0,4.0,8.0,Av. Sensorial,PO,2026-06
Porangabussu,2026-06-18,Almoço,PB,Cubos de Frango ao M. de Tomate,4.0,4.0,4.0,4.0,4.0,8.0,Av. Sensorial,PO,2026-06
Porangabussu,2026-06-18,Almoço,VEG,Guisado de Lentilha,3.0,3.0,3.0,4.0,3.0,6.2,Av. Sensorial,PO,2026-06
Pici 1,2026-06-18,Jantar,PV,Isca de Carne Acebolada,4.0,4.0,4.0,4.0,4.0,8.0,Av. Sensorial,P1,2026-06
Pici 1,2026-06-18,Jantar,PB,Peixe Assado,4.0,4.0,4.0,4.0,4.0,8.0,Av. Sensorial,P1,2026-06
Pici 1,2026-06-18,Jantar,VEG,Vatapá Vegano,4.0,4.0,4.0,4.0,4.0,8.0,Av. Sensorial,P1,2026-06
Pici 1,2026-06-18,Jantar,PV,Isca de Carne Acebolada,4.0,4.0,4.0,4.0,4.0,8.0,Av. Sensorial,P1,2026-06
Pici 1,2026-06-18,Jantar,PB,Peixe Assado,4.0,4.0,3.0,3.0,4.0,7.4,Av. Sensorial,P1,2026-06
Pici 1,2026-06-18,Jantar,VEG,Vatapá Vegano,4.0,4.0,4.0,4.0,4.0,8.0,Av. Sensorial,P1,2026-06
Benfica,2026-06-18,Almoço,PV,Carne Moída Refogada,4.0,4.0,4.0,4.0,4.0,8.0,Av. Sensorial,B,2026-06
Benfica,2026-06-18,Almoço,PB,Cubos de Frango ao M. de Tomate,4.0,4.0,4.0,4.0,4.0,8.0,Av. Sensorial,B,2026-06
Benfica,2026-06-18,Almoço,VEG,Guisado de Lentilha,4.0,4.0,4.0,4.0,4.0,8.0,Av. Sensorial,B,2026-06
Benfica,2026-06-18,Jantar,PV,Isca de Carne Acebolada,4.0,4.0,3.0,4.0,4.0,7.6,Av. Sensorial,B,2026-06
Benfica,2026-06-18,Jantar,PB,Peixe Assado,4.0,4.0,3.0,4.0,4.0,7.6,Av. Sensorial,B,2026-06
Benfica,2026-06-18,Jantar,VEG,Vatapá Vegano,4.0,4.0,3.0,4.0,4.0,7.4,Av. Sensorial,B,2026-06
Benfica,2026-06-18,Jantar,PV,Isca de Carne Acebolada,4.0,4.0,3.0,4.0,4.0,7.6,Av. Sensorial,B,2026-06
Benfica,2026-06-18,Jantar,PB,Peixe Assado,4.0,3.0,4.0,4.0,4.0,7.4,Av. Sensorial,B,2026-06
Benfica,2026-06-18,Jantar,VEG,Vatapá Vegano,4.0,4.0,3.0,4.0,4.0,7.4,Av. Sensorial,B,2026-06
Benfica,2026-06-19,Café,ESPECIAL,Frango Desfiado,4.0,4.0,4.0,4.0,4.0,8.0,Av. Sensorial,B,2026-06
Benfica,2026-06-19,Café,ESPECIAL VEG,Geleia,4.0,4.0,4.0,4.0,4.0,8.0,Av. Sensorial,B,2026-06
Pici 2,2026-06-19,Café,ESPECIAL,Frango Desfiado,4.0,4.0,4.0,4.0,4.0,8.0,Av. Sensorial,P2,2026-06
Benfica,2026-06-17,Almoço,PV,Feijoada,4.0,4.0,4.0,4.0,4.0,8.0,Av. Sensorial,B,2026-06
Benfica,2026-06-17,Almoço,PB,Sobrecoxa Assada,4.0,4.0,4.0,4.0,4.0,8.0,Av. Sensorial,B,2026-06
Benfica,2026-06-17,Almoço,VEG,Refogado  de Soja,3.0,4.0,3.0,4.0,4.0,6.8,Av. Sensorial,B,2026-06
Pici 2,2026-06-19,Café,ESPECIAL,Frango Desfiado,4.0,4.0,4.0,4.0,4.0,8.0,Av. Sensorial,P2,2026-06
Pici 2,2026-06-19,Café,ESPECIAL VEG,Geleia,3.0,3.0,4.0,4.0,3.0,6.857142857142857,Av. Sensorial,P2,2026-06
Pici 2,2026-06-19,Almoço,PV,Dobradinha,4.0,4.0,4.0,4.0,4.0,8.0,Av. Sensorial,P2,2026-06
Pici 2,2026-06-19,Almoço,PB,Sobrecoxa Desossada,4.0,3.0,4.0,4.0,4.0,7.4,Av. Sensorial,P2,2026-06
Pici 2,2026-06-19,Almoço,VEG,Jardineira de Soja,4.0,4.0,4.0,4.0,4.0,8.0,Av. Sensorial,P2,2026-06
Benfica,2026-06-18,Almoço,PV,Carne Moída Refogada,3.0,4.0,4.0,4.0,4.0,7.4,Av. Sensorial,B,2026-06
Benfica,2026-06-18,Almoço,PB,Cubos de Frango ao M. de Tomate,4.0,4.0,4.0,4.0,4.0,8.0,Av. Sensorial,B,2026-06
Benfica,2026-06-18,Almoço,VEG,Guisado de Lentilha,4.0,3.0,4.0,4.0,4.0,7.6,Av. Sensorial,B,2026-06
Benfica,2026-06-19,Almoço,PV,Dobradinha,4.0,4.0,4.0,4.0,4.0,8.0,Av. Sensorial,B,2026-06
Benfica,2026-06-19,Almoço,PB,Sobrecoxa Desossada,4.0,4.0,4.0,4.0,4.0,8.0,Av. Sensorial,B,2026-06
Benfica,2026-06-19,Almoço,VEG,Jardineira de Soja,3.0,4.0,3.0,4.0,3.0,6.6,Av. Sensorial,B,2026-06
Labomar,2026-06-19,Almoço,PV,Dobradinha,4.0,4.0,4.0,4.0,4.0,8.0,Av. Sensorial,L,2026-06
Labomar,2026-06-19,Almoço,PB,Sobrecoxa Desossada,4.0,4.0,4.0,4.0,4.0,8.0,Av. Sensorial,L,2026-06
Labomar,2026-06-19,Almoço,VEG,Jardineira de Soja,4.0,4.0,4.0,4.0,4.0,8.0,Av. Sensorial,L,2026-06
Pici 1,2026-06-19,Almoço,PV,Dobradinha,4.0,3.0,4.0,4.0,4.0,7.4,Av. Sensorial,P1,2026-06
Pici 1,2026-06-19,Almoço,PB,Sobrecoxa Desossada,4.0,4.0,4.0,4.0,4.0,8.0,Av. Sensorial,P1,2026-06
Pici 1,2026-06-19,Almoço,VEG,Jardineira de Soja,4.0,4.0,4.0,4.0,4.0,8.0,Av. Sensorial,P1,2026-06
Pici 1,2026-06-19,Almoço,PV,Dobradinha,4.0,4.0,4.0,4.0,4.0,8.0,Av. Sensorial,P1,2026-06
Pici 1,2026-06-19,Almoço,PB,Sobrecoxa Desossada,4.0,4.0,4.0,4.0,4.0,8.0,Av. Sensorial,P1,2026-06
Pici 1,2026-06-19,Almoço,VEG,Jardineira de Soja,4.0,4.0,4.0,4.0,4.0,8.0,Av. Sensorial,P1,2026-06
Pici 2,2026-06-19,Almoço,PV,Dobradinha,4.0,4.0,4.0,4.0,4.0,8.0,Av. Sensorial,P2,2026-06
Pici 2,2026-06-19,Almoço,PB,Sobrecoxa Desossada,4.0,3.0,3.0,4.0,4.0,7.0,Av. Sensorial,P2,2026-06
Pici 2,2026-06-19,Almoço,VEG,Jardineira de Soja,4.0,4.0,4.0,4.0,4.0,8.0,Av. Sensorial,P2,2026-06
Porangabussu,2026-06-19,Almoço,PV,Dobradinha,4.0,4.0,4.0,4.0,4.0,8.0,Av. Sensorial,PO,2026-06
Porangabussu,2026-06-19,Almoço,PB,Sobrecoxa Desossada,4.0,4.0,4.0,4.0,4.0,8.0,Av. Sensorial,PO,2026-06
Porangabussu,2026-06-19,Almoço,VEG,Jardineira de Soja,4.0,4.0,3.0,4.0,4.0,7.4,Av. Sensorial,PO,2026-06
Porangabussu,2026-06-19,Almoço,PV,Dobradinha,4.0,4.0,4.0,4.0,4.0,8.0,Av. Sensorial,PO,2026-06
Porangabussu,2026-06-19,Almoço,PB,Sobrecoxa Desossada,4.0,4.0,4.0,4.0,4.0,8.0,Av. Sensorial,PO,2026-06
Porangabussu,2026-06-19,Almoço,VEG,Jardineira de Soja,4.0,4.0,4.0,4.0,4.0,8.0,Av. Sensorial,PO,2026-06
Pici 1,2026-06-19,Jantar,PV,Calabresa à Carioca,4.0,4.0,4.0,4.0,4.0,8.0,Av. Sensorial,P1,2026-06
Pici 1,2026-06-19,Jantar,PB,Escondidinho de Frango,4.0,4.0,4.0,4.0,4.0,8.0,Av. Sensorial,P1,2026-06
Pici 1,2026-06-19,Jantar,VEG,Escondidinho de Legumes,3.0,4.0,4.0,4.0,4.0,7.4,Av. Sensorial,P1,2026-06
Pici 1,2026-06-19,Jantar,PV,Calabresa à Carioca,4.0,3.0,4.0,4.0,4.0,7.4,Av. Sensorial,P1,2026-06
Pici 1,2026-06-19,Jantar,PB,Escondidinho de Frango,4.0,4.0,4.0,4.0,4.0,8.0,Av. Sensorial,P1,2026-06
Pici 1,2026-06-19,Jantar,VEG,Escondidinho de Legumes,4.0,4.0,3.0,4.0,4.0,7.4,Av. Sensorial,P1,2026-06
Benfica,2026-06-19,Almoço,PV,Dobradinha,4.0,4.0,4.0,4.0,4.0,8.0,Av. Sensorial,B,2026-06
Benfica,2026-06-19,Almoço,PB,Sobrecoxa Desossada,4.0,4.0,4.0,4.0,4.0,8.0,Av. Sensorial,B,2026-06
Benfica,2026-06-19,Almoço,VEG,Jardineira de Soja,4.0,4.0,4.0,4.0,4.0,8.0,Av. Sensorial,B,2026-06
Benfica,2026-06-19,Jantar,PV,Calabresa à Carioca,4.0,4.0,4.0,4.0,4.0,8.0,Av. Sensorial,B,2026-06
Benfica,2026-06-19,Jantar,PB,Escondidinho de Frango,4.0,4.0,4.0,4.0,4.0,8.0,Av. Sensorial,B,2026-06
Benfica,2026-06-19,Jantar,VEG,Escondidinho de Legumes,4.0,4.0,4.0,4.0,4.0,8.0,Av. Sensorial,B,2026-06
Benfica,2026-06-19,Jantar,PV,Calabresa à Carioca,4.0,3.0,4.0,4.0,4.0,7.4,Av. Sensorial,B,2026-06
Benfica,2026-06-19,Jantar,PB,Escondidinho de Frango,4.0,4.0,4.0,4.0,4.0,8.0,Av. Sensorial,B,2026-06
Benfica,2026-06-19,Jantar,VEG,Escondidinho de Legumes,4.0,4.0,4.0,4.0,4.0,8.0,Av. Sensorial,B,2026-06
Benfica,2026-06-22,Café,ESPECIAL,Mingau ,4.0,4.0,4.0,4.0,4.0,8.0,Av. Sensorial,B,2026-06
Benfica,2026-06-22,Café,ESPECIAL VEG,Achocolatado vegano ,4.0,4.0,4.0,4.0,4.0,8.0,Av. Sensorial,B,2026-06
Pici 2,2026-06-22,Café,ESPECIAL,Mingau ,4.0,4.0,4.0,4.0,4.0,8.0,Av. Sensorial,P2,2026-06
Pici 1,2026-06-22,Almoço,PV,Cozido Bovino à Calabresa,3.0,4.0,4.0,4.0,4.0,7.4,Av. Sensorial,P1,2026-06
Pici 1,2026-06-22,Almoço,PB,Cubos de Frango ao Molho Mostarda,3.0,4.0,4.0,4.0,4.0,7.4,Av. Sensorial,P1,2026-06
Pici 1,2026-06-22,Almoço,VEG,Yakissoba Vegetariano,4.0,4.0,3.0,4.0,4.0,7.4,Av. Sensorial,P1,2026-06
Pici 2,2026-06-22,Almoço,PV,Cozido Bovino à Calabresa,3.0,4.0,4.0,4.0,4.0,7.4,Av. Sensorial,P2,2026-06
Pici 2,2026-06-22,Almoço,PB,Cubos de Frango ao Molho Mostarda,4.0,4.0,4.0,4.0,4.0,8.0,Av. Sensorial,P2,2026-06
Pici 2,2026-06-22,Almoço,VEG,Yakissoba Vegetariano,4.0,4.0,4.0,4.0,4.0,8.0,Av. Sensorial,P2,2026-06
Pici 2,2026-06-22,Café,ESPECIAL,Mingau ,4.0,4.0,4.0,4.0,4.0,8.0,Av. Sensorial,P2,2026-06
Pici 2,2026-06-22,Café,ESPECIAL VEG,Achocolatado vegano ,4.0,4.0,4.0,4.0,4.0,8.0,Av. Sensorial,P2,2026-06
Pici 2,2026-06-22,Almoço,PV,Cozido Bovino à Calabresa,3.0,3.0,4.0,4.0,4.0,6.8,Av. Sensorial,P2,2026-06
Pici 2,2026-06-22,Almoço,PB,Cubos de Frango ao Molho Mostarda,4.0,4.0,4.0,4.0,4.0,8.0,Av. Sensorial,P2,2026-06
Pici 2,2026-06-22,Almoço,VEG,Yakissoba Vegetariano,4.0,4.0,4.0,4.0,4.0,8.0,Av. Sensorial,P2,2026-06
Porangabussu,2026-06-22,Almoço,PV,Cozido Bovino à Calabresa,3.0,3.0,3.0,4.0,3.0,6.2,Av. Sensorial,PO,2026-06
Porangabussu,2026-06-22,Almoço,PB,Cubos de Frango ao Molho Mostarda,4.0,4.0,4.0,4.0,4.0,8.0,Av. Sensorial,PO,2026-06
Porangabussu,2026-06-22,Almoço,VEG,Yakissoba Vegetariano,4.0,4.0,4.0,4.0,4.0,8.0,Av. Sensorial,PO,2026-06
Benfica,2026-06-22,Almoço,PV,Cozido Bovino à Calabresa,3.0,3.0,4.0,4.0,4.0,6.8,Av. Sensorial,B,2026-06
Benfica,2026-06-22,Almoço,PB,Cubos de Frango ao Molho Mostarda,4.0,4.0,4.0,4.0,4.0,8.0,Av. Sensorial,B,2026-06
Benfica,2026-06-22,Almoço,VEG,Yakissoba Vegetariano,3.0,4.0,4.0,4.0,4.0,7.4,Av. Sensorial,B,2026-06
Pici 1,2026-06-22,Jantar,PV,Cubo suíno acebolado,4.0,4.0,4.0,4.0,4.0,8.0,Av. Sensorial,P1,2026-06
Pici 1,2026-06-22,Jantar,PB,Sobrecoxa Desossada ao M.Ervas,4.0,4.0,4.0,4.0,4.0,8.0,Av. Sensorial,P1,2026-06
Pici 1,2026-06-22,Jantar,VEG,Bolinho de Ervilha com Aveia,4.0,4.0,4.0,4.0,4.0,8.0,Av. Sensorial,P1,2026-06
Benfica,2026-06-22,Almoço,PV,Cozido Bovino à Calabresa,3.0,4.0,4.0,4.0,4.0,7.4,Av. Sensorial,B,2026-06
Benfica,2026-06-22,Almoço,PB,Cubos de Frango ao Molho Mostarda,4.0,4.0,4.0,4.0,4.0,8.0,Av. Sensorial,B,2026-06
Benfica,2026-06-22,Almoço,VEG,Yakissoba Vegetariano,3.0,4.0,4.0,4.0,4.0,7.4,Av. Sensorial,B,2026-06
Benfica,2026-06-22,Jantar,PV,Cubo suíno acebolado,3.0,4.0,4.0,4.0,4.0,7.4,Av. Sensorial,B,2026-06
Benfica,2026-06-22,Jantar,PB,Sobrecoxa Desossada ao M.Ervas,3.0,4.0,4.0,4.0,4.0,7.4,Av. Sensorial,B,2026-06
Benfica,2026-06-22,Jantar,VEG,Bolinho de Ervilha com Aveia,4.0,4.0,4.0,4.0,4.0,8.0,Av. Sensorial,B,2026-06
Benfica,2026-06-22,Jantar,PV,Cubo suíno acebolado,3.0,4.0,4.0,4.0,4.0,7.4,Av. Sensorial,B,2026-06
Benfica,2026-06-22,Jantar,PB,Sobrecoxa Desossada ao M.Ervas,3.0,4.0,4.0,4.0,4.0,7.4,Av. Sensorial,B,2026-06
Benfica,2026-06-22,Jantar,VEG,Bolinho de Ervilha com Aveia,4.0,4.0,4.0,4.0,4.0,8.0,Av. Sensorial,B,2026-06
Benfica,2026-06-23,Café,ESPECIAL,Queijo ,4.0,4.0,4.0,4.0,4.0,8.0,Av. Sensorial,B,2026-06
Benfica,2026-06-23,Café,ESPECIAL VEG,Granola,4.0,4.0,4.0,4.0,4.0,8.0,Av. Sensorial,B,2026-06
Benfica,2026-06-24,Almoço,PV,Feijoada,4.0,4.0,4.0,4.0,4.0,8.0,Av. Sensorial,B,2026-06
Benfica,2026-06-24,Almoço,PB,Isca de Frango ao M. de Legumes,4.0,4.0,4.0,4.0,4.0,8.0,Av. Sensorial,B,2026-06
Benfica,2026-06-24,Almoço,VEG,Feijoada Vegetariana,4.0,4.0,4.0,4.0,4.0,8.0,Av. Sensorial,B,2026-06
Labomar,2026-06-22,Almoço,PV,Cozido Bovino à Calabresa,3.0,3.0,4.0,4.0,3.0,6.6,Av. Sensorial,L,2026-06
Labomar,2026-06-22,Almoço,PB,Cubos de Frango ao Molho Mostarda,4.0,4.0,4.0,4.0,4.0,8.0,Av. Sensorial,L,2026-06
Labomar,2026-06-22,Almoço,VEG,Yakissoba Vegetariano,4.0,4.0,3.0,4.0,4.0,7.4,Av. Sensorial,L,2026-06
Pici 2,2026-06-23,Café,ESPECIAL,Queijo ,4.0,4.0,4.0,4.0,4.0,8.0,Av. Sensorial,P2,2026-06
Pici 2,2026-06-23,Café,ESPECIAL,Queijo ,4.0,4.0,4.0,4.0,4.0,8.0,Av. Sensorial,P2,2026-06
Pici 2,2026-06-23,Café,ESPECIAL VEG,Granola,4.0,4.0,4.0,4.0,4.0,8.0,Av. Sensorial,P2,2026-06
Pici 2,2026-06-23,Almoço,PV,Paçoca de Carne,4.0,4.0,4.0,4.0,4.0,8.0,Av. Sensorial,P2,2026-06
Pici 2,2026-06-23,Almoço,PB,Sobrecoxa Assada,4.0,4.0,4.0,4.0,4.0,8.0,Av. Sensorial,P2,2026-06
Pici 2,2026-06-23,Almoço,VEG,Estrogonofe de Grão de Bico,4.0,4.0,4.0,4.0,4.0,8.0,Av. Sensorial,P2,2026-06
Pici 1,2026-06-23,Almoço,PV,Paçoca de Carne,4.0,4.0,4.0,4.0,4.0,8.0,Av. Sensorial,P1,2026-06
Pici 1,2026-06-23,Almoço,PB,Sobrecoxa Assada,4.0,4.0,4.0,4.0,4.0,8.0,Av. Sensorial,P1,2026-06
Pici 1,2026-06-23,Almoço,VEG,Estrogonofe de Grão de Bico,4.0,4.0,4.0,4.0,4.0,8.0,Av. Sensorial,P1,2026-06
Pici 1,2026-06-23,Almoço,PV,Paçoca de Carne,4.0,4.0,4.0,4.0,4.0,8.0,Av. Sensorial,P1,2026-06
Pici 1,2026-06-23,Almoço,PB,Sobrecoxa Assada,4.0,4.0,4.0,4.0,4.0,8.0,Av. Sensorial,P1,2026-06
Pici 1,2026-06-23,Almoço,VEG,Estrogonofe de Grão de Bico,4.0,4.0,4.0,4.0,4.0,8.0,Av. Sensorial,P1,2026-06
Pici 2,2026-06-23,Almoço,PV,Paçoca de Carne,4.0,4.0,4.0,4.0,4.0,8.0,Av. Sensorial,P2,2026-06
Pici 2,2026-06-23,Almoço,PB,Sobrecoxa Assada,4.0,4.0,4.0,4.0,4.0,8.0,Av. Sensorial,P2,2026-06
Pici 2,2026-06-23,Almoço,VEG,Estrogonofe de Grão de Bico,4.0,4.0,4.0,4.0,4.0,8.0,Av. Sensorial,P2,2026-06
Porangabussu,2026-06-23,Almoço,PV,Paçoca de Carne,3.0,4.0,4.0,4.0,4.0,7.4,Av. Sensorial,PO,2026-06
Porangabussu,2026-06-23,Almoço,PB,Sobrecoxa Assada,4.0,4.0,4.0,4.0,4.0,8.0,Av. Sensorial,PO,2026-06
Porangabussu,2026-06-23,Almoço,VEG,Estrogonofe de Grão de Bico,3.0,3.0,3.0,4.0,3.0,6.2,Av. Sensorial,PO,2026-06
Pici 1,2026-06-23,Jantar,PV,Carne Moída Refogada,4.0,4.0,4.0,4.0,4.0,8.0,Av. Sensorial,P1,2026-06
Pici 1,2026-06-23,Jantar,PB,Estrogonofe de Frango,4.0,4.0,4.0,4.0,4.0,8.0,Av. Sensorial,P1,2026-06
Pici 1,2026-06-23,Jantar,VEG,Jardineira de Soja,4.0,4.0,4.0,4.0,4.0,8.0,Av. Sensorial,P1,2026-06
Benfica,2026-06-23,Almoço,PV,Paçoca de Carne,4.0,4.0,4.0,4.0,4.0,8.0,Av. Sensorial,B,2026-06
Benfica,2026-06-23,Almoço,PB,Sobrecoxa Assada,4.0,4.0,4.0,4.0,4.0,8.0,Av. Sensorial,B,2026-06
Benfica,2026-06-23,Almoço,VEG,Estrogonofe de Grão de Bico,4.0,4.0,4.0,4.0,4.0,8.0,Av. Sensorial,B,2026-06
Benfica,2026-06-23,Jantar,PV,Carne Moída Refogada,4.0,4.0,4.0,4.0,4.0,8.0,Av. Sensorial,B,2026-06
Benfica,2026-06-23,Jantar,PB,Estrogonofe de Frango,4.0,4.0,4.0,4.0,4.0,8.0,Av. Sensorial,B,2026-06
Benfica,2026-06-23,Jantar,VEG,Jardineira de Soja,4.0,4.0,4.0,4.0,4.0,8.0,Av. Sensorial,B,2026-06
Benfica,2026-06-23,Jantar,PV,Carne Moída Refogada,3.0,3.0,3.0,4.0,3.0,6.2,Av. Sensorial,B,2026-06
Benfica,2026-06-23,Jantar,PB,Estrogonofe de Frango,4.0,4.0,4.0,4.0,4.0,8.0,Av. Sensorial,B,2026-06
Benfica,2026-06-23,Jantar,VEG,Jardineira de Soja,4.0,4.0,4.0,4.0,4.0,8.0,Av. Sensorial,B,2026-06
Pici 2,2026-06-24,Café,ESPECIAL,Ovos Mexidos,4.0,4.0,4.0,4.0,4.0,8.0,Av. Sensorial,P2,2026-06
Pici 2,2026-06-24,Café,ESPECIAL VEG,Pasta de Amendoim,4.0,4.0,4.0,4.0,4.0,8.0,Av. Sensorial,P2,2026-06
Pici 2,2026-06-24,Café,ESPECIAL,Ovos Mexidos,4.0,4.0,4.0,4.0,4.0,8.0,Av. Sensorial,P2,2026-06
Pici 2,2026-06-24,Almoço,PV,Feijoada,4.0,4.0,4.0,4.0,4.0,8.0,Av. Sensorial,P2,2026-06
Pici 2,2026-06-24,Almoço,PB,Isca de Frango ao M. de Legumes,4.0,4.0,4.0,4.0,4.0,8.0,Av. Sensorial,P2,2026-06
Pici 2,2026-06-24,Almoço,VEG,Feijoada Vegetariana,4.0,4.0,4.0,4.0,4.0,8.0,Av. Sensorial,P2,2026-06
Pici 1,2026-06-24,Almoço,PV,Feijoada,4.0,4.0,4.0,4.0,4.0,8.0,Av. Sensorial,P1,2026-06
Pici 1,2026-06-24,Almoço,PB,Isca de Frango ao M. de Legumes,3.0,4.0,4.0,4.0,4.0,7.4,Av. Sensorial,P1,2026-06
Pici 1,2026-06-24,Almoço,VEG,Feijoada Vegetariana,3.0,3.0,3.0,4.0,3.0,6.2,Av. Sensorial,P1,2026-06
Benfica,2026-06-24,Almoço,PV,Feijoada,4.0,4.0,4.0,4.0,4.0,8.0,Av. Sensorial,B,2026-06
Benfica,2026-06-24,Almoço,PB,Isca de Frango ao M. de Legumes,4.0,4.0,4.0,4.0,4.0,8.0,Av. Sensorial,B,2026-06
Benfica,2026-06-24,Almoço,VEG,Feijoada Vegetariana,3.0,4.0,4.0,4.0,4.0,7.4,Av. Sensorial,B,2026-06
Porangabussu,2026-06-24,Almoço,PV,Feijoada,3.0,4.0,4.0,4.0,4.0,7.4,Av. Sensorial,PO,2026-06
Labomar,2026-06-23,Almoço,PV,Paçoca de Carne,4.0,4.0,4.0,4.0,4.0,8.0,Av. Sensorial,L,2026-06
Labomar,2026-06-23,Almoço,PB,Sobrecoxa Assada,4.0,4.0,4.0,4.0,4.0,8.0,Av. Sensorial,L,2026-06
Labomar,2026-06-23,Almoço,VEG,Estrogonofe de Grão de Bico,4.0,4.0,4.0,4.0,4.0,8.0,Av. Sensorial,L,2026-06
Labomar,2026-06-24,Almoço,PV,Feijoada,4.0,4.0,4.0,4.0,4.0,8.0,Av. Sensorial,L,2026-06
Labomar,2026-06-24,Almoço,PB,Isca de Frango ao M. de Legumes,3.0,4.0,4.0,4.0,4.0,7.4,Av. Sensorial,L,2026-06
Labomar,2026-06-24,Almoço,VEG,Feijoada Vegetariana,3.0,3.0,4.0,4.0,4.0,7.0,Av. Sensorial,L,2026-06
Pici 1,2026-06-24,Almoço,PV,Feijoada,4.0,4.0,4.0,4.0,4.0,8.0,Av. Sensorial,P1,2026-06
Pici 1,2026-06-24,Almoço,PB,Isca de Frango ao M. de Legumes,4.0,4.0,4.0,4.0,4.0,8.0,Av. Sensorial,P1,2026-06
Pici 1,2026-06-24,Almoço,VEG,Feijoada Vegetariana,3.0,4.0,4.0,4.0,4.0,7.4,Av. Sensorial,P1,2026-06
Pici 1,2026-06-23,Almoço,PV,Paçoca de Carne,4.0,4.0,4.0,4.0,4.0,8.0,Av. Sensorial,P1,2026-06
Pici 1,2026-06-23,Almoço,PB,Sobrecoxa Assada,4.0,4.0,4.0,4.0,4.0,8.0,Av. Sensorial,P1,2026-06
Pici 1,2026-06-23,Almoço,VEG,Estrogonofe de Grão de Bico,4.0,4.0,4.0,4.0,4.0,8.0,Av. Sensorial,P1,2026-06
Pici 2,2026-06-24,Almoço,PV,Feijoada,4.0,4.0,4.0,4.0,4.0,8.0,Av. Sensorial,P2,2026-06
Pici 2,2026-06-24,Almoço,PB,Isca de Frango ao M. de Legumes,4.0,4.0,4.0,4.0,4.0,8.0,Av. Sensorial,P2,2026-06
Pici 2,2026-06-24,Almoço,VEG,Feijoada Vegetariana,4.0,4.0,4.0,4.0,4.0,8.0,Av. Sensorial,P2,2026-06
Pici 2,2026-06-25,Café,ESPECIAL,Iogurte ,4.0,4.0,4.0,4.0,4.0,8.0,Av. Sensorial,P2,2026-06
Pici 2,2026-06-25,Café,ESPECIAL VEG,Similar a Iogurte Vegano,4.0,4.0,4.0,4.0,4.0,8.0,Av. Sensorial,P2,2026-06
Pici 2,2026-06-25,Café,ESPECIAL,Iogurte ,4.0,4.0,4.0,4.0,4.0,8.0,Av. Sensorial,P2,2026-06
Benfica,2026-06-25,Café,ESPECIAL,Iogurte ,4.0,4.0,4.0,4.0,4.0,8.0,Av. Sensorial,B,2026-06
Benfica,2026-06-25,Almoço,PV,Picadinho com Legumes,3.0,3.0,3.0,4.0,4.0,6.4,Av. Sensorial,B,2026-06
Benfica,2026-06-25,Almoço,PB,Sobrecoxa ao M. de Legumes,4.0,4.0,4.0,4.0,4.0,8.0,Av. Sensorial,B,2026-06
Benfica,2026-06-25,Almoço,VEG,Bobó de Legumes,4.0,4.0,4.0,4.0,4.0,8.0,Av. Sensorial,B,2026-06
Benfica,2026-06-25,Almoço,PV,Picadinho com Legumes,3.0,3.0,4.0,4.0,4.0,6.8,Av. Sensorial,B,2026-06
Benfica,2026-06-25,Almoço,PB,Sobrecoxa ao M. de Legumes,3.0,3.0,4.0,4.0,3.0,6.6,Av. Sensorial,B,2026-06
Benfica,2026-06-25,Almoço,VEG,Bobó de Legumes,4.0,4.0,4.0,4.0,4.0,8.0,Av. Sensorial,B,2026-06
Labomar,2026-06-25,Almoço,PV,Picadinho com Legumes,,,,,,0.0,Av. Sensorial,L,2026-06
Labomar,2026-06-25,Almoço,PB,Sobrecoxa ao M. de Legumes,,,,,,0.0,Av. Sensorial,L,2026-06
Labomar,2026-06-25,Almoço,VEG,Bobó de Legumes,,,,,,0.0,Av. Sensorial,L,2026-06
Pici 2,2026-06-25,Almoço,PV,Picadinho com Legumes,3.0,3.0,3.0,4.0,3.0,6.2,Av. Sensorial,P2,2026-06
Pici 2,2026-06-25,Almoço,PB,Sobrecoxa ao M. de Legumes,4.0,4.0,4.0,4.0,4.0,8.0,Av. Sensorial,P2,2026-06
Pici 2,2026-06-25,Almoço,VEG,Bobó de Legumes,4.0,4.0,4.0,4.0,4.0,8.0,Av. Sensorial,P2,2026-06
Pici 1,2026-06-25,Almoço,PV,Picadinho com Legumes,4.0,4.0,4.0,4.0,4.0,8.0,Av. Sensorial,P1,2026-06
Pici 1,2026-06-25,Almoço,PB,Sobrecoxa ao M. de Legumes,3.0,4.0,4.0,4.0,4.0,7.4,Av. Sensorial,P1,2026-06
Pici 1,2026-06-25,Almoço,VEG,Bobó de Legumes,4.0,4.0,4.0,4.0,4.0,8.0,Av. Sensorial,P1,2026-06
Pici 1,2026-06-25,Almoço,PV,Picadinho com Legumes,4.0,4.0,4.0,4.0,4.0,8.0,Av. Sensorial,P1,2026-06
Pici 1,2026-06-25,Almoço,PB,Sobrecoxa ao M. de Legumes,4.0,4.0,4.0,4.0,4.0,8.0,Av. Sensorial,P1,2026-06
Pici 1,2026-06-25,Almoço,VEG,Bobó de Legumes,4.0,4.0,4.0,4.0,4.0,8.0,Av. Sensorial,P1,2026-06
Pici 1,2026-06-25,Jantar,PV,Cubo Suíno ao Molho Barbecue,3.0,4.0,4.0,4.0,4.0,7.4,Av. Sensorial,P1,2026-06
Pici 1,2026-06-25,Jantar,PB,Isca de Frango Acebolado,3.0,3.0,4.0,4.0,3.0,6.6,Av. Sensorial,P1,2026-06
Pici 1,2026-06-25,Jantar,VEG,Escondidinho de Soja,4.0,4.0,4.0,4.0,4.0,8.0,Av. Sensorial,P1,2026-06
Porangabussu,2026-06-25,Almoço,PV,Picadinho com Legumes,4.0,4.0,4.0,4.0,4.0,8.0,Av. Sensorial,PO,2026-06
Porangabussu,2026-06-25,Almoço,PB,Sobrecoxa ao M. de Legumes,4.0,4.0,4.0,4.0,4.0,8.0,Av. Sensorial,PO,2026-06
Porangabussu,2026-06-25,Almoço,VEG,Bobó de Legumes,4.0,4.0,4.0,4.0,4.0,8.0,Av. Sensorial,PO,2026-06
Benfica,2026-06-25,Jantar,PV,Cubo Suíno ao Molho Barbecue,3.0,4.0,4.0,4.0,4.0,7.4,Av. Sensorial,B,2026-06
Benfica,2026-06-25,Jantar,PB,Isca de Frango Acebolado,4.0,4.0,4.0,4.0,4.0,8.0,Av. Sensorial,B,2026-06
Benfica,2026-06-25,Jantar,VEG,Escondidinho de Soja,4.0,4.0,4.0,4.0,4.0,8.0,Av. Sensorial,B,2026-06
Pici 2,2026-06-26,Café,ESPECIAL,Carne Moída ao Molho,3.0,4.0,4.0,4.0,4.0,7.555555555555555,Av. Sensorial,P2,2026-06
Pici 2,2026-06-26,Café,ESPECIAL VEG,Geleia,4.0,4.0,4.0,4.0,4.0,8.0,Av. Sensorial,P2,2026-06
Pici 2,2026-06-26,Café,ESPECIAL,Carne Moída ao Molho,3.0,3.0,3.0,4.0,3.0,6.222222222222222,Av. Sensorial,P2,2026-06
Benfica,2026-06-26,Almoço,PV,Cubos de Carne ao M. Escuro,3.0,3.0,3.0,3.0,3.0,6.0,Av. Sensorial,B,2026-06
Benfica,2026-06-26,Almoço,PB,Peixe ao M. de Peixada,4.0,4.0,4.0,4.0,4.0,8.0,Av. Sensorial,B,2026-06
Benfica,2026-06-26,Almoço,VEG,Soja Nordestina,4.0,4.0,3.0,4.0,4.0,7.4,Av. Sensorial,B,2026-06
Pici 2,2026-06-26,Almoço,PV,Cubos de Carne ao M. Escuro,3.0,3.0,3.0,4.0,3.0,6.2,Av. Sensorial,P2,2026-06
Pici 2,2026-06-26,Almoço,PB,Peixe ao M. de Peixada,4.0,4.0,4.0,4.0,4.0,8.0,Av. Sensorial,P2,2026-06
Pici 2,2026-06-26,Almoço,VEG,Soja Nordestina,4.0,4.0,4.0,4.0,4.0,8.0,Av. Sensorial,P2,2026-06
Pici 1,2026-06-26,Almoço,PV,Cubos de Carne ao M. Escuro,3.0,3.0,3.0,4.0,3.0,6.2,Av. Sensorial,P1,2026-06
Pici 1,2026-06-26,Almoço,PB,Peixe ao M. de Peixada,4.0,4.0,4.0,4.0,4.0,8.0,Av. Sensorial,P1,2026-06
Pici 1,2026-06-26,Almoço,VEG,Soja Nordestina,4.0,4.0,4.0,4.0,4.0,8.0,Av. Sensorial,P1,2026-06
Pici 1,2026-06-26,Jantar,PV,Escondidinho de Carne,4.0,4.0,4.0,4.0,4.0,8.0,Av. Sensorial,P1,2026-06
Pici 1,2026-06-26,Jantar,PB,Cubos de Frango com Batata Rústica,4.0,4.0,4.0,4.0,4.0,8.0,Av. Sensorial,P1,2026-06
Pici 1,2026-06-26,Jantar,VEG,Bolinho de grão de bico,,,,,,0.0,Av. Sensorial,P1,2026-06
Benfica,2026-06-26,Jantar,PV,Escondidinho de Carne,4.0,4.0,4.0,4.0,4.0,8.0,Av. Sensorial,B,2026-06
Benfica,2026-06-26,Jantar,PB,Cubos de Frango com Batata Rústica,4.0,4.0,4.0,4.0,4.0,8.0,Av. Sensorial,B,2026-06
Benfica,2026-06-26,Jantar,VEG,Bolinho de grão de bico,4.0,4.0,4.0,4.0,4.0,8.0,Av. Sensorial,B,2026-06
Benfica,2026-06-26,Jantar,PV,Escondidinho de Carne,3.0,4.0,3.0,4.0,4.0,7.0,Av. Sensorial,B,2026-06
Benfica,2026-06-26,Jantar,PB,Cubos de Frango com Batata Rústica,4.0,4.0,4.0,4.0,4.0,8.0,Av. Sensorial,B,2026-06
Benfica,2026-06-26,Jantar,VEG,Bolinho de grão de bico,3.0,4.0,4.0,4.0,4.0,7.4,Av. Sensorial,B,2026-06
Benfica,2026-06-30,Café,ESPECIAL,Queijo ,4.0,4.0,4.0,4.0,4.0,8.0,Av. Sensorial,B,2026-06
Benfica,2026-06-30,Café,ESPECIAL VEG,Granola,4.0,4.0,4.0,4.0,4.0,8.0,Av. Sensorial,B,2026-06
Pici 1,2026-06-30,Almoço,PV,Cubo Suíno à Carioca,4.0,4.0,3.0,4.0,4.0,7.6,Av. Sensorial,P1,2026-06
Pici 1,2026-06-30,Almoço,PB,Creme de Frango,4.0,4.0,3.0,4.0,4.0,7.6,Av. Sensorial,P1,2026-06
Pici 1,2026-06-30,Almoço,VEG,Vatapá Vegano,4.0,4.0,4.0,4.0,4.0,8.0,Av. Sensorial,P1,2026-06
Pici 2,2026-06-30,Café,ESPECIAL,Queijo ,4.0,4.0,4.0,4.0,4.0,8.0,Av. Sensorial,P2,2026-06
Pici 2,2026-06-30,Café,ESPECIAL VEG,Granola,4.0,4.0,4.0,4.0,4.0,8.0,Av. Sensorial,P2,2026-06
Pici 2,2026-06-30,Almoço,PV,Cubo Suíno à Carioca,4.0,4.0,3.0,4.0,4.0,7.6,Av. Sensorial,P2,2026-06
Pici 2,2026-06-30,Almoço,PB,Creme de Frango,3.0,3.0,3.0,4.0,3.0,6.2,Av. Sensorial,P2,2026-06
Pici 2,2026-06-30,Almoço,VEG,Vatapá Vegano,4.0,4.0,4.0,4.0,4.0,8.0,Av. Sensorial,P2,2026-06
Pici 1,2026-06-30,Almoço,PV,Cubo Suíno à Carioca,3.0,4.0,3.0,4.0,3.0,6.8,Av. Sensorial,P1,2026-06
Pici 1,2026-06-30,Almoço,PB,Creme de Frango,4.0,4.0,3.0,4.0,3.0,7.4,Av. Sensorial,P1,2026-06
Pici 1,2026-06-30,Almoço,VEG,Vatapá Vegano,4.0,4.0,4.0,4.0,4.0,8.0,Av. Sensorial,P1,2026-06
Pici 1,2026-06-30,Almoço,PV,Cubo Suíno à Carioca,3.0,3.0,3.0,4.0,3.0,6.2,Av. Sensorial,P1,2026-06
Pici 1,2026-06-30,Almoço,PB,Creme de Frango,4.0,4.0,3.0,4.0,4.0,7.6,Av. Sensorial,P1,2026-06
Pici 1,2026-06-30,Almoço,VEG,Vatapá Vegano,4.0,4.0,4.0,4.0,4.0,8.0,Av. Sensorial,P1,2026-06
Benfica,2026-06-30,Almoço,PV,Cubo Suíno à Carioca,3.0,3.0,3.0,4.0,3.0,6.2,Av. Sensorial,B,2026-06
Benfica,2026-06-30,Almoço,PB,Creme de Frango,3.0,3.0,3.0,4.0,3.0,6.2,Av. Sensorial,B,2026-06
Benfica,2026-06-30,Almoço,VEG,Vatapá Vegano,4.0,3.0,4.0,4.0,4.0,7.6,Av. Sensorial,B,2026-06
Pici 1,2026-06-30,Jantar,PV,Carne Moída Refogada,4.0,4.0,4.0,4.0,4.0,8.0,Av. Sensorial,P1,2026-06
Pici 1,2026-06-30,Jantar,PB,Sobrecoxa Desossada,4.0,4.0,4.0,4.0,4.0,8.0,Av. Sensorial,P1,2026-06
Pici 1,2026-06-30,Jantar,VEG,Hambúrguer de Soja,4.0,4.0,4.0,4.0,4.0,8.0,Av. Sensorial,P1,2026-06
Benfica,2026-06-30,Almoço,PV,Cubo Suíno à Carioca,3.0,3.0,3.0,4.0,3.0,6.2,Av. Sensorial,B,2026-06
Benfica,2026-06-30,Almoço,PB,Creme de Frango,3.0,3.0,3.0,4.0,3.0,6.2,Av. Sensorial,B,2026-06
Benfica,2026-06-30,Almoço,VEG,Vatapá Vegano,4.0,3.0,4.0,4.0,4.0,7.6,Av. Sensorial,B,2026-06
Benfica,2026-06-30,Jantar,PV,Carne Moída Refogada,4.0,4.0,4.0,4.0,4.0,8.0,Av. Sensorial,B,2026-06
Benfica,2026-06-30,Jantar,PB,Sobrecoxa Desossada,4.0,4.0,3.0,4.0,4.0,7.6,Av. Sensorial,B,2026-06
Benfica,2026-06-30,Jantar,VEG,Hambúrguer de Soja,4.0,4.0,4.0,4.0,4.0,8.0,Av. Sensorial,B,2026-06
Benfica,2026-06-30,Jantar,PV,Carne Moída Refogada,3.0,4.0,3.0,4.0,4.0,7.0,Av. Sensorial,B,2026-06
Benfica,2026-06-30,Jantar,PB,Sobrecoxa Desossada,4.0,4.0,4.0,4.0,4.0,8.0,Av. Sensorial,B,2026-06
Benfica,2026-06-30,Jantar,VEG,Hambúrguer de Soja,4.0,4.0,4.0,4.0,4.0,8.0,Av. Sensorial,B,2026-06
Porangabussu,2026-06-30,Almoço,PV,Cubo Suíno à Carioca,3.0,3.0,3.0,4.0,3.0,6.2,Av. Sensorial,PO,2026-06
Porangabussu,2026-06-30,Almoço,PB,Creme de Frango,4.0,4.0,4.0,4.0,4.0,8.0,Av. Sensorial,PO,2026-06
Porangabussu,2026-06-30,Almoço,VEG,Vatapá Vegano,4.0,3.0,3.0,4.0,4.0,7.0,Av. Sensorial,PO,2026-06
Benfica,2026-07-01,Café,ESPECIAL,Ovos Mexidos,4.0,4.0,4.0,4.0,4.0,8.0,Av. Sensorial,B,2026-07
Benfica,2026-07-01,Café,ESPECIAL VEG,Pasta de Amendoim,4.0,4.0,4.0,4.0,4.0,8.0,Av. Sensorial,B,2026-07
Pici 2,2026-07-01,Café,ESPECIAL,Ovos Mexidos,4.0,4.0,4.0,4.0,4.0,8.0,Av. Sensorial,P2,2026-07
Pici 2,2026-07-01,Café,ESPECIAL VEG,Pasta de Amendoim,4.0,4.0,4.0,4.0,4.0,8.0,Av. Sensorial,P2,2026-07
Pici 2,2026-07-01,Almoço,PV,Feijoada,4.0,4.0,4.0,4.0,4.0,8.0,Av. Sensorial,P2,2026-07
Pici 2,2026-07-01,Almoço,PB,Sobrecoxa com Gergelim,4.0,4.0,4.0,4.0,4.0,8.0,Av. Sensorial,P2,2026-07
Pici 2,2026-07-01,Almoço,VEG,Moqueca Vegetariana,4.0,4.0,4.0,4.0,4.0,8.0,Av. Sensorial,P2,2026-07
Benfica,2026-07-01,Almoço,PV,Feijoada,,,,,,0.0,Av. Sensorial,B,2026-07
Benfica,2026-07-01,Almoço,PB,Sobrecoxa com Gergelim,,,,,,0.0,Av. Sensorial,B,2026-07
Benfica,2026-07-01,Almoço,VEG,Moqueca Vegetariana,,,,,,0.0,Av. Sensorial,B,2026-07
Labomar,2026-06-30,Almoço,PV,Cubo Suíno à Carioca,3.0,3.0,4.0,4.0,3.0,6.6,Av. Sensorial,L,2026-06
Labomar,2026-06-30,Almoço,PB,Creme de Frango,4.0,4.0,4.0,4.0,4.0,8.0,Av. Sensorial,L,2026-06
Labomar,2026-06-30,Almoço,VEG,Vatapá Vegano,4.0,4.0,3.0,4.0,4.0,7.4,Av. Sensorial,L,2026-06
Pici 1,2026-07-01,Almoço,PV,Feijoada,4.0,4.0,4.0,4.0,4.0,8.0,Av. Sensorial,P1,2026-07
Pici 1,2026-07-01,Almoço,PB,Sobrecoxa com Gergelim,4.0,4.0,4.0,4.0,4.0,8.0,Av. Sensorial,P1,2026-07
Pici 1,2026-07-01,Almoço,VEG,Moqueca Vegetariana,4.0,4.0,4.0,4.0,4.0,8.0,Av. Sensorial,P1,2026-07
Porangabussu,2026-06-30,Almoço,PV,Cubo Suíno à Carioca,3.0,4.0,3.0,4.0,4.0,7.0,Av. Sensorial,PO,2026-06
Porangabussu,2026-06-30,Almoço,PB,Creme de Frango,4.0,4.0,3.0,4.0,4.0,7.6,Av. Sensorial,PO,2026-06
Porangabussu,2026-06-30,Almoço,VEG,Vatapá Vegano,4.0,4.0,4.0,4.0,4.0,8.0,Av. Sensorial,PO,2026-06
Porangabussu,2026-07-01,Almoço,PV,Feijoada,4.0,4.0,4.0,4.0,4.0,8.0,Av. Sensorial,PO,2026-07
Porangabussu,2026-07-01,Almoço,PB,Sobrecoxa com Gergelim,4.0,4.0,4.0,4.0,4.0,8.0,Av. Sensorial,PO,2026-07
Porangabussu,2026-07-01,Almoço,VEG,Moqueca Vegetariana,3.0,4.0,4.0,4.0,4.0,7.4,Av. Sensorial,PO,2026-07
Pici 1,2026-07-01,Almoço,PV,Feijoada,4.0,4.0,4.0,4.0,4.0,8.0,Av. Sensorial,P1,2026-07
Pici 1,2026-07-01,Almoço,PB,Sobrecoxa com Gergelim,3.0,4.0,4.0,4.0,4.0,7.4,Av. Sensorial,P1,2026-07
Pici 1,2026-07-01,Almoço,VEG,Moqueca Vegetariana,4.0,4.0,4.0,4.0,4.0,8.0,Av. Sensorial,P1,2026-07
Pici 1,2026-07-01,Jantar,PV,Isca de Carne ao M. Tomate,4.0,4.0,4.0,4.0,4.0,8.0,Av. Sensorial,P1,2026-07
Pici 1,2026-07-01,Jantar,PB,Cubos de Frango Acebolado,3.0,3.0,4.0,4.0,4.0,6.8,Av. Sensorial,P1,2026-07
Pici 1,2026-07-01,Jantar,VEG,Panqueca Vegana ao Molho Branco,4.0,4.0,4.0,4.0,4.0,8.0,Av. Sensorial,P1,2026-07
Pici 1,2026-07-01,Jantar,PV,Isca de Carne ao M. Tomate,4.0,4.0,4.0,4.0,4.0,8.0,Av. Sensorial,P1,2026-07
Pici 1,2026-07-01,Jantar,PB,Cubos de Frango Acebolado,3.0,3.0,4.0,4.0,3.0,6.6,Av. Sensorial,P1,2026-07
Pici 1,2026-07-01,Jantar,VEG,Panqueca Vegana ao Molho Branco,4.0,4.0,4.0,4.0,4.0,8.0,Av. Sensorial,P1,2026-07
Benfica,2026-07-01,Almoço,PV,Feijoada,4.0,4.0,4.0,4.0,4.0,8.0,Av. Sensorial,B,2026-07
Benfica,2026-07-01,Almoço,PB,Sobrecoxa com Gergelim,3.0,3.0,4.0,4.0,4.0,6.8,Av. Sensorial,B,2026-07
Benfica,2026-07-01,Almoço,VEG,Moqueca Vegetariana,4.0,4.0,4.0,4.0,4.0,8.0,Av. Sensorial,B,2026-07
Benfica,2026-07-01,Jantar,PV,Isca de Carne ao M. Tomate,4.0,4.0,4.0,4.0,4.0,8.0,Av. Sensorial,B,2026-07
Benfica,2026-07-01,Jantar,PB,Cubos de Frango Acebolado,3.0,3.0,3.0,4.0,3.0,6.2,Av. Sensorial,B,2026-07
Benfica,2026-07-01,Jantar,VEG,Panqueca Vegana ao Molho Branco,4.0,4.0,4.0,4.0,4.0,8.0,Av. Sensorial,B,2026-07
Benfica,2026-07-01,Jantar,PV,Isca de Carne ao M. Tomate,4.0,4.0,4.0,4.0,4.0,8.0,Av. Sensorial,B,2026-07
Benfica,2026-07-01,Jantar,PB,Cubos de Frango Acebolado,3.0,3.0,3.0,4.0,3.0,6.2,Av. Sensorial,B,2026-07
Benfica,2026-07-01,Jantar,VEG,Panqueca Vegana ao Molho Branco,4.0,4.0,3.0,4.0,4.0,7.4,Av. Sensorial,B,2026-07
Benfica,2026-07-02,Café,ESPECIAL,Iogurte ,4.0,4.0,4.0,4.0,4.0,8.0,Av. Sensorial,B,2026-07
Benfica,2026-07-02,Café,ESPECIAL VEG,Similar a Iogurte Vegano,4.0,4.0,4.0,4.0,4.0,8.0,Av. Sensorial,B,2026-07
Pici 2,2026-07-02,Café,ESPECIAL,Iogurte ,4.0,4.0,4.0,4.0,4.0,8.0,Av. Sensorial,P2,2026-07
Pici 2,2026-07-02,Café,ESPECIAL VEG,Similar a Iogurte Vegano,4.0,4.0,3.0,4.0,4.0,7.428571428571429,Av. Sensorial,P2,2026-07
Pici 2,2026-07-02,Almoço,PV,Carne Moída Refogada,4.0,4.0,4.0,4.0,4.0,8.0,Av. Sensorial,P2,2026-07
Pici 2,2026-07-02,Almoço,PB,Estrogonofe de Frango,4.0,4.0,4.0,4.0,4.0,8.0,Av. Sensorial,P2,2026-07
Pici 2,2026-07-02,Almoço,VEG,Refogado de Lentilha,4.0,4.0,4.0,4.0,4.0,8.0,Av. Sensorial,P2,2026-07
Benfica,2026-07-02,Almoço,PV,Carne Moída Refogada,3.0,3.0,3.0,4.0,3.0,6.2,Av. Sensorial,B,2026-07
Benfica,2026-07-02,Almoço,PB,Estrogonofe de Frango,4.0,4.0,4.0,4.0,4.0,8.0,Av. Sensorial,B,2026-07
Benfica,2026-07-02,Almoço,VEG,Refogado de Lentilha,3.0,4.0,4.0,4.0,4.0,7.4,Av. Sensorial,B,2026-07
Benfica,2026-07-02,Almoço,PV,Carne Moída Refogada,3.0,4.0,3.0,4.0,4.0,7.0,Av. Sensorial,B,2026-07
Benfica,2026-07-02,Almoço,PB,Estrogonofe de Frango,4.0,4.0,4.0,4.0,4.0,8.0,Av. Sensorial,B,2026-07
Benfica,2026-07-02,Almoço,VEG,Refogado de Lentilha,4.0,4.0,4.0,4.0,4.0,8.0,Av. Sensorial,B,2026-07
Porangabussu,2026-07-02,Almoço,PV,Carne Moída Refogada,4.0,3.0,3.0,4.0,4.0,7.0,Av. Sensorial,PO,2026-07
Porangabussu,2026-07-02,Almoço,PB,Estrogonofe de Frango,4.0,4.0,4.0,4.0,4.0,8.0,Av. Sensorial,PO,2026-07
Porangabussu,2026-07-02,Almoço,VEG,Refogado de Lentilha,3.0,3.0,3.0,4.0,3.0,6.2,Av. Sensorial,PO,2026-07
Porangabussu,2026-07-02,Almoço,PV,Carne Moída Refogada,4.0,4.0,4.0,4.0,4.0,8.0,Av. Sensorial,PO,2026-07
Porangabussu,2026-07-02,Almoço,PB,Estrogonofe de Frango,4.0,4.0,4.0,4.0,4.0,8.0,Av. Sensorial,PO,2026-07
Porangabussu,2026-07-02,Almoço,VEG,Refogado de Lentilha,4.0,4.0,4.0,4.0,4.0,8.0,Av. Sensorial,PO,2026-07
Pici 1,2026-07-02,Almoço,PV,Carne Moída Refogada,4.0,4.0,4.0,4.0,4.0,8.0,Av. Sensorial,P1,2026-07
Pici 1,2026-07-02,Almoço,PB,Estrogonofe de Frango,4.0,4.0,4.0,4.0,4.0,8.0,Av. Sensorial,P1,2026-07
Pici 1,2026-07-02,Almoço,VEG,Refogado de Lentilha,4.0,4.0,3.0,4.0,4.0,7.4,Av. Sensorial,P1,2026-07
Pici 1,2026-07-02,Almoço,PV,Carne Moída Refogada,4.0,4.0,4.0,4.0,4.0,8.0,Av. Sensorial,P1,2026-07
Pici 1,2026-07-02,Almoço,PB,Estrogonofe de Frango,4.0,4.0,4.0,4.0,4.0,8.0,Av. Sensorial,P1,2026-07
Pici 1,2026-07-02,Almoço,VEG,Refogado de Lentilha,4.0,4.0,4.0,4.0,4.0,8.0,Av. Sensorial,P1,2026-07
Pici 1,2026-07-02,Jantar,PV,Cubos de Carne ao M. Madeira,4.0,4.0,4.0,4.0,4.0,8.0,Av. Sensorial,P1,2026-07
Pici 1,2026-07-02,Jantar,PB,Peixe à Delícia,4.0,4.0,4.0,4.0,4.0,8.0,Av. Sensorial,P1,2026-07
Pici 1,2026-07-02,Jantar,VEG,Suflê de Legumes,4.0,4.0,4.0,4.0,4.0,8.0,Av. Sensorial,P1,2026-07
Benfica,2026-07-02,Almoço,PV,Carne Moída Refogada,4.0,4.0,4.0,4.0,4.0,8.0,Av. Sensorial,B,2026-07
Benfica,2026-07-02,Almoço,PB,Estrogonofe de Frango,4.0,4.0,4.0,4.0,4.0,8.0,Av. Sensorial,B,2026-07
Benfica,2026-07-02,Almoço,VEG,Refogado de Lentilha,4.0,4.0,4.0,4.0,4.0,8.0,Av. Sensorial,B,2026-07
Benfica,2026-07-02,Jantar,PV,Cubos de Carne ao M. Madeira,3.0,4.0,3.0,4.0,4.0,7.0,Av. Sensorial,B,2026-07
Benfica,2026-07-02,Jantar,PB,Peixe à Delícia,4.0,4.0,4.0,4.0,4.0,8.0,Av. Sensorial,B,2026-07
Benfica,2026-07-02,Jantar,VEG,Suflê de Legumes,4.0,4.0,4.0,4.0,4.0,8.0,Av. Sensorial,B,2026-07
Benfica,2026-07-03,Café,ESPECIAL,Frango Desfiado,4.0,4.0,4.0,4.0,4.0,8.0,Av. Sensorial,B,2026-07
Benfica,2026-07-03,Café,ESPECIAL VEG,Geleia,4.0,4.0,4.0,4.0,4.0,8.0,Av. Sensorial,B,2026-07
Benfica,2026-07-03,Almoço,PV,Isca de Fígado ao Molho,4.0,4.0,5.0,4.0,4.0,8.4,Av. Sensorial,B,2026-07
Benfica,2026-07-03,Almoço,PB,Cubos de Frango Acebolado,4.0,4.0,4.0,4.0,4.0,8.0,Av. Sensorial,B,2026-07
Benfica,2026-07-03,Almoço,VEG,Assado de Grão de Bico com Legumes,4.0,4.0,4.0,4.0,4.0,8.0,Av. Sensorial,B,2026-07
Pici 2,2026-07-03,Café,ESPECIAL,Frango Desfiado,4.0,4.0,4.0,4.0,4.0,8.0,Av. Sensorial,P2,2026-07
Pici 2,2026-07-03,Café,ESPECIAL VEG,Geleia,3.0,3.0,4.0,4.0,3.0,6.857142857142857,Av. Sensorial,P2,2026-07
Pici 2,2026-07-03,Almoço,PV,Isca de Fígado ao Molho,4.0,4.0,4.0,4.0,4.0,8.0,Av. Sensorial,P2,2026-07
Pici 2,2026-07-03,Almoço,PB,Cubos de Frango Acebolado,4.0,4.0,4.0,4.0,4.0,8.0,Av. Sensorial,P2,2026-07
Pici 2,2026-07-03,Almoço,VEG,Assado de Grão de Bico com Legumes,4.0,4.0,4.0,4.0,4.0,8.0,Av. Sensorial,P2,2026-07
Pici 1,2026-07-03,Almoço,PV,Isca de Fígado ao Molho,4.0,4.0,4.0,4.0,4.0,8.0,Av. Sensorial,P1,2026-07
Pici 1,2026-07-03,Almoço,PB,Cubos de Frango Acebolado,3.0,3.0,3.0,4.0,3.0,6.2,Av. Sensorial,P1,2026-07
Pici 1,2026-07-03,Almoço,VEG,Assado de Grão de Bico com Legumes,4.0,4.0,4.0,4.0,4.0,8.0,Av. Sensorial,P1,2026-07
Pici 1,2026-07-03,Almoço,PV,Isca de Fígado ao Molho,4.0,4.0,4.0,4.0,4.0,8.0,Av. Sensorial,P1,2026-07
Pici 1,2026-07-03,Almoço,PB,Cubos de Frango Acebolado,3.0,4.0,4.0,4.0,4.0,7.4,Av. Sensorial,P1,2026-07
Pici 1,2026-07-03,Almoço,VEG,Assado de Grão de Bico com Legumes,4.0,4.0,4.0,4.0,4.0,8.0,Av. Sensorial,P1,2026-07
Pici 1,2026-07-03,Almoço,PV,Isca de Fígado ao Molho,4.0,4.0,4.0,4.0,4.0,8.0,Av. Sensorial,P1,2026-07
Pici 1,2026-07-03,Almoço,PB,Cubos de Frango Acebolado,4.0,4.0,4.0,4.0,4.0,8.0,Av. Sensorial,P1,2026-07
Pici 1,2026-07-03,Almoço,VEG,Assado de Grão de Bico com Legumes,4.0,4.0,4.0,4.0,4.0,8.0,Av. Sensorial,P1,2026-07
Porangabussu,2026-07-03,Almoço,PV,Isca de Fígado ao Molho,4.0,4.0,4.0,4.0,4.0,8.0,Av. Sensorial,PO,2026-07
Porangabussu,2026-07-03,Almoço,PB,Cubos de Frango Acebolado,3.0,3.0,3.0,4.0,3.0,6.2,Av. Sensorial,PO,2026-07
Porangabussu,2026-07-03,Almoço,VEG,Assado de Grão de Bico com Legumes,4.0,3.0,3.0,4.0,4.0,7.0,Av. Sensorial,PO,2026-07
Labomar,2026-07-02,Almoço,PV,Carne Moída Refogada,4.0,4.0,4.0,4.0,4.0,8.0,Av. Sensorial,L,2026-07
Labomar,2026-07-02,Almoço,PB,Estrogonofe de Frango,4.0,4.0,4.0,4.0,4.0,8.0,Av. Sensorial,L,2026-07
Labomar,2026-07-02,Almoço,VEG,Refogado de Lentilha,3.0,4.0,4.0,4.0,4.0,7.4,Av. Sensorial,L,2026-07
Labomar,2026-07-03,Almoço,PV,Isca de Fígado ao Molho,4.0,4.0,4.0,4.0,4.0,8.0,Av. Sensorial,L,2026-07
Labomar,2026-07-03,Almoço,PB,Cubos de Frango Acebolado,3.0,4.0,4.0,4.0,4.0,7.4,Av. Sensorial,L,2026-07
Labomar,2026-07-03,Almoço,VEG,Assado de Grão de Bico com Legumes,4.0,4.0,4.0,4.0,4.0,8.0,Av. Sensorial,L,2026-07
Pici 1,2026-07-03,Jantar,PV,Escondidinho de Calabresa,4.0,4.0,4.0,4.0,4.0,8.0,Av. Sensorial,P1,2026-07
Pici 1,2026-07-03,Jantar,PB,Cubos de Frango ao M. Escuro,4.0,4.0,4.0,4.0,4.0,8.0,Av. Sensorial,P1,2026-07
Pici 1,2026-07-03,Jantar,VEG,Torta de Legumes,4.0,4.0,4.0,4.0,4.0,8.0,Av. Sensorial,P1,2026-07
Benfica,2026-07-03,Almoço,PV,Isca de Fígado ao Molho,4.0,4.0,4.0,4.0,4.0,8.0,Av. Sensorial,B,2026-07
Benfica,2026-07-03,Almoço,PB,Cubos de Frango Acebolado,4.0,4.0,4.0,4.0,4.0,8.0,Av. Sensorial,B,2026-07
Benfica,2026-07-03,Almoço,VEG,Assado de Grão de Bico com Legumes,4.0,4.0,4.0,4.0,4.0,8.0,Av. Sensorial,B,2026-07
Benfica,2026-07-03,Jantar,PV,Escondidinho de Calabresa,4.0,4.0,4.0,4.0,4.0,8.0,Av. Sensorial,B,2026-07
Benfica,2026-07-03,Jantar,PB,Cubos de Frango ao M. Escuro,4.0,4.0,4.0,4.0,4.0,8.0,Av. Sensorial,B,2026-07
Benfica,2026-07-03,Jantar,VEG,Torta de Legumes,4.0,4.0,4.0,4.0,4.0,8.0,Av. Sensorial,B,2026-07
Benfica,2026-07-03,Jantar,PV,Escondidinho de Calabresa,4.0,4.0,3.0,4.0,4.0,7.6,Av. Sensorial,B,2026-07
Benfica,2026-07-03,Jantar,PB,Cubos de Frango ao M. Escuro,4.0,4.0,4.0,4.0,4.0,8.0,Av. Sensorial,B,2026-07
Benfica,2026-07-03,Jantar,VEG,Torta de Legumes,4.0,4.0,4.0,4.0,4.0,8.0,Av. Sensorial,B,2026-07
Benfica,2026-07-06,Café,ESPECIAL,Mingau ,4.0,4.0,4.0,4.0,4.0,8.0,Av. Sensorial,B,2026-07
Benfica,2026-07-06,Café,ESPECIAL VEG,Achocolatado vegano ,4.0,4.0,4.0,4.0,4.0,8.0,Av. Sensorial,B,2026-07
Pici 2,2026-07-06,Café,ESPECIAL,Mingau ,4.0,4.0,4.0,4.0,4.0,8.0,Av. Sensorial,P2,2026-07
Pici 2,2026-07-06,Café,ESPECIAL VEG,Achocolatado vegano ,4.0,4.0,4.0,4.0,4.0,8.0,Av. Sensorial,P2,2026-07
Pici 2,2026-07-06,Almoço,PV,Estrogonofe de Carne,4.0,4.0,4.0,4.0,4.0,8.0,Av. Sensorial,P2,2026-07
Pici 2,2026-07-06,Almoço,PB,Sobrecoxa Assada,4.0,4.0,4.0,4.0,4.0,8.0,Av. Sensorial,P2,2026-07
Pici 2,2026-07-06,Almoço,VEG,Risoto de Lentilha,4.0,4.0,4.0,4.0,4.0,8.0,Av. Sensorial,P2,2026-07
Benfica,2026-07-06,Almoço,PV,Estrogonofe de Carne,3.0,3.0,4.0,4.0,3.0,6.6,Av. Sensorial,B,2026-07
Benfica,2026-07-06,Almoço,PB,Sobrecoxa Assada,4.0,4.0,4.0,4.0,4.0,8.0,Av. Sensorial,B,2026-07
Benfica,2026-07-06,Almoço,VEG,Risoto de Lentilha,4.0,4.0,4.0,4.0,4.0,8.0,Av. Sensorial,B,2026-07
Pici 1,2026-07-06,Almoço,PV,Estrogonofe de Carne,4.0,4.0,4.0,4.0,4.0,8.0,Av. Sensorial,P1,2026-07
Pici 1,2026-07-06,Almoço,PB,Sobrecoxa Assada,4.0,4.0,4.0,4.0,4.0,8.0,Av. Sensorial,P1,2026-07
Pici 1,2026-07-06,Almoço,VEG,Risoto de Lentilha,4.0,4.0,4.0,4.0,4.0,8.0,Av. Sensorial,P1,2026-07
Pici 1,2026-07-06,Almoço,PV,Estrogonofe de Carne,4.0,4.0,4.0,4.0,4.0,8.0,Av. Sensorial,P1,2026-07
Pici 1,2026-07-06,Almoço,PB,Sobrecoxa Assada,4.0,4.0,4.0,4.0,4.0,8.0,Av. Sensorial,P1,2026-07
Pici 1,2026-07-06,Almoço,VEG,Risoto de Lentilha,4.0,4.0,4.0,4.0,4.0,8.0,Av. Sensorial,P1,2026-07
Porangabussu,2026-07-06,Almoço,PV,Estrogonofe de Carne,4.0,4.0,4.0,4.0,4.0,8.0,Av. Sensorial,PO,2026-07
Porangabussu,2026-07-06,Almoço,PB,Sobrecoxa Assada,4.0,4.0,4.0,4.0,4.0,8.0,Av. Sensorial,PO,2026-07
Porangabussu,2026-07-06,Almoço,VEG,Risoto de Lentilha,3.0,3.0,3.0,4.0,3.0,6.2,Av. Sensorial,PO,2026-07
Pici 1,2026-07-06,Jantar,PV,Picadinho com Legumes,4.0,4.0,4.0,4.0,4.0,8.0,Av. Sensorial,P1,2026-07
Pici 1,2026-07-06,Jantar,PB,Frango Xadrez,3.0,4.0,4.0,4.0,4.0,7.4,Av. Sensorial,P1,2026-07
Pici 1,2026-07-06,Jantar,VEG,Rocombole Grão de Bico,4.0,4.0,4.0,4.0,4.0,8.0,Av. Sensorial,P1,2026-07
Benfica,2026-07-06,Almoço,PV,Estrogonofe de Carne,3.0,3.0,3.0,4.0,4.0,6.4,Av. Sensorial,B,2026-07
Benfica,2026-07-06,Almoço,PB,Sobrecoxa Assada,3.0,4.0,4.0,4.0,4.0,7.4,Av. Sensorial,B,2026-07
Benfica,2026-07-06,Almoço,VEG,Risoto de Lentilha,4.0,4.0,4.0,4.0,4.0,8.0,Av. Sensorial,B,2026-07
Benfica,2026-07-06,Jantar,PV,Picadinho com Legumes,4.0,4.0,4.0,4.0,4.0,8.0,Av. Sensorial,B,2026-07
Benfica,2026-07-06,Jantar,PB,Frango Xadrez,3.0,4.0,4.0,4.0,4.0,7.4,Av. Sensorial,B,2026-07
Benfica,2026-07-06,Jantar,VEG,Rocombole Grão de Bico,4.0,4.0,4.0,4.0,4.0,8.0,Av. Sensorial,B,2026-07
Benfica,2026-07-07,Café,ESPECIAL,Queijo ,4.0,4.0,4.0,4.0,4.0,8.0,Av. Sensorial,B,2026-07
Benfica,2026-07-07,Café,ESPECIAL VEG,Granola,4.0,4.0,4.0,4.0,4.0,8.0,Av. Sensorial,B,2026-07
Pici 1,2026-07-07,Café,ESPECIAL,Queijo ,4.0,4.0,4.0,4.0,4.0,8.0,Av. Sensorial,P1,2026-07
Pici 1,2026-07-07,Café,ESPECIAL VEG,Granola,4.0,4.0,4.0,4.0,4.0,8.0,Av. Sensorial,P1,2026-07
Labomar,2026-07-06,Almoço,PV,Estrogonofe de Carne,4.0,4.0,4.0,4.0,4.0,8.0,Av. Sensorial,L,2026-07
Labomar,2026-07-06,Almoço,PB,Sobrecoxa Assada,4.0,4.0,4.0,4.0,4.0,8.0,Av. Sensorial,L,2026-07
Labomar,2026-07-06,Almoço,VEG,Risoto de Lentilha,4.0,4.0,4.0,4.0,4.0,8.0,Av. Sensorial,L,2026-07
Pici 1,2026-07-07,Almoço,PV,Cubos Suíno ao molho barbecue,4.0,4.0,4.0,4.0,4.0,8.0,Av. Sensorial,P1,2026-07
Pici 1,2026-07-07,Almoço,PB,Isca de Frango Acebolado,3.0,3.0,3.0,4.0,3.0,6.2,Av. Sensorial,P1,2026-07
Pici 1,2026-07-07,Almoço,VEG,Soja Nordestina,4.0,4.0,4.0,4.0,4.0,8.0,Av. Sensorial,P1,2026-07
Pici 1,2026-07-07,Almoço,PV,Cubos Suíno ao molho barbecue,4.0,4.0,4.0,4.0,4.0,8.0,Av. Sensorial,P1,2026-07
Pici 1,2026-07-07,Almoço,PB,Isca de Frango Acebolado,4.0,4.0,4.0,4.0,4.0,8.0,Av. Sensorial,P1,2026-07
Pici 1,2026-07-07,Almoço,VEG,Soja Nordestina,4.0,4.0,4.0,4.0,4.0,8.0,Av. Sensorial,P1,2026-07
Pici 1,2026-07-07,Almoço,PV,Cubos Suíno ao molho barbecue,4.0,4.0,4.0,4.0,4.0,8.0,Av. Sensorial,P1,2026-07
Pici 1,2026-07-07,Almoço,PB,Isca de Frango Acebolado,4.0,4.0,4.0,4.0,4.0,8.0,Av. Sensorial,P1,2026-07
Pici 1,2026-07-07,Almoço,VEG,Soja Nordestina,4.0,4.0,4.0,4.0,4.0,8.0,Av. Sensorial,P1,2026-07
Benfica,2026-07-07,Almoço,PV,Cubos Suíno ao molho barbecue,4.0,4.0,4.0,4.0,4.0,8.0,Av. Sensorial,B,2026-07
Benfica,2026-07-07,Almoço,PB,Isca de Frango Acebolado,4.0,4.0,4.0,4.0,4.0,8.0,Av. Sensorial,B,2026-07
Benfica,2026-07-07,Almoço,VEG,Soja Nordestina,4.0,4.0,4.0,4.0,4.0,8.0,Av. Sensorial,B,2026-07
Benfica,2026-07-07,Almoço,PV,Cubos Suíno ao molho barbecue,4.0,4.0,4.0,4.0,4.0,8.0,Av. Sensorial,B,2026-07
Benfica,2026-07-07,Almoço,PB,Isca de Frango Acebolado,3.0,4.0,3.0,4.0,4.0,7.0,Av. Sensorial,B,2026-07
Benfica,2026-07-07,Almoço,VEG,Soja Nordestina,4.0,4.0,4.0,4.0,4.0,8.0,Av. Sensorial,B,2026-07
Benfica,2026-07-07,Jantar,PV,Carne Moída Refogada,4.0,4.0,4.0,4.0,4.0,8.0,Av. Sensorial,B,2026-07
Benfica,2026-07-07,Jantar,PB,Sobrecoxa ao M. de Legumes,4.0,4.0,4.0,4.0,4.0,8.0,Av. Sensorial,B,2026-07
Benfica,2026-07-07,Jantar,VEG,Bobó de Legumes,4.0,4.0,4.0,4.0,4.0,8.0,Av. Sensorial,B,2026-07
Porangabussu,2026-07-07,Almoço,PV,Cubos Suíno ao molho barbecue,5.0,4.0,5.0,4.0,4.0,9.0,Av. Sensorial,PO,2026-07
Porangabussu,2026-07-07,Almoço,PB,Isca de Frango Acebolado,5.0,4.0,5.0,4.0,4.0,9.0,Av. Sensorial,PO,2026-07
Porangabussu,2026-07-07,Almoço,VEG,Soja Nordestina,4.0,4.0,4.0,4.0,4.0,8.0,Av. Sensorial,PO,2026-07
Pici 1,2026-07-07,Jantar,PV,Carne Moída Refogada,4.0,4.0,4.0,4.0,4.0,8.0,Av. Sensorial,P1,2026-07
Pici 1,2026-07-07,Jantar,PB,Sobrecoxa ao M. de Legumes,4.0,4.0,4.0,4.0,4.0,8.0,Av. Sensorial,P1,2026-07
Pici 1,2026-07-07,Jantar,VEG,Bobó de Legumes,4.0,4.0,4.0,4.0,4.0,8.0,Av. Sensorial,P1,2026-07
Benfica,2026-07-07,Jantar,PV,Carne Moída Refogada,4.0,4.0,4.0,4.0,4.0,8.0,Av. Sensorial,B,2026-07
Benfica,2026-07-07,Jantar,PB,Sobrecoxa ao M. de Legumes,4.0,4.0,3.0,4.0,4.0,7.6,Av. Sensorial,B,2026-07
Benfica,2026-07-07,Jantar,VEG,Bobó de Legumes,3.0,4.0,4.0,4.0,4.0,7.4,Av. Sensorial,B,2026-07
Porangabussu,2026-07-07,Almoço,PV,Cubos Suíno ao molho barbecue,4.0,4.0,4.0,4.0,4.0,8.0,Av. Sensorial,PO,2026-07
Porangabussu,2026-07-07,Almoço,PB,Isca de Frango Acebolado,4.0,4.0,4.0,4.0,4.0,8.0,Av. Sensorial,PO,2026-07
Porangabussu,2026-07-07,Almoço,VEG,Soja Nordestina,4.0,4.0,4.0,4.0,4.0,8.0,Av. Sensorial,PO,2026-07
Pici 1,2026-07-08,Café,ESPECIAL,Ovos Mexidos,4.0,4.0,3.0,4.0,4.0,7.333333333333333,Av. Sensorial,P1,2026-07
Pici 1,2026-07-08,Café,ESPECIAL VEG,Pasta de Amendoim,4.0,4.0,4.0,4.0,4.0,8.0,Av. Sensorial,P1,2026-07
Pici 1,2026-07-08,Almoço,PV,Feijoada,4.0,4.0,4.0,4.0,4.0,8.0,Av. Sensorial,P1,2026-07
Pici 1,2026-07-08,Almoço,PB,Sobrecoxa Assada,4.0,4.0,4.0,4.0,4.0,8.0,Av. Sensorial,P1,2026-07
Pici 1,2026-07-08,Almoço,VEG,Feijoada Vegetariana,4.0,4.0,3.0,4.0,3.0,7.2,Av. Sensorial,P1,2026-07
Pici 1,2026-07-08,Almoço,PV,Feijoada,4.0,4.0,4.0,4.0,4.0,8.0,Av. Sensorial,P1,2026-07
Pici 1,2026-07-08,Almoço,PB,Sobrecoxa Assada,4.0,4.0,4.0,4.0,4.0,8.0,Av. Sensorial,P1,2026-07
Pici 1,2026-07-08,Almoço,VEG,Feijoada Vegetariana,4.0,4.0,4.0,4.0,4.0,8.0,Av. Sensorial,P1,2026-07
Pici 1,2026-07-08,Almoço,PV,Feijoada,4.0,4.0,4.0,4.0,4.0,8.0,Av. Sensorial,P1,2026-07
Pici 1,2026-07-08,Almoço,PB,Sobrecoxa Assada,4.0,4.0,4.0,4.0,4.0,8.0,Av. Sensorial,P1,2026-07
Pici 1,2026-07-08,Almoço,VEG,Feijoada Vegetariana,4.0,4.0,4.0,4.0,4.0,8.0,Av. Sensorial,P1,2026-07
Pici 1,2026-07-08,Almoço,PV,Feijoada,4.0,4.0,4.0,4.0,4.0,8.0,Av. Sensorial,P1,2026-07
Pici 1,2026-07-08,Almoço,PB,Sobrecoxa Assada,4.0,4.0,3.0,4.0,4.0,7.6,Av. Sensorial,P1,2026-07
Pici 1,2026-07-08,Almoço,VEG,Feijoada Vegetariana,4.0,4.0,3.0,4.0,4.0,7.4,Av. Sensorial,P1,2026-07
Benfica,2026-07-08,Almoço,PV,Feijoada,3.0,4.0,4.0,4.0,4.0,7.4,Av. Sensorial,B,2026-07
Benfica,2026-07-08,Almoço,PB,Sobrecoxa Assada,4.0,4.0,4.0,4.0,4.0,8.0,Av. Sensorial,B,2026-07
Benfica,2026-07-08,Almoço,VEG,Feijoada Vegetariana,4.0,4.0,4.0,4.0,4.0,8.0,Av. Sensorial,B,2026-07
Pici 1,2026-07-08,Jantar,PV,Isca de Carne Acebolada,4.0,4.0,4.0,4.0,4.0,8.0,Av. Sensorial,P1,2026-07
Pici 1,2026-07-08,Jantar,PB,Vatapá de Frango,4.0,4.0,4.0,4.0,4.0,8.0,Av. Sensorial,P1,2026-07
Pici 1,2026-07-08,Jantar,VEG,Bolo Salgado Vegano,4.0,4.0,4.0,4.0,4.0,8.0,Av. Sensorial,P1,2026-07
Benfica,2026-07-08,Almoço,PV,Feijoada,3.0,4.0,3.0,4.0,4.0,7.0,Av. Sensorial,B,2026-07
Benfica,2026-07-08,Almoço,PB,Sobrecoxa Assada,4.0,4.0,4.0,4.0,4.0,8.0,Av. Sensorial,B,2026-07
Benfica,2026-07-08,Almoço,VEG,Feijoada Vegetariana,4.0,4.0,4.0,4.0,4.0,8.0,Av. Sensorial,B,2026-07
Benfica,2026-07-08,Jantar,PV,Isca de Carne Acebolada,4.0,4.0,4.0,4.0,4.0,8.0,Av. Sensorial,B,2026-07
Benfica,2026-07-08,Jantar,PB,Vatapá de Frango,4.0,4.0,4.0,4.0,4.0,8.0,Av. Sensorial,B,2026-07
Benfica,2026-07-08,Jantar,VEG,Bolo Salgado Vegano,4.0,4.0,4.0,4.0,4.0,8.0,Av. Sensorial,B,2026-07
Benfica,2026-07-08,Jantar,PV,Isca de Carne Acebolada,2.0,1.0,3.0,3.0,3.0,4.2,Av. Sensorial,B,2026-07
Benfica,2026-07-08,Jantar,PB,Vatapá de Frango,4.0,4.0,4.0,4.0,4.0,8.0,Av. Sensorial,B,2026-07
Benfica,2026-07-08,Jantar,VEG,Bolo Salgado Vegano,3.0,4.0,4.0,4.0,4.0,7.4,Av. Sensorial,B,2026-07
Pici 1,2026-07-09,Café,ESPECIAL,Iogurte ,4.0,4.0,4.0,4.0,4.0,8.0,Av. Sensorial,P1,2026-07
Pici 1,2026-07-09,Café,ESPECIAL VEG,Similar a Iogurte Vegano,4.0,4.0,4.0,4.0,4.0,8.0,Av. Sensorial,P1,2026-07
Pici 1,2026-07-09,Almoço,PV,Isca de Carne ao M. Tomate,3.0,3.0,4.0,4.0,4.0,6.8,Av. Sensorial,P1,2026-07
Pici 1,2026-07-09,Almoço,PB,Cubos de Frango com Ervas,4.0,4.0,4.0,4.0,4.0,8.0,Av. Sensorial,P1,2026-07
Pici 1,2026-07-09,Almoço,VEG,Soja à Bolonhesa,4.0,4.0,3.0,4.0,4.0,7.4,Av. Sensorial,P1,2026-07
Pici 1,2026-07-09,Almoço,PV,Isca de Carne ao M. Tomate,3.0,3.0,4.0,4.0,4.0,6.8,Av. Sensorial,P1,2026-07
Pici 1,2026-07-09,Almoço,PB,Cubos de Frango com Ervas,4.0,4.0,4.0,4.0,4.0,8.0,Av. Sensorial,P1,2026-07
Pici 1,2026-07-09,Almoço,VEG,Soja à Bolonhesa,4.0,4.0,3.0,4.0,4.0,7.4,Av. Sensorial,P1,2026-07
Pici 1,2026-07-09,Almoço,PV,Isca de Carne ao M. Tomate,4.0,3.0,3.0,4.0,4.0,7.0,Av. Sensorial,P1,2026-07
Pici 1,2026-07-09,Almoço,PB,Cubos de Frango com Ervas,4.0,4.0,4.0,4.0,4.0,8.0,Av. Sensorial,P1,2026-07
Pici 1,2026-07-09,Almoço,VEG,Soja à Bolonhesa,4.0,4.0,3.0,4.0,4.0,7.4,Av. Sensorial,P1,2026-07
Pici 1,2026-07-09,Almoço,PV,Isca de Carne ao M. Tomate,3.0,3.0,4.0,4.0,4.0,6.8,Av. Sensorial,P1,2026-07
Pici 1,2026-07-09,Almoço,PB,Cubos de Frango com Ervas,4.0,4.0,4.0,4.0,4.0,8.0,Av. Sensorial,P1,2026-07
Pici 1,2026-07-09,Almoço,VEG,Soja à Bolonhesa,4.0,4.0,4.0,4.0,4.0,8.0,Av. Sensorial,P1,2026-07
Porangabussu,2026-07-09,Almoço,PV,Isca de Carne ao M. Tomate,4.0,4.0,4.0,4.0,4.0,8.0,Av. Sensorial,PO,2026-07
Porangabussu,2026-07-09,Almoço,PB,Cubos de Frango com Ervas,4.0,3.0,4.0,4.0,4.0,7.4,Av. Sensorial,PO,2026-07
Porangabussu,2026-07-09,Almoço,VEG,Soja à Bolonhesa,4.0,4.0,4.0,4.0,4.0,8.0,Av. Sensorial,PO,2026-07
Pici 1,2026-07-09,Jantar,PV,Suíno Acebolado,4.0,4.0,4.0,4.0,4.0,8.0,Av. Sensorial,P1,2026-07
Pici 1,2026-07-09,Jantar,PB,Sobrecoxa com Gergelim,4.0,4.0,4.0,4.0,4.0,8.0,Av. Sensorial,P1,2026-07
Pici 1,2026-07-09,Jantar,VEG,Vatapá Vegano,4.0,4.0,4.0,4.0,4.0,8.0,Av. Sensorial,P1,2026-07
Benfica,2026-07-09,Jantar,PV,Suíno Acebolado,4.0,3.0,4.0,4.0,4.0,7.4,Av. Sensorial,B,2026-07
Benfica,2026-07-09,Jantar,PB,Sobrecoxa com Gergelim,4.0,4.0,4.0,4.0,4.0,8.0,Av. Sensorial,B,2026-07
Benfica,2026-07-09,Jantar,VEG,Vatapá Vegano,4.0,4.0,3.0,4.0,4.0,7.4,Av. Sensorial,B,2026-07
Pici 1,2026-07-10,Café,ESPECIAL,Frango Desfiado,4.0,4.0,4.0,4.0,4.0,8.0,Av. Sensorial,P1,2026-07
Pici 1,2026-07-10,Café,ESPECIAL VEG,Geleia,4.0,4.0,4.0,4.0,4.0,8.0,Av. Sensorial,P1,2026-07
Labomar,2026-07-07,Almoço,PV,Cubos Suíno ao molho barbecue,4.0,4.0,4.0,4.0,4.0,8.0,Av. Sensorial,L,2026-07
Labomar,2026-07-07,Almoço,PB,Isca de Frango Acebolado,4.0,4.0,4.0,4.0,4.0,8.0,Av. Sensorial,L,2026-07
Labomar,2026-07-07,Almoço,VEG,Soja Nordestina,4.0,4.0,4.0,4.0,4.0,8.0,Av. Sensorial,L,2026-07
Labomar,2026-07-08,Almoço,PV,Feijoada,3.0,4.0,3.0,4.0,4.0,7.0,Av. Sensorial,L,2026-07
Labomar,2026-07-08,Almoço,PB,Sobrecoxa Assada,4.0,4.0,4.0,4.0,4.0,8.0,Av. Sensorial,L,2026-07
Labomar,2026-07-08,Almoço,VEG,Feijoada Vegetariana,4.0,4.0,4.0,4.0,4.0,8.0,Av. Sensorial,L,2026-07
Pici 1,2026-05-25,Almoço,PV,Cozido Bovino à Calabresa,3.0,4.0,3.0,4.0,4.0,7.0,Av. Sensorial,P1,2026-05
Pici 1,2026-05-25,Almoço,PB,Cubos de Frango ao Molho Mostarda,4.0,4.0,4.0,4.0,4.0,8.0,Av. Sensorial,P1,2026-05
Pici 1,2026-05-25,Almoço,VEG,Yakissoba Vegetariano,4.0,4.0,3.0,3.0,4.0,7.2,Av. Sensorial,P1,2026-05
Benfica,2026-07-10,Almoço,PV,Carne do Sol,4.0,4.0,4.0,4.0,4.0,8.0,Av. Sensorial,B,2026-07
Benfica,2026-07-10,Almoço,PB,Peixe Assado,4.0,4.0,5.0,4.0,4.0,8.4,Av. Sensorial,B,2026-07
Benfica,2026-07-10,Almoço,VEG,Refogado  de Soja,4.0,4.0,3.0,4.0,3.0,7.2,Av. Sensorial,B,2026-07
Benfica,2026-07-09,Almoço,PV,Isca de Carne ao M. Tomate,3.0,3.0,4.0,4.0,3.0,6.6,Av. Sensorial,B,2026-07
Benfica,2026-07-09,Almoço,PB,Cubos de Frango com Ervas,4.0,4.0,4.0,4.0,4.0,8.0,Av. Sensorial,B,2026-07
Benfica,2026-07-09,Almoço,VEG,Soja à Bolonhesa,4.0,4.0,4.0,4.0,4.0,8.0,Av. Sensorial,B,2026-07
Pici 1,2026-07-10,Almoço,PV,Carne do Sol,4.0,4.0,4.0,4.0,4.0,8.0,Av. Sensorial,P1,2026-07
Pici 1,2026-07-10,Almoço,PB,Peixe Assado,4.0,4.0,4.0,4.0,4.0,8.0,Av. Sensorial,P1,2026-07
Pici 1,2026-07-10,Almoço,VEG,Refogado  de Soja,4.0,4.0,4.0,4.0,4.0,8.0,Av. Sensorial,P1,2026-07
Pici 1,2026-07-10,Almoço,PV,Carne do Sol,4.0,4.0,4.0,4.0,4.0,8.0,Av. Sensorial,P1,2026-07
Pici 1,2026-07-10,Almoço,PB,Peixe Assado,4.0,4.0,4.0,4.0,4.0,8.0,Av. Sensorial,P1,2026-07
Pici 1,2026-07-10,Almoço,VEG,Refogado  de Soja,4.0,4.0,4.0,4.0,4.0,8.0,Av. Sensorial,P1,2026-07
Labomar,2026-07-10,Almoço,PV,Carne do Sol,4.0,4.0,4.0,4.0,4.0,8.0,Av. Sensorial,L,2026-07
Labomar,2026-07-10,Almoço,PB,Peixe Assado,4.0,4.0,4.0,4.0,4.0,8.0,Av. Sensorial,L,2026-07
Labomar,2026-07-10,Almoço,VEG,Refogado  de Soja,4.0,4.0,4.0,4.0,4.0,8.0,Av. Sensorial,L,2026-07
Porangabussu,2026-07-10,Almoço,PV,Carne do Sol,4.0,4.0,4.0,4.0,4.0,8.0,Av. Sensorial,PO,2026-07
Porangabussu,2026-07-10,Almoço,PB,Peixe Assado,4.0,4.0,4.0,4.0,4.0,8.0,Av. Sensorial,PO,2026-07
Porangabussu,2026-07-10,Almoço,VEG,Refogado  de Soja,4.0,4.0,4.0,4.0,4.0,8.0,Av. Sensorial,PO,2026-07
Pici 1,2026-07-10,Jantar,PV,Torta de Calabresa,4.0,4.0,4.0,4.0,4.0,8.0,Av. Sensorial,P1,2026-07
Pici 1,2026-07-10,Jantar,PB,Cubos de Frango à Chinesa,4.0,4.0,4.0,4.0,4.0,8.0,Av. Sensorial,P1,2026-07
Pici 1,2026-07-10,Jantar,VEG,Lasanha de Brócolis,4.0,4.0,4.0,4.0,4.0,8.0,Av. Sensorial,P1,2026-07
Benfica,2026-07-10,Almoço,PV,Carne do Sol,4.0,4.0,4.0,4.0,4.0,8.0,Av. Sensorial,B,2026-07
Benfica,2026-07-10,Almoço,PB,Peixe Assado,4.0,4.0,4.0,4.0,4.0,8.0,Av. Sensorial,B,2026-07
Benfica,2026-07-10,Almoço,VEG,Refogado  de Soja,4.0,4.0,4.0,4.0,4.0,8.0,Av. Sensorial,B,2026-07
Benfica,2026-07-10,Jantar,PV,Torta de Calabresa,4.0,4.0,4.0,4.0,4.0,8.0,Av. Sensorial,B,2026-07
Benfica,2026-07-10,Jantar,PB,Cubos de Frango à Chinesa,3.0,4.0,4.0,4.0,4.0,7.4,Av. Sensorial,B,2026-07
Benfica,2026-07-10,Jantar,VEG,Lasanha de Brócolis,4.0,4.0,4.0,4.0,4.0,8.0,Av. Sensorial,B,2026-07
Benfica,2026-07-10,Jantar,PV,Torta de Calabresa,4.0,4.0,3.0,4.0,4.0,7.6,Av. Sensorial,B,2026-07
Benfica,2026-07-10,Jantar,PB,Cubos de Frango à Chinesa,4.0,4.0,4.0,4.0,4.0,8.0,Av. Sensorial,B,2026-07
Benfica,2026-07-10,Jantar,VEG,Lasanha de Brócolis,4.0,4.0,4.0,4.0,4.0,8.0,Av. Sensorial,B,2026-07
Benfica,2026-07-13,Café,ESPECIAL,Achocolatado,4.0,4.0,4.0,4.0,4.0,8.0,Av. Sensorial,B,2026-07
Benfica,2026-07-13,Café,ESPECIAL VEG,Achocolatado vegano ,4.0,4.0,4.0,4.0,4.0,8.0,Av. Sensorial,B,2026-07
Pici 1,2026-07-13,Café,ESPECIAL,Achocolatado,4.0,4.0,4.0,4.0,4.0,8.0,Av. Sensorial,P1,2026-07
Pici 1,2026-07-13,Café,ESPECIAL VEG,Achocolatado vegano ,4.0,4.0,4.0,4.0,4.0,8.0,Av. Sensorial,P1,2026-07
Pici 1,2026-07-13,Almoço,PV,Isca de Carne Chinesa,4.0,4.0,4.0,4.0,4.0,8.0,Av. Sensorial,P1,2026-07
Pici 1,2026-07-13,Almoço,PB,Sobrecoxa com Gergelim,4.0,4.0,4.0,4.0,4.0,8.0,Av. Sensorial,P1,2026-07
Pici 1,2026-07-13,Almoço,VEG,Estrogonofe de Legumes,4.0,4.0,4.0,4.0,4.0,8.0,Av. Sensorial,P1,2026-07
Pici 1,2026-07-13,Almoço,PV,Isca de Carne Chinesa,4.0,4.0,4.0,4.0,4.0,8.0,Av. Sensorial,P1,2026-07
Pici 1,2026-07-13,Almoço,PB,Sobrecoxa com Gergelim,4.0,4.0,4.0,4.0,4.0,8.0,Av. Sensorial,P1,2026-07
Pici 1,2026-07-13,Almoço,VEG,Estrogonofe de Legumes,4.0,4.0,4.0,4.0,4.0,8.0,Av. Sensorial,P1,2026-07
Porangabussu,2026-07-13,Almoço,PV,Isca de Carne Chinesa,4.0,4.0,4.0,4.0,4.0,8.0,Av. Sensorial,PO,2026-07
Porangabussu,2026-07-13,Almoço,PB,Sobrecoxa com Gergelim,4.0,4.0,4.0,4.0,4.0,8.0,Av. Sensorial,PO,2026-07
Porangabussu,2026-07-13,Almoço,VEG,Estrogonofe de Legumes,4.0,4.0,3.0,4.0,4.0,7.4,Av. Sensorial,PO,2026-07
Pici 1,2026-07-13,Almoço,PV,Isca de Carne Chinesa,4.0,4.0,4.0,4.0,4.0,8.0,Av. Sensorial,P1,2026-07
Pici 1,2026-07-13,Almoço,PB,Sobrecoxa com Gergelim,4.0,4.0,4.0,4.0,4.0,8.0,Av. Sensorial,P1,2026-07
Pici 1,2026-07-13,Almoço,VEG,Estrogonofe de Legumes,4.0,4.0,4.0,4.0,4.0,8.0,Av. Sensorial,P1,2026-07
Pici 1,2026-07-13,Jantar,PV,Paçoca de Carne,4.0,4.0,4.0,4.0,4.0,8.0,Av. Sensorial,P1,2026-07
Pici 1,2026-07-13,Jantar,PB,Isca de Frango Acebolado,4.0,4.0,4.0,4.0,4.0,8.0,Av. Sensorial,P1,2026-07
Pici 1,2026-07-13,Jantar,VEG,Yakissoba Vegetariano,4.0,4.0,3.0,4.0,4.0,7.4,Av. Sensorial,P1,2026-07
Benfica,2026-07-13,Almoço,PV,Isca de Carne Chinesa,3.0,4.0,4.0,4.0,4.0,7.4,Av. Sensorial,B,2026-07
Benfica,2026-07-13,Almoço,PB,Sobrecoxa com Gergelim,4.0,4.0,4.0,4.0,4.0,8.0,Av. Sensorial,B,2026-07
Benfica,2026-07-13,Almoço,VEG,Estrogonofe de Legumes,4.0,4.0,4.0,4.0,4.0,8.0,Av. Sensorial,B,2026-07
Benfica,2026-07-13,Jantar,PV,Paçoca de Carne,4.0,4.0,4.0,4.0,4.0,8.0,Av. Sensorial,B,2026-07
Benfica,2026-07-13,Jantar,PB,Isca de Frango Acebolado,4.0,4.0,4.0,4.0,4.0,8.0,Av. Sensorial,B,2026-07
Benfica,2026-07-13,Jantar,VEG,Yakissoba Vegetariano,4.0,4.0,4.0,4.0,4.0,8.0,Av. Sensorial,B,2026-07
Pici 1,2026-07-13,Almoço,PV,Isca de Carne Chinesa,3.0,3.0,4.0,4.0,4.0,6.8,Av. Sensorial,P1,2026-07
Pici 1,2026-07-13,Almoço,PB,Sobrecoxa com Gergelim,4.0,4.0,4.0,4.0,4.0,8.0,Av. Sensorial,P1,2026-07
Pici 1,2026-07-13,Almoço,VEG,Estrogonofe de Legumes,4.0,4.0,4.0,4.0,4.0,8.0,Av. Sensorial,P1,2026-07
Pici 1,2026-07-14,Café,ESPECIAL,Queijo ,4.0,4.0,4.0,4.0,4.0,8.0,Av. Sensorial,P1,2026-07
Pici 1,2026-07-14,Café,ESPECIAL VEG,Granola,4.0,4.0,4.0,4.0,4.0,8.0,Av. Sensorial,P1,2026-07
Labomar,2026-07-13,Almoço,PV,Isca de Carne Chinesa,4.0,4.0,4.0,4.0,4.0,8.0,Av. Sensorial,L,2026-07
Labomar,2026-07-13,Almoço,PB,Sobrecoxa com Gergelim,4.0,4.0,4.0,4.0,4.0,8.0,Av. Sensorial,L,2026-07
Labomar,2026-07-13,Almoço,VEG,Estrogonofe de Legumes,4.0,4.0,4.0,4.0,4.0,8.0,Av. Sensorial,L,2026-07
Pici 1,2026-07-14,Café,ESPECIAL,Queijo ,4.0,4.0,4.0,4.0,4.0,8.0,Av. Sensorial,P1,2026-07
Pici 1,2026-07-14,Almoço,PV,Suíno à Carioca,4.0,2.0,4.0,4.0,3.0,6.6,Av. Sensorial,P1,2026-07
Pici 1,2026-07-14,Almoço,PB,Cubos de Frango ao M. de Ervas,4.0,4.0,4.0,4.0,4.0,8.0,Av. Sensorial,P1,2026-07
Pici 1,2026-07-14,Almoço,VEG,Assado de Grão de Bico,4.0,4.0,4.0,4.0,4.0,8.0,Av. Sensorial,P1,2026-07
Pici 1,2026-07-14,Almoço,PV,Suíno à Carioca,4.0,3.0,4.0,4.0,4.0,7.4,Av. Sensorial,P1,2026-07
Pici 1,2026-07-14,Almoço,PB,Cubos de Frango ao M. de Ervas,4.0,4.0,4.0,4.0,4.0,8.0,Av. Sensorial,P1,2026-07
Pici 1,2026-07-14,Almoço,VEG,Assado de Grão de Bico,4.0,4.0,4.0,4.0,4.0,8.0,Av. Sensorial,P1,2026-07
Pici 1,2026-07-14,Almoço,PV,Suíno à Carioca,4.0,4.0,4.0,4.0,4.0,8.0,Av. Sensorial,P1,2026-07
Pici 1,2026-07-14,Almoço,PB,Cubos de Frango ao M. de Ervas,4.0,4.0,4.0,4.0,4.0,8.0,Av. Sensorial,P1,2026-07
Pici 1,2026-07-14,Almoço,VEG,Assado de Grão de Bico,4.0,4.0,4.0,4.0,4.0,8.0,Av. Sensorial,P1,2026-07
Benfica,2026-07-14,Café,ESPECIAL,Queijo ,4.0,4.0,4.0,4.0,4.0,8.0,Av. Sensorial,B,2026-07
Porangabussu,2026-07-14,Almoço,PV,Suíno à Carioca,4.0,4.0,4.0,4.0,4.0,8.0,Av. Sensorial,PO,2026-07
Porangabussu,2026-07-14,Almoço,PB,Cubos de Frango ao M. de Ervas,3.0,3.0,3.0,4.0,3.0,6.2,Av. Sensorial,PO,2026-07
Porangabussu,2026-07-14,Almoço,VEG,Assado de Grão de Bico,4.0,4.0,3.0,4.0,4.0,7.4,Av. Sensorial,PO,2026-07
Porangabussu,2026-07-14,Almoço,PV,Suíno à Carioca,2.0,3.0,4.0,4.0,4.0,6.2,Av. Sensorial,PO,2026-07
Porangabussu,2026-07-14,Almoço,PB,Cubos de Frango ao M. de Ervas,2.0,4.0,2.0,4.0,3.0,5.8,Av. Sensorial,PO,2026-07
Porangabussu,2026-07-14,Almoço,VEG,Assado de Grão de Bico,4.0,4.0,2.0,4.0,4.0,6.8,Av. Sensorial,PO,2026-07
Benfica,2026-07-13,Almoço,PV,Isca de Carne Chinesa,4.0,3.0,4.0,4.0,4.0,7.4,Av. Sensorial,B,2026-07
Benfica,2026-07-13,Almoço,PB,Sobrecoxa com Gergelim,4.0,4.0,4.0,4.0,4.0,8.0,Av. Sensorial,B,2026-07
Benfica,2026-07-13,Almoço,VEG,Estrogonofe de Legumes,4.0,4.0,4.0,4.0,4.0,8.0,Av. Sensorial,B,2026-07
Benfica,2026-07-14,Almoço,PV,Suíno à Carioca,4.0,4.0,4.0,4.0,4.0,8.0,Av. Sensorial,B,2026-07
Benfica,2026-07-14,Almoço,PB,Cubos de Frango ao M. de Ervas,4.0,4.0,4.0,4.0,4.0,8.0,Av. Sensorial,B,2026-07
Benfica,2026-07-14,Almoço,VEG,Assado de Grão de Bico,4.0,4.0,4.0,4.0,4.0,8.0,Av. Sensorial,B,2026-07
Porangabussu,2026-07-13,Almoço,PV,Isca de Carne Chinesa,4.0,4.0,4.0,4.0,4.0,8.0,Av. Sensorial,PO,2026-07
Porangabussu,2026-07-13,Almoço,PB,Sobrecoxa com Gergelim,4.0,4.0,4.0,4.0,4.0,8.0,Av. Sensorial,PO,2026-07
Porangabussu,2026-07-13,Almoço,VEG,Estrogonofe de Legumes,4.0,4.0,4.0,4.0,4.0,8.0,Av. Sensorial,PO,2026-07
Pici 1,2026-07-14,Jantar,PV,Jardineira de Carne Moída,4.0,4.0,4.0,4.0,4.0,8.0,Av. Sensorial,P1,2026-07
Pici 1,2026-07-14,Jantar,PB,Sobrecoxa Crocante,4.0,4.0,4.0,4.0,4.0,8.0,Av. Sensorial,P1,2026-07
Pici 1,2026-07-14,Jantar,VEG,Soja à Bolonhesa,4.0,4.0,4.0,4.0,4.0,8.0,Av. Sensorial,P1,2026-07
Pici 1,2026-07-14,Jantar,PV,Jardineira de Carne Moída,4.0,4.0,4.0,4.0,4.0,8.0,Av. Sensorial,P1,2026-07
Pici 1,2026-07-14,Jantar,PB,Sobrecoxa Crocante,4.0,4.0,4.0,4.0,4.0,8.0,Av. Sensorial,P1,2026-07
Pici 1,2026-07-14,Jantar,VEG,Soja à Bolonhesa,4.0,4.0,4.0,4.0,4.0,8.0,Av. Sensorial,P1,2026-07
Benfica,2026-07-14,Almoço,PV,Suíno à Carioca,4.0,4.0,4.0,4.0,4.0,8.0,Av. Sensorial,B,2026-07
Benfica,2026-07-14,Almoço,PB,Cubos de Frango ao M. de Ervas,4.0,4.0,4.0,4.0,4.0,8.0,Av. Sensorial,B,2026-07
Benfica,2026-07-14,Almoço,VEG,Assado de Grão de Bico,4.0,4.0,4.0,4.0,4.0,8.0,Av. Sensorial,B,2026-07
Benfica,2026-07-14,Jantar,PV,Jardineira de Carne Moída,4.0,4.0,4.0,4.0,4.0,8.0,Av. Sensorial,B,2026-07
Benfica,2026-07-14,Jantar,PB,Sobrecoxa Crocante,4.0,4.0,4.0,4.0,4.0,8.0,Av. Sensorial,B,2026-07
Benfica,2026-07-14,Jantar,VEG,Soja à Bolonhesa,4.0,4.0,4.0,4.0,4.0,8.0,Av. Sensorial,B,2026-07
Benfica,2026-07-14,Jantar,PV,Jardineira de Carne Moída,4.0,4.0,3.0,4.0,4.0,7.6,Av. Sensorial,B,2026-07
Benfica,2026-07-14,Jantar,PB,Sobrecoxa Crocante,4.0,4.0,4.0,4.0,4.0,8.0,Av. Sensorial,B,2026-07
Benfica,2026-07-14,Jantar,VEG,Soja à Bolonhesa,4.0,4.0,3.0,4.0,4.0,7.4,Av. Sensorial,B,2026-07
Benfica,2026-07-15,Café,ESPECIAL,Ovos Mexidos,4.0,4.0,4.0,4.0,4.0,8.0,Av. Sensorial,B,2026-07
Benfica,2026-07-15,Café,ESPECIAL VEG,Pasta de Amendoim,4.0,4.0,4.0,4.0,4.0,8.0,Av. Sensorial,B,2026-07
Pici 1,2026-07-15,Café,ESPECIAL,Ovos Mexidos,4.0,4.0,4.0,4.0,4.0,8.0,Av. Sensorial,P1,2026-07
Pici 1,2026-07-15,Café,ESPECIAL VEG,Pasta de Amendoim,4.0,4.0,4.0,4.0,4.0,8.0,Av. Sensorial,P1,2026-07
Pici 1,2026-07-15,Almoço,PV,Feijoada,4.0,4.0,3.0,4.0,4.0,7.6,Av. Sensorial,P1,2026-07
Pici 1,2026-07-15,Almoço,PB,Sobrecoxa Assada,4.0,4.0,4.0,4.0,4.0,8.0,Av. Sensorial,P1,2026-07
Pici 1,2026-07-15,Almoço,VEG,Refogado  de Soja,4.0,4.0,4.0,4.0,4.0,8.0,Av. Sensorial,P1,2026-07
Benfica,2026-07-15,Almoço,PV,Feijoada,4.0,4.0,3.0,4.0,4.0,7.6,Av. Sensorial,B,2026-07
Benfica,2026-07-15,Almoço,PB,Sobrecoxa Assada,4.0,4.0,4.0,4.0,4.0,8.0,Av. Sensorial,B,2026-07
Benfica,2026-07-15,Almoço,VEG,Refogado  de Soja,4.0,4.0,4.0,4.0,4.0,8.0,Av. Sensorial,B,2026-07
Pici 1,2026-07-15,Almoço,PV,Feijoada,4.0,4.0,3.0,4.0,4.0,7.6,Av. Sensorial,P1,2026-07
Pici 1,2026-07-15,Almoço,PB,Sobrecoxa Assada,4.0,4.0,4.0,4.0,4.0,8.0,Av. Sensorial,P1,2026-07
Pici 1,2026-07-15,Almoço,VEG,Refogado  de Soja,4.0,4.0,4.0,4.0,4.0,8.0,Av. Sensorial,P1,2026-07
Benfica,2026-07-15,Almoço,PV,Feijoada,3.0,4.0,3.0,4.0,4.0,7.0,Av. Sensorial,B,2026-07
Benfica,2026-07-15,Almoço,PB,Sobrecoxa Assada,4.0,4.0,4.0,4.0,4.0,8.0,Av. Sensorial,B,2026-07
Benfica,2026-07-15,Almoço,VEG,Refogado  de Soja,4.0,4.0,4.0,4.0,4.0,8.0,Av. Sensorial,B,2026-07
Benfica,2026-07-15,Jantar,PV,Estrogonofe de Carne,3.0,2.0,3.0,3.0,3.0,5.4,Av. Sensorial,B,2026-07
Benfica,2026-07-15,Jantar,PB,Cubos de Frango ao M. de Legumes,4.0,4.0,4.0,4.0,4.0,8.0,Av. Sensorial,B,2026-07
Benfica,2026-07-15,Jantar,VEG,Almôndegas de Lentilha,4.0,4.0,4.0,4.0,4.0,8.0,Av. Sensorial,B,2026-07
Pici 1,2026-07-15,Almoço,PV,Feijoada,4.0,4.0,3.0,4.0,4.0,7.6,Av. Sensorial,P1,2026-07
Pici 1,2026-07-15,Almoço,PB,Sobrecoxa Assada,4.0,4.0,4.0,4.0,4.0,8.0,Av. Sensorial,P1,2026-07
Pici 1,2026-07-15,Almoço,VEG,Refogado  de Soja,4.0,4.0,4.0,4.0,4.0,8.0,Av. Sensorial,P1,2026-07
Pici 1,2026-07-15,Café,ESPECIAL,Ovos Mexidos,4.0,4.0,4.0,4.0,4.0,8.0,Av. Sensorial,P1,2026-07
Pici 1,2026-07-15,Jantar,PV,Estrogonofe de Carne,3.0,3.0,4.0,4.0,4.0,6.8,Av. Sensorial,P1,2026-07
Pici 1,2026-07-15,Jantar,PB,Cubos de Frango ao M. de Legumes,4.0,4.0,4.0,4.0,4.0,8.0,Av. Sensorial,P1,2026-07
Pici 1,2026-07-15,Jantar,VEG,Almôndegas de Lentilha,4.0,4.0,4.0,4.0,4.0,8.0,Av. Sensorial,P1,2026-07
Pici 1,2026-07-15,Almoço,PV,Feijoada,4.0,4.0,4.0,4.0,4.0,8.0,Av. Sensorial,P1,2026-07
Pici 1,2026-07-15,Almoço,PB,Sobrecoxa Assada,4.0,4.0,4.0,4.0,4.0,8.0,Av. Sensorial,P1,2026-07
Pici 1,2026-07-15,Almoço,VEG,Refogado  de Soja,4.0,4.0,4.0,4.0,4.0,8.0,Av. Sensorial,P1,2026-07
Pici 1,2026-07-15,Jantar,PV,Estrogonofe de Carne,3.0,3.0,4.0,4.0,3.0,6.6,Av. Sensorial,P1,2026-07
Pici 1,2026-07-15,Jantar,PB,Cubos de Frango ao M. de Legumes,4.0,4.0,4.0,4.0,4.0,8.0,Av. Sensorial,P1,2026-07
Pici 1,2026-07-15,Jantar,VEG,Almôndegas de Lentilha,4.0,4.0,4.0,4.0,4.0,8.0,Av. Sensorial,P1,2026-07
Benfica,2026-07-15,Jantar,PV,Estrogonofe de Carne,3.0,3.0,3.0,4.0,3.0,6.2,Av. Sensorial,B,2026-07
Benfica,2026-07-15,Jantar,PB,Cubos de Frango ao M. de Legumes,4.0,4.0,4.0,4.0,4.0,8.0,Av. Sensorial,B,2026-07
Benfica,2026-07-15,Jantar,VEG,Almôndegas de Lentilha,4.0,4.0,4.0,4.0,4.0,8.0,Av. Sensorial,B,2026-07
Pici 1,2026-07-16,Café,ESPECIAL,Iogurte ,4.0,4.0,4.0,4.0,4.0,8.0,Av. Sensorial,P1,2026-07
Pici 1,2026-07-16,Café,ESPECIAL,Iogurte ,4.0,4.0,4.0,4.0,4.0,8.0,Av. Sensorial,P1,2026-07
Pici 1,2026-07-16,Café,ESPECIAL VEG,Similar a Iogurte Vegano,4.0,4.0,4.0,4.0,4.0,8.0,Av. Sensorial,P1,2026-07
Pici 1,2026-07-16,Almoço,PV,Carne Moída Refogada,4.0,4.0,4.0,4.0,4.0,8.0,Av. Sensorial,P1,2026-07
Pici 1,2026-07-16,Almoço,PB,Cubos de Frango ao M. de Tomate,4.0,4.0,4.0,4.0,4.0,8.0,Av. Sensorial,P1,2026-07
Pici 1,2026-07-16,Almoço,VEG,Guisado de Lentilha,4.0,4.0,4.0,4.0,4.0,8.0,Av. Sensorial,P1,2026-07
Benfica,2026-07-16,Almoço,PV,Carne Moída Refogada,4.0,4.0,4.0,4.0,4.0,8.0,Av. Sensorial,B,2026-07
Benfica,2026-07-16,Almoço,PB,Cubos de Frango ao M. de Tomate,4.0,3.0,3.0,4.0,4.0,7.0,Av. Sensorial,B,2026-07
Benfica,2026-07-16,Almoço,VEG,Guisado de Lentilha,4.0,4.0,4.0,4.0,4.0,8.0,Av. Sensorial,B,2026-07
Benfica,2026-07-16,Café,ESPECIAL,Iogurte ,4.0,4.0,4.0,4.0,4.0,8.0,Av. Sensorial,B,2026-07
Porangabussu,2026-07-16,Almoço,PV,Carne Moída Refogada,,,,,,0.0,Av. Sensorial,PO,2026-07
Porangabussu,2026-07-16,Almoço,PB,Cubos de Frango ao M. de Tomate,,,,,,0.0,Av. Sensorial,PO,2026-07
Porangabussu,2026-07-16,Almoço,VEG,Guisado de Lentilha,,,,,,0.0,Av. Sensorial,PO,2026-07
Porangabussu,2026-07-16,Almoço,PV,Carne Moída Refogada,4.0,4.0,4.0,4.0,4.0,8.0,Av. Sensorial,PO,2026-07
Porangabussu,2026-07-16,Almoço,PB,Cubos de Frango ao M. de Tomate,4.0,4.0,4.0,4.0,4.0,8.0,Av. Sensorial,PO,2026-07
Porangabussu,2026-07-16,Almoço,VEG,Guisado de Lentilha,3.0,3.0,3.0,4.0,3.0,6.2,Av. Sensorial,PO,2026-07
Pici 1,2026-07-16,Almoço,PV,Carne Moída Refogada,4.0,4.0,4.0,4.0,4.0,8.0,Av. Sensorial,P1,2026-07
Pici 1,2026-07-16,Almoço,PB,Cubos de Frango ao M. de Tomate,4.0,4.0,4.0,4.0,4.0,8.0,Av. Sensorial,P1,2026-07
Pici 1,2026-07-16,Almoço,VEG,Guisado de Lentilha,4.0,4.0,4.0,4.0,4.0,8.0,Av. Sensorial,P1,2026-07
Pici 1,2026-07-16,Jantar,PV,Isca de Carne Acebolada,4.0,4.0,4.0,4.0,4.0,8.0,Av. Sensorial,P1,2026-07
Pici 1,2026-07-16,Jantar,PB,Peixe Assado,4.0,4.0,4.0,4.0,4.0,8.0,Av. Sensorial,P1,2026-07
Pici 1,2026-07-16,Jantar,VEG,Vatapá Vegano,4.0,4.0,5.0,4.0,4.0,8.6,Av. Sensorial,P1,2026-07
Benfica,2026-07-16,Almoço,PV,Carne Moída Refogada,4.0,4.0,4.0,4.0,4.0,8.0,Av. Sensorial,B,2026-07
Benfica,2026-07-16,Almoço,PB,Cubos de Frango ao M. de Tomate,4.0,4.0,4.0,4.0,4.0,8.0,Av. Sensorial,B,2026-07
Benfica,2026-07-16,Almoço,VEG,Guisado de Lentilha,4.0,4.0,4.0,4.0,4.0,8.0,Av. Sensorial,B,2026-07
Benfica,2026-07-16,Jantar,PV,Isca de Carne Acebolada,4.0,4.0,4.0,4.0,4.0,8.0,Av. Sensorial,B,2026-07
Benfica,2026-07-16,Jantar,PB,Peixe Assado,4.0,4.0,4.0,4.0,4.0,8.0,Av. Sensorial,B,2026-07
Benfica,2026-07-16,Jantar,VEG,Vatapá Vegano,4.0,4.0,4.0,4.0,4.0,8.0,Av. Sensorial,B,2026-07
Pici 1,2026-07-17,Café,ESPECIAL,Frango Desfiado,4.0,4.0,4.0,4.0,4.0,8.0,Av. Sensorial,P1,2026-07
Pici 1,2026-07-17,Café,ESPECIAL VEG,Geleia,4.0,4.0,4.0,4.0,4.0,8.0,Av. Sensorial,P1,2026-07
Benfica,2026-07-17,Café,ESPECIAL,Frango Desfiado,4.0,4.0,4.0,4.0,4.0,8.0,Av. Sensorial,B,2026-07
Benfica,2026-07-17,Almoço,PV,Dobradinha,4.0,4.0,4.0,4.0,4.0,8.0,Av. Sensorial,B,2026-07
Benfica,2026-07-17,Almoço,PB,Sobrecoxa Desossada,3.0,4.0,4.0,4.0,4.0,7.4,Av. Sensorial,B,2026-07
Benfica,2026-07-17,Almoço,VEG,Jardineira de Soja,4.0,4.0,4.0,4.0,4.0,8.0,Av. Sensorial,B,2026-07
Benfica,2026-07-17,Jantar,PV,Suíno ao Molho Barbecue,3.0,4.0,4.0,3.0,4.0,7.2,Av. Sensorial,B,2026-07
Benfica,2026-07-17,Jantar,PB,Escondidinho de Frango,4.0,4.0,4.0,4.0,4.0,8.0,Av. Sensorial,B,2026-07
Benfica,2026-07-17,Jantar,VEG,Escondidinho de Legumes,4.0,4.0,4.0,4.0,4.0,8.0,Av. Sensorial,B,2026-07
Benfica,2026-07-17,Jantar,PV,Suíno ao Molho Barbecue,4.0,4.0,4.0,4.0,4.0,8.0,Av. Sensorial,B,2026-07
Benfica,2026-07-17,Jantar,PB,Escondidinho de Frango,4.0,4.0,4.0,4.0,4.0,8.0,Av. Sensorial,B,2026-07
Benfica,2026-07-17,Jantar,VEG,Escondidinho de Legumes,3.0,3.0,4.0,4.0,4.0,7.0,Av. Sensorial,B,2026-07
Pici 1,2026-07-17,Jantar,PV,Suíno ao Molho Barbecue,3.0,4.0,4.0,4.0,4.0,7.4,Av. Sensorial,P1,2026-07
Pici 1,2026-07-17,Jantar,PB,Escondidinho de Frango,4.0,4.0,4.0,4.0,4.0,8.0,Av. Sensorial,P1,2026-07
Pici 1,2026-07-17,Jantar,VEG,Escondidinho de Legumes,4.0,4.0,4.0,4.0,4.0,8.0,Av. Sensorial,P1,2026-07
Benfica,2026-07-20,Café,ESPECIAL,Mingau ,4.0,4.0,4.0,4.0,4.0,8.0,Av. Sensorial,B,2026-07
Benfica,2026-07-20,Café,ESPECIAL VEG,Achocolatado vegano ,4.0,4.0,4.0,4.0,4.0,8.0,Av. Sensorial,B,2026-07
Benfica,2026-07-17,Almoço,PV,Dobradinha,4.0,4.0,5.0,4.0,4.0,8.4,Av. Sensorial,B,2026-07
Benfica,2026-07-17,Almoço,PB,Sobrecoxa Desossada,4.0,3.0,4.0,4.0,4.0,7.4,Av. Sensorial,B,2026-07
Benfica,2026-07-17,Almoço,VEG,Jardineira de Soja,4.0,4.0,4.0,4.0,4.0,8.0,Av. Sensorial,B,2026-07
Benfica,2026-07-20,Almoço,PV,Cozido Bovino à Calabresa,3.0,4.0,4.0,4.0,4.0,7.4,Av. Sensorial,B,2026-07
Benfica,2026-07-20,Almoço,PB,Cubos de Frango ao Molho Mostarda,4.0,4.0,4.0,4.0,4.0,8.0,Av. Sensorial,B,2026-07
Benfica,2026-07-20,Almoço,VEG,Yakissoba Vegetariano,4.0,4.0,4.0,4.0,4.0,8.0,Av. Sensorial,B,2026-07
Labomar,2026-07-16,Almoço,PV,Carne Moída Refogada,4.0,4.0,4.0,4.0,4.0,8.0,Av. Sensorial,L,2026-07
Labomar,2026-07-16,Almoço,PB,Cubos de Frango ao M. de Tomate,4.0,4.0,4.0,4.0,4.0,8.0,Av. Sensorial,L,2026-07
Labomar,2026-07-16,Almoço,VEG,Guisado de Lentilha,4.0,4.0,4.0,4.0,4.0,8.0,Av. Sensorial,L,2026-07
Labomar,2026-07-17,Almoço,PV,Dobradinha,4.0,4.0,4.0,4.0,4.0,8.0,Av. Sensorial,L,2026-07
Labomar,2026-07-17,Almoço,PB,Sobrecoxa Desossada,3.0,3.0,4.0,4.0,4.0,6.8,Av. Sensorial,L,2026-07
Labomar,2026-07-17,Almoço,VEG,Jardineira de Soja,4.0,4.0,4.0,4.0,4.0,8.0,Av. Sensorial,L,2026-07
Pici 1,2026-07-17,Almoço,PV,Dobradinha,4.0,2.0,3.0,4.0,3.0,6.2,Av. Sensorial,P1,2026-07
Pici 1,2026-07-17,Almoço,PB,Sobrecoxa Desossada,4.0,4.0,4.0,4.0,4.0,8.0,Av. Sensorial,P1,2026-07
Pici 1,2026-07-17,Almoço,VEG,Jardineira de Soja,4.0,4.0,4.0,4.0,4.0,8.0,Av. Sensorial,P1,2026-07
Pici 1,2026-07-20,Almoço,PV,Cozido Bovino à Calabresa,3.0,3.0,4.0,4.0,3.0,6.6,Av. Sensorial,P1,2026-07
Pici 1,2026-07-20,Almoço,PB,Cubos de Frango ao Molho Mostarda,4.0,4.0,4.0,4.0,4.0,8.0,Av. Sensorial,P1,2026-07
Pici 1,2026-07-20,Almoço,VEG,Yakissoba Vegetariano,4.0,4.0,4.0,4.0,4.0,8.0,Av. Sensorial,P1,2026-07
Pici 1,2026-07-20,Almoço,PB,Cubos de Frango ao Molho Mostarda,4.0,4.0,4.0,4.0,4.0,8.0,Av. Sensorial,P1,2026-07
Porangabussu,2026-07-20,Almoço,PV,Cozido Bovino à Calabresa,3.0,3.0,3.0,4.0,3.0,6.2,Av. Sensorial,PO,2026-07
Porangabussu,2026-07-20,Almoço,PB,Cubos de Frango ao Molho Mostarda,4.0,4.0,3.0,4.0,4.0,7.6,Av. Sensorial,PO,2026-07
Porangabussu,2026-07-20,Almoço,VEG,Yakissoba Vegetariano,4.0,4.0,4.0,4.0,4.0,8.0,Av. Sensorial,PO,2026-07
Pici 1,2026-07-20,Jantar,PB,Sobrecoxa Desossada ao M.Ervas,4.0,4.0,4.0,4.0,4.0,8.0,Av. Sensorial,P1,2026-07
Benfica,2026-07-20,Almoço,PV,Cozido Bovino à Calabresa,3.0,3.0,4.0,4.0,3.0,6.6,Av. Sensorial,B,2026-07
Benfica,2026-07-20,Almoço,PB,Cubos de Frango ao Molho Mostarda,4.0,4.0,4.0,4.0,4.0,8.0,Av. Sensorial,B,2026-07
Benfica,2026-07-20,Almoço,VEG,Yakissoba Vegetariano,4.0,4.0,4.0,4.0,4.0,8.0,Av. Sensorial,B,2026-07
Benfica,2026-07-20,Jantar,PV,Cubo suíno acebolado,4.0,4.0,4.0,4.0,4.0,8.0,Av. Sensorial,B,2026-07
Benfica,2026-07-20,Jantar,PB,Sobrecoxa Desossada ao M.Ervas,4.0,4.0,4.0,4.0,4.0,8.0,Av. Sensorial,B,2026-07
Benfica,2026-07-20,Jantar,VEG,Bolinha de Ervilha c/ Aveia,4.0,4.0,4.0,4.0,4.0,8.0,Av. Sensorial,B,2026-07
Pici 1,2026-07-20,Jantar,PV,Cubo suíno acebolado,4.0,4.0,4.0,4.0,4.0,8.0,Av. Sensorial,P1,2026-07
Pici 1,2026-07-20,Jantar,PB,Sobrecoxa Desossada ao M.Ervas,4.0,4.0,4.0,4.0,4.0,8.0,Av. Sensorial,P1,2026-07
Pici 1,2026-07-20,Jantar,VEG,Bolinha de Ervilha c/ Aveia,4.0,4.0,4.0,4.0,4.0,8.0,Av. Sensorial,P1,2026-07
Pici 1,2026-07-20,Café,ESPECIAL,Mingau ,4.0,4.0,4.0,4.0,4.0,8.0,Av. Sensorial,P1,2026-07
Benfica,2026-07-21,Café,ESPECIAL,Queijo ,4.0,4.0,4.0,4.0,4.0,8.0,Av. Sensorial,B,2026-07
Benfica,2026-07-21,Almoço,PV,Paçoca de Carne,4.0,4.0,4.0,4.0,4.0,8.0,Av. Sensorial,B,2026-07
Benfica,2026-07-21,Almoço,PB,Sobrecoxa Assada,4.0,4.0,4.0,4.0,4.0,8.0,Av. Sensorial,B,2026-07
Benfica,2026-07-21,Almoço,VEG,Estrogonofe de Grão de Bico,4.0,4.0,4.0,4.0,4.0,8.0,Av. Sensorial,B,2026-07
Porangabussu,2026-07-21,Almoço,PV,Paçoca de Carne,4.0,4.0,4.0,4.0,4.0,8.0,Av. Sensorial,PO,2026-07
Porangabussu,2026-07-21,Almoço,PB,Sobrecoxa Assada,4.0,4.0,4.0,4.0,4.0,8.0,Av. Sensorial,PO,2026-07
Porangabussu,2026-07-21,Almoço,VEG,Estrogonofe de Grão de Bico,3.0,3.0,3.0,4.0,3.0,6.2,Av. Sensorial,PO,2026-07
Porangabussu,2026-07-20,Almoço,PV,Cozido Bovino à Calabresa,4.0,4.0,4.0,4.0,4.0,8.0,Av. Sensorial,PO,2026-07
Porangabussu,2026-07-20,Almoço,PB,Cubos de Frango ao Molho Mostarda,4.0,3.0,3.0,4.0,4.0,7.0,Av. Sensorial,PO,2026-07
Porangabussu,2026-07-20,Almoço,VEG,Yakissoba Vegetariano,4.0,4.0,4.0,4.0,4.0,8.0,Av. Sensorial,PO,2026-07
Porangabussu,2026-07-21,Almoço,PV,Paçoca de Carne,4.0,4.0,4.0,4.0,4.0,8.0,Av. Sensorial,PO,2026-07
Porangabussu,2026-07-21,Almoço,PB,Sobrecoxa Assada,4.0,4.0,4.0,4.0,4.0,8.0,Av. Sensorial,PO,2026-07
Porangabussu,2026-07-21,Almoço,VEG,Estrogonofe de Grão de Bico,4.0,4.0,4.0,4.0,4.0,8.0,Av. Sensorial,PO,2026-07
Porangabussu,2026-07-17,Almoço,PV,Dobradinha,4.0,4.0,3.0,4.0,4.0,7.6,Av. Sensorial,PO,2026-07
Porangabussu,2026-07-17,Almoço,PB,Sobrecoxa Desossada,2.0,2.0,4.0,4.0,3.0,5.4,Av. Sensorial,PO,2026-07
Porangabussu,2026-07-17,Almoço,VEG,Jardineira de Soja,4.0,4.0,4.0,4.0,4.0,8.0,Av. Sensorial,PO,2026-07
Pici 1,2026-07-21,Almoço,PV,Paçoca de Carne,4.0,4.0,4.0,4.0,4.0,8.0,Av. Sensorial,P1,2026-07
Pici 1,2026-07-21,Almoço,PB,Sobrecoxa Assada,4.0,4.0,4.0,4.0,4.0,8.0,Av. Sensorial,P1,2026-07
Pici 1,2026-07-21,Almoço,VEG,Estrogonofe de Grão de Bico,4.0,4.0,4.0,4.0,4.0,8.0,Av. Sensorial,P1,2026-07
Pici 1,2026-07-21,Jantar,PV,Carne Moída Refogada,4.0,4.0,4.0,4.0,4.0,8.0,Av. Sensorial,P1,2026-07
Pici 1,2026-07-21,Jantar,PB,Estrogonofe de Frango,4.0,4.0,4.0,4.0,4.0,8.0,Av. Sensorial,P1,2026-07
Pici 1,2026-07-21,Jantar,VEG,Jardineira de Soja,4.0,4.0,4.0,4.0,4.0,8.0,Av. Sensorial,P1,2026-07
Pici 1,2026-07-21,Almoço,PV,Paçoca de Carne,4.0,4.0,4.0,4.0,4.0,8.0,Av. Sensorial,P1,2026-07
Pici 1,2026-07-21,Almoço,PB,Sobrecoxa Assada,4.0,4.0,4.0,4.0,4.0,8.0,Av. Sensorial,P1,2026-07
Pici 1,2026-07-21,Almoço,VEG,Estrogonofe de Grão de Bico,4.0,4.0,4.0,4.0,4.0,8.0,Av. Sensorial,P1,2026-07
Pici 1,2026-07-21,Jantar,PV,Carne Moída Refogada,3.0,4.0,4.0,4.0,4.0,7.4,Av. Sensorial,P1,2026-07
Pici 1,2026-07-21,Jantar,PB,Estrogonofe de Frango,3.0,4.0,4.0,4.0,4.0,7.4,Av. Sensorial,P1,2026-07
Pici 1,2026-07-21,Jantar,VEG,Jardineira de Soja,4.0,4.0,4.0,4.0,4.0,8.0,Av. Sensorial,P1,2026-07
Benfica,2026-07-21,Almoço,PV,Paçoca de Carne,4.0,4.0,4.0,4.0,4.0,8.0,Av. Sensorial,B,2026-07
Benfica,2026-07-21,Almoço,PB,Sobrecoxa Assada,4.0,4.0,4.0,4.0,4.0,8.0,Av. Sensorial,B,2026-07
Benfica,2026-07-21,Almoço,VEG,Estrogonofe de Grão de Bico,4.0,4.0,4.0,4.0,4.0,8.0,Av. Sensorial,B,2026-07
Benfica,2026-07-21,Jantar,PV,Carne Moída Refogada,3.0,4.0,4.0,4.0,3.0,7.2,Av. Sensorial,B,2026-07
Benfica,2026-07-21,Jantar,PB,Estrogonofe de Frango,3.0,3.0,4.0,4.0,2.0,6.4,Av. Sensorial,B,2026-07
Benfica,2026-07-21,Jantar,VEG,Jardineira de Soja,4.0,4.0,4.0,4.0,4.0,8.0,Av. Sensorial,B,2026-07
Benfica,2026-07-21,Jantar,PV,Carne Moída Refogada,4.0,4.0,4.0,4.0,4.0,8.0,Av. Sensorial,B,2026-07
Benfica,2026-07-21,Jantar,PB,Estrogonofe de Frango,3.0,3.0,3.0,4.0,3.0,6.2,Av. Sensorial,B,2026-07
Benfica,2026-07-21,Jantar,VEG,Jardineira de Soja,4.0,4.0,4.0,4.0,4.0,8.0,Av. Sensorial,B,2026-07
Benfica,2026-07-22,Almoço,PV,Feijoada,4.0,4.0,4.0,4.0,4.0,8.0,Av. Sensorial,B,2026-07
Benfica,2026-07-22,Almoço,PB,Isca de Frango ao M. de Legumes,4.0,4.0,4.0,4.0,4.0,8.0,Av. Sensorial,B,2026-07
Benfica,2026-07-22,Almoço,VEG,Feijoada Vegetariana,4.0,4.0,3.0,4.0,4.0,7.4,Av. Sensorial,B,2026-07
Pici 1,2026-07-22,Almoço,PV,Feijoada,4.0,4.0,4.0,4.0,4.0,8.0,Av. Sensorial,P1,2026-07
Pici 1,2026-07-22,Almoço,PB,Isca de Frango ao M. de Legumes,4.0,4.0,4.0,4.0,4.0,8.0,Av. Sensorial,P1,2026-07
Pici 1,2026-07-22,Almoço,VEG,Feijoada Vegetariana,4.0,4.0,4.0,4.0,4.0,8.0,Av. Sensorial,P1,2026-07
Pici 1,2026-07-22,Almoço,PV,Feijoada,4.0,4.0,4.0,4.0,4.0,8.0,Av. Sensorial,P1,2026-07
Pici 1,2026-07-22,Almoço,PB,Isca de Frango ao M. de Legumes,4.0,4.0,4.0,4.0,4.0,8.0,Av. Sensorial,P1,2026-07
Pici 1,2026-07-22,Almoço,VEG,Feijoada Vegetariana,4.0,4.0,4.0,4.0,4.0,8.0,Av. Sensorial,P1,2026-07
Porangabussu,2026-07-22,Almoço,PV,Feijoada,4.0,4.0,4.0,4.0,4.0,8.0,Av. Sensorial,PO,2026-07
Porangabussu,2026-07-22,Almoço,PB,Isca de Frango ao M. de Legumes,4.0,4.0,4.0,4.0,4.0,8.0,Av. Sensorial,PO,2026-07
Porangabussu,2026-07-22,Almoço,VEG,Feijoada Vegetariana,4.0,4.0,4.0,4.0,4.0,8.0,Av. Sensorial,PO,2026-07
Pici 1,2026-07-22,Jantar,PV,Isca de Carne Acebolada,4.0,4.0,4.0,4.0,4.0,8.0,Av. Sensorial,P1,2026-07
Pici 1,2026-07-22,Jantar,PB,Sobrecoxa Assada,4.0,4.0,4.0,4.0,4.0,8.0,Av. Sensorial,P1,2026-07
Pici 1,2026-07-22,Jantar,VEG,Lasanha de Batatas,4.0,4.0,4.0,4.0,4.0,8.0,Av. Sensorial,P1,2026-07
Pici 1,2026-07-22,Jantar,PV,Isca de Carne Acebolada,4.0,4.0,4.0,4.0,4.0,8.0,Av. Sensorial,P1,2026-07
Pici 1,2026-07-22,Jantar,PB,Sobrecoxa Assada,4.0,4.0,4.0,4.0,4.0,8.0,Av. Sensorial,P1,2026-07
Pici 1,2026-07-22,Jantar,VEG,Lasanha de Batatas,3.0,4.0,4.0,4.0,4.0,7.4,Av. Sensorial,P1,2026-07
Benfica,2026-07-22,Almoço,PV,Feijoada,4.0,4.0,3.0,4.0,4.0,7.6,Av. Sensorial,B,2026-07
Benfica,2026-07-22,Almoço,PB,Isca de Frango ao M. de Legumes,4.0,4.0,4.0,4.0,4.0,8.0,Av. Sensorial,B,2026-07
Benfica,2026-07-22,Almoço,VEG,Feijoada Vegetariana,4.0,4.0,4.0,4.0,4.0,8.0,Av. Sensorial,B,2026-07
Benfica,2026-07-22,Jantar,PV,Isca de Carne Acebolada,4.0,4.0,3.0,4.0,4.0,7.6,Av. Sensorial,B,2026-07
Benfica,2026-07-22,Jantar,PB,Sobrecoxa Assada,4.0,4.0,3.0,4.0,4.0,7.6,Av. Sensorial,B,2026-07
Benfica,2026-07-22,Jantar,VEG,Lasanha de Batatas,3.0,4.0,4.0,4.0,4.0,7.4,Av. Sensorial,B,2026-07
Benfica,2026-07-22,Jantar,PV,Isca de Carne Acebolada,4.0,4.0,3.0,4.0,4.0,7.6,Av. Sensorial,B,2026-07
Benfica,2026-07-22,Jantar,PB,Sobrecoxa Assada,4.0,4.0,4.0,4.0,4.0,8.0,Av. Sensorial,B,2026-07
Benfica,2026-07-22,Jantar,VEG,Lasanha de Batatas,3.0,4.0,4.0,4.0,4.0,7.4,Av. Sensorial,B,2026-07
Benfica,2026-07-23,Café,ESPECIAL,Iogurte ,4.0,4.0,4.0,4.0,4.0,8.0,Av. Sensorial,B,2026-07
Labomar,2026-07-22,Almoço,PV,Feijoada,4.0,4.0,4.0,4.0,4.0,8.0,Av. Sensorial,L,2026-07
Labomar,2026-07-22,Almoço,PB,Isca de Frango ao M. de Legumes,4.0,4.0,4.0,4.0,4.0,8.0,Av. Sensorial,L,2026-07
Labomar,2026-07-22,Almoço,VEG,Feijoada Vegetariana,4.0,4.0,4.0,4.0,4.0,8.0,Av. Sensorial,L,2026-07
Porangabussu,2026-07-23,Almoço,PV,Picadinho de Carne com Legumes,3.0,3.0,3.0,4.0,3.0,6.2,Av. Sensorial,PO,2026-07
Porangabussu,2026-07-23,Almoço,PB,Sobrecoxa ao M. de Legumes,3.0,3.0,3.0,4.0,3.0,6.2,Av. Sensorial,PO,2026-07
Porangabussu,2026-07-23,Almoço,VEG,Bobó de Legumes,3.0,3.0,3.0,4.0,3.0,6.2,Av. Sensorial,PO,2026-07
Porangabussu,2026-07-23,Almoço,PV,Picadinho de Carne com Legumes,4.0,3.0,4.0,4.0,4.0,7.4,Av. Sensorial,PO,2026-07
Porangabussu,2026-07-23,Almoço,PB,Sobrecoxa ao M. de Legumes,3.0,4.0,4.0,4.0,4.0,7.4,Av. Sensorial,PO,2026-07
Porangabussu,2026-07-23,Almoço,VEG,Bobó de Legumes,4.0,4.0,4.0,4.0,4.0,8.0,Av. Sensorial,PO,2026-07
Benfica,2026-07-23,Almoço,PV,Picadinho de Carne com Legumes,4.0,3.0,4.0,4.0,4.0,7.4,Av. Sensorial,B,2026-07
Benfica,2026-07-23,Almoço,PB,Sobrecoxa ao M. de Legumes,4.0,4.0,4.0,4.0,4.0,8.0,Av. Sensorial,B,2026-07
Benfica,2026-07-23,Almoço,VEG,Bobó de Legumes,4.0,4.0,4.0,4.0,4.0,8.0,Av. Sensorial,B,2026-07
Benfica,2026-07-23,Jantar,PV,Cubo Suíno ao Molho Barbecue,4.0,4.0,3.0,4.0,4.0,7.6,Av. Sensorial,B,2026-07
Benfica,2026-07-23,Jantar,PB,Isca de Frango Acebolado,3.0,4.0,4.0,4.0,4.0,7.4,Av. Sensorial,B,2026-07
Benfica,2026-07-23,Jantar,VEG,Escondidinho de Soja,4.0,4.0,4.0,4.0,4.0,8.0,Av. Sensorial,B,2026-07
Benfica,2026-07-23,Almoço,PV,Picadinho de Carne com Legumes,3.0,3.0,4.0,4.0,4.0,6.8,Av. Sensorial,B,2026-07
Benfica,2026-07-23,Almoço,PB,Sobrecoxa ao M. de Legumes,3.0,4.0,4.0,4.0,4.0,7.4,Av. Sensorial,B,2026-07
Benfica,2026-07-23,Almoço,VEG,Bobó de Legumes,4.0,4.0,4.0,4.0,4.0,8.0,Av. Sensorial,B,2026-07
Pici 1,2026-07-23,Almoço,PV,Picadinho de Carne com Legumes,3.0,3.0,3.0,4.0,3.0,6.2,Av. Sensorial,P1,2026-07
Pici 1,2026-07-23,Almoço,PB,Sobrecoxa ao M. de Legumes,4.0,4.0,4.0,4.0,4.0,8.0,Av. Sensorial,P1,2026-07
Pici 1,2026-07-23,Almoço,VEG,Bobó de Legumes,4.0,4.0,4.0,4.0,4.0,8.0,Av. Sensorial,P1,2026-07
Pici 1,2026-07-23,Jantar,PV,Cubo Suíno ao Molho Barbecue,,,,,,0.0,Av. Sensorial,P1,2026-07
Pici 1,2026-07-23,Jantar,PB,Isca de Frango Acebolado,,,,,,0.0,Av. Sensorial,P1,2026-07
Pici 1,2026-07-23,Jantar,VEG,Escondidinho de Soja,,,,,,0.0,Av. Sensorial,P1,2026-07
Pici 1,2026-07-23,Café,ESPECIAL,Iogurte ,4.0,4.0,4.0,4.0,4.0,8.0,Av. Sensorial,P1,2026-07
Pici 1,2026-07-23,Almoço,PB,Sobrecoxa ao M. de Legumes,4.0,4.0,4.0,4.0,4.0,8.0,Av. Sensorial,P1,2026-07
Benfica,2026-07-24,Café,ESPECIAL,Carne Moída ao Molho,4.0,3.0,3.0,4.0,4.0,6.888888888888889,Av. Sensorial,B,2026-07
Benfica,2026-07-24,Café,ESPECIAL VEG,Geleia,4.0,4.0,4.0,4.0,4.0,8.0,Av. Sensorial,B,2026-07
Pici 1,2026-07-24,Café,ESPECIAL,Carne Moída ao Molho,4.0,4.0,4.0,4.0,4.0,8.0,Av. Sensorial,P1,2026-07
Pici 1,2026-07-24,Almoço,PV,Isca de Carne ao Molho Escuro,3.0,3.0,3.0,4.0,3.0,6.2,Av. Sensorial,P1,2026-07
Pici 1,2026-07-24,Almoço,PB,Peixe ao M. de Peixada,4.0,4.0,4.0,4.0,4.0,8.0,Av. Sensorial,P1,2026-07
Pici 1,2026-07-24,Almoço,VEG,Soja Nordestina,4.0,4.0,4.0,4.0,4.0,8.0,Av. Sensorial,P1,2026-07
Porangabussu,2026-07-24,Almoço,PV,Isca de Carne ao Molho Escuro,3.0,2.0,3.0,4.0,3.0,5.6,Av. Sensorial,PO,2026-07
Porangabussu,2026-07-24,Almoço,PB,Peixe ao M. de Peixada,3.0,4.0,3.0,4.0,4.0,7.0,Av. Sensorial,PO,2026-07
Porangabussu,2026-07-24,Almoço,VEG,Soja Nordestina,4.0,3.0,3.0,4.0,4.0,7.0,Av. Sensorial,PO,2026-07
Porangabussu,2026-07-24,Almoço,PV,Isca de Carne ao Molho Escuro,3.0,3.0,3.0,4.0,3.0,6.2,Av. Sensorial,PO,2026-07
Porangabussu,2026-07-24,Almoço,PB,Peixe ao M. de Peixada,3.0,4.0,3.0,4.0,4.0,7.0,Av. Sensorial,PO,2026-07
Porangabussu,2026-07-24,Almoço,VEG,Soja Nordestina,4.0,3.0,3.0,4.0,4.0,7.0,Av. Sensorial,PO,2026-07
Benfica,2026-07-24,Almoço,PV,Isca de Carne ao Molho Escuro,3.0,3.0,3.0,4.0,3.0,6.2,Av. Sensorial,B,2026-07
Benfica,2026-07-24,Almoço,PB,Peixe ao M. de Peixada,3.0,4.0,4.0,4.0,4.0,7.4,Av. Sensorial,B,2026-07
Benfica,2026-07-24,Almoço,VEG,Soja Nordestina,4.0,3.0,4.0,4.0,4.0,7.6,Av. Sensorial,B,2026-07
Pici 1,2026-07-24,Jantar,PV,Calabresa Acebolada,4.0,4.0,4.0,4.0,4.0,8.0,Av. Sensorial,P1,2026-07
Pici 1,2026-07-24,Jantar,PB,Cubos de Frango ao M. de Tomate,4.0,4.0,4.0,4.0,4.0,8.0,Av. Sensorial,P1,2026-07
Pici 1,2026-07-24,Jantar,VEG,Bolinho de grão de bico,4.0,4.0,4.0,4.0,4.0,8.0,Av. Sensorial,P1,2026-07
Benfica,2026-07-24,Almoço,PV,Isca de Carne ao Molho Escuro,3.0,3.0,3.0,4.0,3.0,6.2,Av. Sensorial,B,2026-07
Benfica,2026-07-24,Almoço,PB,Peixe ao M. de Peixada,4.0,3.0,4.0,4.0,4.0,7.4,Av. Sensorial,B,2026-07
Benfica,2026-07-24,Almoço,VEG,Soja Nordestina,4.0,3.0,4.0,4.0,4.0,7.6,Av. Sensorial,B,2026-07
Benfica,2026-07-24,Jantar,PV,Calabresa Acebolada,4.0,4.0,4.0,4.0,4.0,8.0,Av. Sensorial,B,2026-07
Benfica,2026-07-24,Jantar,PB,Cubos de Frango ao M. de Tomate,4.0,4.0,4.0,4.0,4.0,8.0,Av. Sensorial,B,2026-07
Benfica,2026-07-24,Jantar,VEG,Bolinho de grão de bico,4.0,4.0,4.0,4.0,4.0,8.0,Av. Sensorial,B,2026-07
Benfica,2026-07-24,Jantar,PV,Calabresa Acebolada,3.0,4.0,3.0,4.0,3.0,6.8,Av. Sensorial,B,2026-07
Benfica,2026-07-24,Jantar,PB,Cubos de Frango ao M. de Tomate,4.0,4.0,4.0,4.0,4.0,8.0,Av. Sensorial,B,2026-07
Benfica,2026-07-24,Jantar,VEG,Bolinho de grão de bico,4.0,4.0,4.0,4.0,4.0,8.0,Av. Sensorial,B,2026-07
Pici 1,2026-07-27,Café,ESPECIAL,Achocolatado,4.0,4.0,4.0,4.0,4.0,8.0,Av. Sensorial,P1,2026-07
Pici 1,2026-07-27,Café,ESPECIAL VEG,Achocolatado vegano ,4.0,4.0,4.0,4.0,4.0,8.0,Av. Sensorial,P1,2026-07
Benfica,2026-07-27,Café,ESPECIAL,Achocolatado,4.0,4.0,4.0,4.0,4.0,8.0,Av. Sensorial,B,2026-07
Benfica,2026-07-27,Café,ESPECIAL VEG,Achocolatado vegano ,4.0,4.0,4.0,4.0,4.0,8.0,Av. Sensorial,B,2026-07
Pici 1,2026-07-27,Café,ESPECIAL,Achocolatado,4.0,4.0,4.0,4.0,4.0,8.0,Av. Sensorial,P1,2026-07
Pici 1,2026-07-27,Café,ESPECIAL VEG,Achocolatado vegano ,4.0,4.0,4.0,4.0,4.0,8.0,Av. Sensorial,P1,2026-07
Pici 1,2026-07-27,Almoço,PV,Picadinho de Carne com Legumes,4.0,4.0,4.0,4.0,4.0,8.0,Av. Sensorial,P1,2026-07
Pici 1,2026-07-27,Almoço,PB,Sobrecoxa Assada,4.0,4.0,4.0,4.0,4.0,8.0,Av. Sensorial,P1,2026-07
Pici 1,2026-07-27,Almoço,VEG,Macarronada Vegetariana,4.0,4.0,4.0,4.0,4.0,8.0,Av. Sensorial,P1,2026-07
Pici 1,2026-07-27,Almoço,PV,Picadinho de Carne com Legumes,3.0,3.0,4.0,4.0,4.0,6.8,Av. Sensorial,P1,2026-07
Pici 1,2026-07-27,Almoço,PB,Sobrecoxa Assada,4.0,4.0,4.0,4.0,4.0,8.0,Av. Sensorial,P1,2026-07
Pici 1,2026-07-27,Almoço,VEG,Macarronada Vegetariana,4.0,4.0,4.0,4.0,4.0,8.0,Av. Sensorial,P1,2026-07
Porangabussu,2026-07-27,Almoço,PV,Picadinho de Carne com Legumes,4.0,4.0,4.0,4.0,4.0,8.0,Av. Sensorial,PO,2026-07
Porangabussu,2026-07-27,Almoço,PB,Sobrecoxa Assada,4.0,4.0,4.0,4.0,4.0,8.0,Av. Sensorial,PO,2026-07
Porangabussu,2026-07-27,Almoço,VEG,Macarronada Vegetariana,4.0,4.0,4.0,4.0,4.0,8.0,Av. Sensorial,PO,2026-07
Benfica,2026-07-27,Almoço,PV,Picadinho de Carne com Legumes,3.0,4.0,4.0,4.0,4.0,7.4,Av. Sensorial,B,2026-07
Benfica,2026-07-27,Almoço,PB,Sobrecoxa Assada,3.0,2.0,3.0,4.0,3.0,5.6,Av. Sensorial,B,2026-07
Benfica,2026-07-27,Almoço,VEG,Macarronada Vegetariana,4.0,4.0,4.0,4.0,4.0,8.0,Av. Sensorial,B,2026-07
Benfica,2026-07-27,Jantar,PV,Cubo suíno acebolado,3.0,4.0,3.0,4.0,4.0,7.0,Av. Sensorial,B,2026-07
Benfica,2026-07-27,Jantar,PB,Fricassê de Frango,3.0,4.0,4.0,4.0,4.0,7.4,Av. Sensorial,B,2026-07
Benfica,2026-07-27,Jantar,VEG,Salpicão vegano,4.0,4.0,3.0,4.0,4.0,7.4,Av. Sensorial,B,2026-07
Pici 1,2026-07-27,Jantar,PV,Cubo suíno acebolado,4.0,4.0,4.0,4.0,4.0,8.0,Av. Sensorial,P1,2026-07
Pici 1,2026-07-27,Jantar,PB,Fricassê de Frango,4.0,4.0,4.0,4.0,4.0,8.0,Av. Sensorial,P1,2026-07
Pici 1,2026-07-27,Jantar,VEG,Salpicão vegano,4.0,4.0,4.0,4.0,4.0,8.0,Av. Sensorial,P1,2026-07
Pici 1,2026-07-28,Café,ESPECIAL,Queijo ,4.0,4.0,4.0,4.0,4.0,8.0,Av. Sensorial,P1,2026-07
Pici 1,2026-07-28,Café,ESPECIAL VEG,Granola,4.0,4.0,4.0,4.0,4.0,8.0,Av. Sensorial,P1,2026-07
Benfica,2026-07-28,Café,ESPECIAL,Queijo ,4.0,4.0,4.0,4.0,4.0,8.0,Av. Sensorial,B,2026-07
Pici 1,2026-07-28,Café,ESPECIAL,Queijo ,4.0,4.0,4.0,4.0,4.0,8.0,Av. Sensorial,P1,2026-07
Pici 1,2026-07-28,Café,ESPECIAL VEG,Granola,4.0,4.0,4.0,4.0,4.0,8.0,Av. Sensorial,P1,2026-07
Pici 1,2026-07-28,Almoço,PV,Cubo Suíno à Carioca,3.0,4.0,4.0,4.0,4.0,7.4,Av. Sensorial,P1,2026-07
Pici 1,2026-07-28,Almoço,PB,Isca de Frango ao M. de Legumes,4.0,4.0,4.0,4.0,4.0,8.0,Av. Sensorial,P1,2026-07
Pici 1,2026-07-28,Almoço,VEG,Vatapá Vegano,4.0,4.0,4.0,4.0,4.0,8.0,Av. Sensorial,P1,2026-07
Porangabussu,2026-07-28,Almoço,PV,Cubo Suíno à Carioca,3.0,4.0,4.0,4.0,4.0,7.4,Av. Sensorial,PO,2026-07
Porangabussu,2026-07-28,Almoço,PB,Isca de Frango ao M. de Legumes,3.0,4.0,3.0,4.0,4.0,7.0,Av. Sensorial,PO,2026-07
Porangabussu,2026-07-28,Almoço,VEG,Vatapá Vegano,4.0,4.0,4.0,4.0,4.0,8.0,Av. Sensorial,PO,2026-07
Pici 1,2026-07-28,Almoço,PV,Cubo Suíno à Carioca,4.0,4.0,4.0,4.0,4.0,8.0,Av. Sensorial,P1,2026-07
Pici 1,2026-07-28,Almoço,PB,Isca de Frango ao M. de Legumes,4.0,4.0,4.0,4.0,4.0,8.0,Av. Sensorial,P1,2026-07
Pici 1,2026-07-28,Almoço,VEG,Vatapá Vegano,4.0,4.0,4.0,4.0,4.0,8.0,Av. Sensorial,P1,2026-07
Pici 1,2026-07-28,Jantar,PV,Carne Moída Refogada,,,,,,0.0,Av. Sensorial,P1,2026-07
Pici 1,2026-07-28,Jantar,PB,Sobrecoxa Assada,,,,,,0.0,Av. Sensorial,P1,2026-07
Pici 1,2026-07-28,Jantar,VEG,Hambúrguer de Soja,,,,,,0.0,Av. Sensorial,P1,2026-07
Benfica,2026-07-28,Almoço,PV,Cubo Suíno à Carioca,3.0,4.0,3.0,4.0,4.0,7.0,Av. Sensorial,B,2026-07
Benfica,2026-07-28,Almoço,PB,Isca de Frango ao M. de Legumes,4.0,4.0,4.0,4.0,4.0,8.0,Av. Sensorial,B,2026-07
Benfica,2026-07-28,Almoço,VEG,Vatapá Vegano,4.0,4.0,4.0,4.0,4.0,8.0,Av. Sensorial,B,2026-07
Benfica,2026-07-28,Jantar,PV,Carne Moída Refogada,4.0,4.0,4.0,4.0,4.0,8.0,Av. Sensorial,B,2026-07
Benfica,2026-07-28,Jantar,PB,Sobrecoxa Assada,4.0,4.0,4.0,4.0,4.0,8.0,Av. Sensorial,B,2026-07
Benfica,2026-07-28,Jantar,VEG,Hambúrguer de Soja,4.0,4.0,4.0,4.0,4.0,8.0,Av. Sensorial,B,2026-07
Benfica,2026-07-28,Jantar,PV,Carne Moída Refogada,3.0,3.0,3.0,4.0,4.0,6.4,Av. Sensorial,B,2026-07
Benfica,2026-07-28,Jantar,PB,Sobrecoxa Assada,4.0,4.0,4.0,4.0,4.0,8.0,Av. Sensorial,B,2026-07
Benfica,2026-07-28,Jantar,VEG,Hambúrguer de Soja,4.0,4.0,4.0,4.0,4.0,8.0,Av. Sensorial,B,2026-07
Benfica,2026-07-29,Café,ESPECIAL,Ovos Mexidos,4.0,4.0,4.0,4.0,4.0,8.0,Av. Sensorial,B,2026-07
Benfica,2026-07-29,Café,ESPECIAL VEG,Pasta de Amendoim,4.0,4.0,4.0,4.0,4.0,8.0,Av. Sensorial,B,2026-07
Pici 1,2026-07-29,Café,ESPECIAL,Ovos Mexidos,4.0,4.0,4.0,4.0,4.0,8.0,Av. Sensorial,P1,2026-07
Benfica,2026-07-28,Almoço,PV,Cubo Suíno à Carioca,3.0,4.0,4.0,4.0,4.0,7.4,Av. Sensorial,B,2026-07
Benfica,2026-07-28,Almoço,PB,Isca de Frango ao M. de Legumes,4.0,4.0,4.0,4.0,4.0,8.0,Av. Sensorial,B,2026-07
Benfica,2026-07-28,Almoço,VEG,Vatapá Vegano,4.0,4.0,4.0,4.0,4.0,8.0,Av. Sensorial,B,2026-07
Benfica,2026-07-29,Almoço,PV,Feijoada,4.0,4.0,4.0,4.0,4.0,8.0,Av. Sensorial,B,2026-07
Benfica,2026-07-29,Almoço,PB,Sobrecoxa com Gergelim,4.0,4.0,4.0,4.0,4.0,8.0,Av. Sensorial,B,2026-07
Benfica,2026-07-29,Almoço,VEG,Moqueca Vegetariana,4.0,4.0,4.0,4.0,4.0,8.0,Av. Sensorial,B,2026-07
Pici 1,2026-07-29,Almoço,PV,Feijoada,4.0,3.0,4.0,4.0,4.0,7.4,Av. Sensorial,P1,2026-07
Pici 1,2026-07-29,Almoço,PB,Sobrecoxa com Gergelim,4.0,4.0,4.0,4.0,4.0,8.0,Av. Sensorial,P1,2026-07
Pici 1,2026-07-29,Almoço,VEG,Moqueca Vegetariana,4.0,4.0,4.0,4.0,4.0,8.0,Av. Sensorial,P1,2026-07
Pici 1,2026-07-29,Almoço,PV,Feijoada,4.0,4.0,4.0,4.0,4.0,8.0,Av. Sensorial,P1,2026-07
Pici 1,2026-07-29,Almoço,PB,Sobrecoxa com Gergelim,4.0,4.0,4.0,4.0,4.0,8.0,Av. Sensorial,P1,2026-07
Pici 1,2026-07-29,Almoço,VEG,Moqueca Vegetariana,4.0,4.0,4.0,4.0,4.0,8.0,Av. Sensorial,P1,2026-07
Porangabussu,2026-07-29,Almoço,PV,Feijoada,3.0,3.0,4.0,4.0,4.0,6.8,Av. Sensorial,PO,2026-07
Porangabussu,2026-07-29,Almoço,PB,Sobrecoxa com Gergelim,4.0,4.0,4.0,4.0,4.0,8.0,Av. Sensorial,PO,2026-07
Porangabussu,2026-07-29,Almoço,VEG,Moqueca Vegetariana,4.0,4.0,4.0,4.0,4.0,8.0,Av. Sensorial,PO,2026-07
Pici 1,2026-07-29,Jantar,PB,Cubos de Frango Acebolado,4.0,4.0,4.0,4.0,4.0,8.0,Av. Sensorial,P1,2026-07
Pici 1,2026-07-29,Jantar,VEG,Panqueca Vegana ao Molho Branco,4.0,4.0,4.0,4.0,4.0,8.0,Av. Sensorial,P1,2026-07
Benfica,2026-07-29,Almoço,PV,Feijoada,4.0,4.0,4.0,4.0,4.0,8.0,Av. Sensorial,B,2026-07
Benfica,2026-07-29,Almoço,PB,Sobrecoxa com Gergelim,4.0,4.0,4.0,4.0,4.0,8.0,Av. Sensorial,B,2026-07
Benfica,2026-07-29,Almoço,VEG,Moqueca Vegetariana,4.0,4.0,4.0,4.0,4.0,8.0,Av. Sensorial,B,2026-07
Benfica,2026-07-29,Jantar,PV,Isca de Carne ao M. Tomate,3.0,4.0,3.0,4.0,4.0,7.0,Av. Sensorial,B,2026-07
Benfica,2026-07-29,Jantar,PB,Cubos de Frango Acebolado,4.0,4.0,4.0,4.0,4.0,8.0,Av. Sensorial,B,2026-07
Benfica,2026-07-29,Jantar,VEG,Panqueca Vegana ao Molho Branco,4.0,4.0,4.0,4.0,4.0,8.0,Av. Sensorial,B,2026-07
Benfica,2026-07-29,Jantar,PV,Isca de Carne ao M. Tomate,3.0,4.0,4.0,4.0,4.0,7.4,Av. Sensorial,B,2026-07
Benfica,2026-07-29,Jantar,PB,Cubos de Frango Acebolado,4.0,4.0,4.0,4.0,4.0,8.0,Av. Sensorial,B,2026-07
Benfica,2026-07-29,Jantar,VEG,Panqueca Vegana ao Molho Branco,4.0,4.0,4.0,4.0,4.0,8.0,Av. Sensorial,B,2026-07
Pici 1,2026-07-29,Jantar,PV,Isca de Carne ao M. Tomate,2.0,3.0,3.0,4.0,3.0,5.6,Av. Sensorial,P1,2026-07
Pici 1,2026-07-29,Jantar,PB,Cubos de Frango Acebolado,4.0,4.0,4.0,4.0,4.0,8.0,Av. Sensorial,P1,2026-07
Pici 1,2026-07-29,Jantar,VEG,Panqueca Vegana ao Molho Branco,4.0,4.0,4.0,4.0,4.0,8.0,Av. Sensorial,P1,2026-07
Pici 1,2026-07-29,Café,ESPECIAL,Ovos Mexidos,4.0,4.0,3.0,4.0,4.0,7.333333333333333,Av. Sensorial,P1,2026-07
Pici 1,2026-07-29,Café,ESPECIAL VEG,Pasta de Amendoim,4.0,4.0,4.0,4.0,4.0,8.0,Av. Sensorial,P1,2026-07
Pici 1,2026-07-29,Almoço,PV,Feijoada,4.0,4.0,3.0,4.0,4.0,7.6,Av. Sensorial,P1,2026-07
Pici 1,2026-07-29,Almoço,PB,Sobrecoxa com Gergelim,4.0,4.0,4.0,4.0,4.0,8.0,Av. Sensorial,P1,2026-07
Pici 1,2026-07-29,Almoço,VEG,Moqueca Vegetariana,4.0,4.0,4.0,4.0,4.0,8.0,Av. Sensorial,P1,2026-07
Pici 1,2026-07-30,Café,ESPECIAL,Iogurte ,4.0,4.0,4.0,4.0,4.0,8.0,Av. Sensorial,P1,2026-07
Pici 1,2026-07-30,Café,ESPECIAL VEG,Similar a Iogurte Vegano,4.0,4.0,4.0,4.0,4.0,8.0,Av. Sensorial,P1,2026-07
Pici 1,2026-07-30,Almoço,PV,Carne Moída Refogada,3.0,4.0,3.0,4.0,3.0,6.8,Av. Sensorial,P1,2026-07
Pici 1,2026-07-30,Almoço,PB,Estrogonofe de Frango,4.0,4.0,4.0,4.0,4.0,8.0,Av. Sensorial,P1,2026-07
Pici 1,2026-07-30,Almoço,VEG,Refogado de Lentilha,4.0,4.0,4.0,4.0,4.0,8.0,Av. Sensorial,P1,2026-07
Pici 1,2026-07-30,Almoço,PV,Carne Moída Refogada,3.0,3.0,3.0,4.0,3.0,6.2,Av. Sensorial,P1,2026-07
Pici 1,2026-07-30,Almoço,PB,Estrogonofe de Frango,4.0,4.0,4.0,4.0,4.0,8.0,Av. Sensorial,P1,2026-07
Pici 1,2026-07-30,Almoço,VEG,Refogado de Lentilha,4.0,4.0,4.0,4.0,4.0,8.0,Av. Sensorial,P1,2026-07
Pici 1,2026-07-30,Almoço,PV,Carne Moída Refogada,3.0,3.0,3.0,4.0,3.0,6.2,Av. Sensorial,P1,2026-07
Pici 1,2026-07-30,Almoço,PB,Estrogonofe de Frango,4.0,4.0,4.0,4.0,4.0,8.0,Av. Sensorial,P1,2026-07
Pici 1,2026-07-30,Almoço,VEG,Refogado de Lentilha,4.0,4.0,4.0,4.0,4.0,8.0,Av. Sensorial,P1,2026-07
Pici 1,2026-07-30,Café,ESPECIAL,Iogurte ,4.0,4.0,4.0,4.0,4.0,8.0,Av. Sensorial,P1,2026-07
Porangabussu,2026-07-30,Café,ESPECIAL,Iogurte ,4.0,4.0,4.0,4.0,4.0,8.0,Av. Sensorial,PO,2026-07
Porangabussu,2026-07-30,Almoço,PV,Carne Moída Refogada,3.0,3.0,3.0,4.0,3.0,6.2,Av. Sensorial,PO,2026-07
Porangabussu,2026-07-30,Almoço,PB,Estrogonofe de Frango,4.0,4.0,4.0,4.0,4.0,8.0,Av. Sensorial,PO,2026-07
Porangabussu,2026-07-30,Almoço,VEG,Refogado de Lentilha,3.0,3.0,3.0,4.0,3.0,6.2,Av. Sensorial,PO,2026-07
Pici 1,2026-07-30,Jantar,PV,Cubos de Carne ao M. Madeira,4.0,4.0,3.0,4.0,3.0,7.4,Av. Sensorial,P1,2026-07
Pici 1,2026-07-30,Jantar,PB,Peixe à Delícia,4.0,4.0,4.0,4.0,4.0,8.0,Av. Sensorial,P1,2026-07
Pici 1,2026-07-30,Jantar,VEG,Suflê de Legumes,4.0,4.0,4.0,4.0,4.0,8.0,Av. Sensorial,P1,2026-07
Benfica,2026-07-30,Almoço,PV,Carne Moída Refogada,4.0,4.0,4.0,4.0,4.0,8.0,Av. Sensorial,B,2026-07
Benfica,2026-07-30,Almoço,PB,Estrogonofe de Frango,4.0,4.0,4.0,4.0,4.0,8.0,Av. Sensorial,B,2026-07
Benfica,2026-07-30,Almoço,VEG,Refogado de Lentilha,4.0,4.0,4.0,4.0,4.0,8.0,Av. Sensorial,B,2026-07
Benfica,2026-07-30,Almoço,PV,Carne Moída Refogada,4.0,3.0,3.0,3.0,3.0,6.6,Av. Sensorial,B,2026-07
Benfica,2026-07-30,Almoço,PB,Estrogonofe de Frango,3.0,3.0,4.0,4.0,4.0,6.8,Av. Sensorial,B,2026-07
Benfica,2026-07-30,Almoço,VEG,Refogado de Lentilha,4.0,4.0,4.0,4.0,4.0,8.0,Av. Sensorial,B,2026-07
Benfica,2026-07-30,Jantar,PV,Cubos de Carne ao M. Madeira,3.0,4.0,4.0,4.0,4.0,7.4,Av. Sensorial,B,2026-07
Benfica,2026-07-30,Jantar,PB,Peixe à Delícia,4.0,4.0,4.0,4.0,4.0,8.0,Av. Sensorial,B,2026-07
Benfica,2026-07-30,Jantar,VEG,Suflê de Legumes,4.0,4.0,4.0,4.0,4.0,8.0,Av. Sensorial,B,2026-07
Benfica,2026-07-31,Café,ESPECIAL,Frango Desfiado,4.0,4.0,3.0,4.0,4.0,7.333333333333333,Av. Sensorial,B,2026-07
Benfica,2026-07-31,Café,ESPECIAL VEG,Geleia,4.0,4.0,4.0,4.0,4.0,8.0,Av. Sensorial,B,2026-07
Pici 1,2026-07-31,Café,ESPECIAL,Frango Desfiado,4.0,4.0,3.0,4.0,4.0,7.333333333333333,Av. Sensorial,P1,2026-07
Pici 1,2026-07-31,Café,ESPECIAL VEG,Geleia,4.0,4.0,4.0,4.0,4.0,8.0,Av. Sensorial,P1,2026-07
Pici 1,2026-07-31,Café,ESPECIAL,Frango Desfiado,4.0,4.0,3.0,4.0,4.0,7.333333333333333,Av. Sensorial,P1,2026-07
Pici 1,2026-07-31,Almoço,PV,Isca de Carne ao Molho Escuro,4.0,4.0,4.0,4.0,4.0,8.0,Av. Sensorial,P1,2026-07
Pici 1,2026-07-31,Almoço,PB,Cubos de Frango Acebolado,4.0,4.0,4.0,4.0,4.0,8.0,Av. Sensorial,P1,2026-07
Pici 1,2026-07-31,Almoço,VEG,Assado de Grão de Bico,4.0,4.0,4.0,4.0,4.0,8.0,Av. Sensorial,P1,2026-07
Porangabussu,2026-07-31,Almoço,PV,Isca de Carne ao Molho Escuro,4.0,4.0,4.0,4.0,4.0,8.0,Av. Sensorial,PO,2026-07
Porangabussu,2026-07-31,Almoço,PB,Cubos de Frango Acebolado,3.0,4.0,3.0,4.0,3.0,6.8,Av. Sensorial,PO,2026-07
Porangabussu,2026-07-31,Almoço,VEG,Assado de Grão de Bico,3.0,3.0,3.0,4.0,3.0,6.2,Av. Sensorial,PO,2026-07
Pici 1,2026-07-31,Almoço,PV,Isca de Carne ao Molho Escuro,4.0,4.0,4.0,4.0,4.0,8.0,Av. Sensorial,P1,2026-07
Pici 1,2026-07-31,Almoço,PB,Cubos de Frango Acebolado,4.0,4.0,4.0,4.0,4.0,8.0,Av. Sensorial,P1,2026-07
Pici 1,2026-07-31,Almoço,VEG,Assado de Grão de Bico,4.0,4.0,4.0,4.0,4.0,8.0,Av. Sensorial,P1,2026-07
Benfica,2026-07-30,Almoço,PV,Carne Moída Refogada,4.0,4.0,4.0,4.0,4.0,8.0,Av. Sensorial,B,2026-07
Benfica,2026-07-30,Almoço,PB,Estrogonofe de Frango,4.0,4.0,4.0,4.0,4.0,8.0,Av. Sensorial,B,2026-07
Benfica,2026-07-30,Almoço,VEG,Refogado de Lentilha,4.0,4.0,4.0,4.0,4.0,8.0,Av. Sensorial,B,2026-07
Benfica,2026-07-31,Almoço,PV,Isca de Carne ao Molho Escuro,4.0,3.0,4.0,4.0,4.0,7.4,Av. Sensorial,B,2026-07
Benfica,2026-07-31,Almoço,PB,Cubos de Frango Acebolado,3.0,3.0,3.0,4.0,4.0,6.4,Av. Sensorial,B,2026-07
Benfica,2026-07-31,Almoço,VEG,Assado de Grão de Bico,4.0,4.0,4.0,4.0,4.0,8.0,Av. Sensorial,B,2026-07
Pici 1,2026-07-31,Almoço,PV,Isca de Carne ao Molho Escuro,4.0,3.0,4.0,4.0,4.0,7.4,Av. Sensorial,P1,2026-07
Pici 1,2026-07-31,Almoço,PB,Cubos de Frango Acebolado,3.0,3.0,3.0,4.0,3.0,6.2,Av. Sensorial,P1,2026-07
Pici 1,2026-07-31,Almoço,VEG,Assado de Grão de Bico,4.0,4.0,4.0,4.0,4.0,8.0,Av. Sensorial,P1,2026-07
Pici 1,2026-07-31,Jantar,PV,Escondidinho de Carne,4.0,4.0,4.0,4.0,4.0,8.0,Av. Sensorial,P1,2026-07
Pici 1,2026-07-31,Jantar,PB,Cubos de Frango ao M. Escuro,4.0,4.0,4.0,4.0,4.0,8.0,Av. Sensorial,P1,2026-07
Pici 1,2026-07-31,Jantar,VEG,Torta de Legumes,4.0,4.0,4.0,4.0,4.0,8.0,Av. Sensorial,P1,2026-07
Benfica,2026-07-31,Almoço,PV,Isca de Carne ao Molho Escuro,4.0,3.0,4.0,4.0,4.0,7.4,Av. Sensorial,B,2026-07
Benfica,2026-07-31,Almoço,PB,Cubos de Frango Acebolado,3.0,3.0,3.0,4.0,3.0,6.2,Av. Sensorial,B,2026-07
Benfica,2026-07-31,Almoço,VEG,Assado de Grão de Bico,4.0,4.0,4.0,4.0,4.0,8.0,Av. Sensorial,B,2026-07
Benfica,2026-07-31,Jantar,PV,Escondidinho de Carne,4.0,4.0,4.0,4.0,4.0,8.0,Av. Sensorial,B,2026-07
Benfica,2026-07-31,Jantar,PB,Cubos de Frango ao M. Escuro,4.0,4.0,3.0,4.0,4.0,7.6,Av. Sensorial,B,2026-07
Benfica,2026-07-31,Jantar,VEG,Torta de Legumes,4.0,4.0,4.0,4.0,4.0,8.0,Av. Sensorial,B,2026-07
Benfica,2026-07-31,Jantar,PV,Escondidinho de Carne,4.0,4.0,3.0,4.0,4.0,7.6,Av. Sensorial,B,2026-07
Benfica,2026-07-31,Jantar,PB,Cubos de Frango ao M. Escuro,4.0,4.0,3.0,4.0,4.0,7.6,Av. Sensorial,B,2026-07
Benfica,2026-07-31,Jantar,VEG,Torta de Legumes,4.0,4.0,4.0,4.0,4.0,8.0,Av. Sensorial,B,2026-07
Benfica,2026-08-03,Café,ESPECIAL,Mingau ,4.0,4.0,4.0,4.0,4.0,8.0,Av. Sensorial,B,2026-08
Benfica,2026-08-03,Café,ESPECIAL VEG,Achocolatado vegano ,4.0,4.0,4.0,4.0,4.0,8.0,Av. Sensorial,B,2026-08
Pici 1,2026-08-03,Café,ESPECIAL,Mingau ,4.0,4.0,4.0,4.0,4.0,8.0,Av. Sensorial,P1,2026-08
Pici 1,2026-08-03,Café,ESPECIAL VEG,Achocolatado vegano ,4.0,4.0,4.0,4.0,4.0,8.0,Av. Sensorial,P1,2026-08
Pici 1,2026-08-03,Almoço,PV,Estrogonofe de Carne,4.0,4.0,4.0,4.0,4.0,8.0,Av. Sensorial,P1,2026-08
Pici 1,2026-08-03,Almoço,PB,Sobrecoxa Assada,4.0,4.0,4.0,4.0,4.0,8.0,Av. Sensorial,P1,2026-08
Pici 1,2026-08-03,Almoço,VEG,Risoto de Lentilha,4.0,4.0,4.0,4.0,4.0,8.0,Av. Sensorial,P1,2026-08
Pici 1,2026-08-03,Almoço,PV,Estrogonofe de Carne,4.0,3.0,4.0,4.0,4.0,7.4,Av. Sensorial,P1,2026-08
Pici 1,2026-08-03,Almoço,PB,Sobrecoxa Assada,4.0,4.0,4.0,4.0,4.0,8.0,Av. Sensorial,P1,2026-08
Pici 1,2026-08-03,Almoço,VEG,Risoto de Lentilha,4.0,4.0,4.0,4.0,4.0,8.0,Av. Sensorial,P1,2026-08
Pici 1,2026-08-03,Almoço,PV,Estrogonofe de Carne,4.0,3.0,4.0,4.0,4.0,7.4,Av. Sensorial,P1,2026-08
Pici 1,2026-08-03,Almoço,PB,Sobrecoxa Assada,4.0,4.0,4.0,4.0,4.0,8.0,Av. Sensorial,P1,2026-08
Pici 1,2026-08-03,Almoço,VEG,Risoto de Lentilha,4.0,4.0,4.0,4.0,4.0,8.0,Av. Sensorial,P1,2026-08
Porangabussu,2026-08-03,Almoço,PV,Estrogonofe de Carne,4.0,3.0,4.0,4.0,4.0,7.4,Av. Sensorial,PO,2026-08
Porangabussu,2026-08-03,Almoço,PB,Sobrecoxa Assada,4.0,4.0,4.0,4.0,4.0,8.0,Av. Sensorial,PO,2026-08
Porangabussu,2026-08-03,Almoço,VEG,Risoto de Lentilha,4.0,3.0,4.0,4.0,4.0,7.6,Av. Sensorial,PO,2026-08
Porangabussu,2026-08-03,Almoço,PV,Estrogonofe de Carne,4.0,4.0,4.0,4.0,4.0,8.0,Av. Sensorial,PO,2026-08
Porangabussu,2026-08-03,Almoço,PB,Sobrecoxa Assada,4.0,4.0,4.0,4.0,4.0,8.0,Av. Sensorial,PO,2026-08
Porangabussu,2026-08-03,Almoço,VEG,Risoto de Lentilha,3.0,3.0,3.0,4.0,3.0,6.2,Av. Sensorial,PO,2026-08
Pici 1,2026-08-03,Jantar,PV,Picadinho com Legumes,4.0,4.0,4.0,4.0,4.0,8.0,Av. Sensorial,P1,2026-08
Pici 1,2026-08-03,Jantar,PB,Frango Xadrez,4.0,4.0,4.0,4.0,4.0,8.0,Av. Sensorial,P1,2026-08
Pici 1,2026-08-03,Jantar,VEG,Rocambole de Grão de Bico,4.0,4.0,4.0,4.0,4.0,8.0,Av. Sensorial,P1,2026-08
Pici 1,2026-08-03,Jantar,PV,Picadinho com Legumes,4.0,4.0,4.0,4.0,4.0,8.0,Av. Sensorial,P1,2026-08
Pici 1,2026-08-03,Jantar,PB,Frango Xadrez,4.0,4.0,4.0,4.0,4.0,8.0,Av. Sensorial,P1,2026-08
Pici 1,2026-08-03,Jantar,VEG,Rocambole de Grão de Bico,4.0,4.0,4.0,4.0,4.0,8.0,Av. Sensorial,P1,2026-08
Benfica,2026-08-03,Almoço,PV,Estrogonofe de Carne,4.0,4.0,3.0,4.0,4.0,7.6,Av. Sensorial,B,2026-08
Benfica,2026-08-03,Almoço,PB,Sobrecoxa Assada,3.0,4.0,4.0,4.0,4.0,7.4,Av. Sensorial,B,2026-08
Benfica,2026-08-03,Almoço,VEG,Risoto de Lentilha,4.0,4.0,4.0,4.0,4.0,8.0,Av. Sensorial,B,2026-08
Benfica,2026-08-03,Jantar,PV,Picadinho com Legumes,4.0,4.0,4.0,4.0,4.0,8.0,Av. Sensorial,B,2026-08
Benfica,2026-08-03,Jantar,PB,Frango Xadrez,4.0,4.0,4.0,4.0,4.0,8.0,Av. Sensorial,B,2026-08
Benfica,2026-08-03,Jantar,VEG,Rocambole de Grão de Bico,4.0,4.0,4.0,4.0,4.0,8.0,Av. Sensorial,B,2026-08
Benfica,2026-08-03,Jantar,PV,Picadinho com Legumes,4.0,4.0,4.0,4.0,4.0,8.0,Av. Sensorial,B,2026-08
Benfica,2026-08-03,Jantar,PB,Frango Xadrez,4.0,4.0,4.0,4.0,4.0,8.0,Av. Sensorial,B,2026-08
Benfica,2026-08-03,Jantar,VEG,Rocambole de Grão de Bico,4.0,4.0,4.0,4.0,4.0,8.0,Av. Sensorial,B,2026-08
Pici 1,2026-08-04,Café,ESPECIAL,Queijo ,4.0,4.0,4.0,4.0,4.0,8.0,Av. Sensorial,P1,2026-08
Pici 1,2026-08-04,Café,ESPECIAL VEG,Granola,4.0,4.0,4.0,4.0,4.0,8.0,Av. Sensorial,P1,2026-08
Porangabussu,2026-08-04,Café,ESPECIAL,Queijo ,4.0,4.0,4.0,4.0,4.0,8.0,Av. Sensorial,PO,2026-08
Porangabussu,2026-08-04,Almoço,PV,Cubos Suíno ao molho barbecue,4.0,4.0,3.0,4.0,4.0,7.6,Av. Sensorial,PO,2026-08
Porangabussu,2026-08-04,Almoço,PB,Isca de Frango Acebolado,3.0,3.0,4.0,3.0,3.0,6.4,Av. Sensorial,PO,2026-08
Porangabussu,2026-08-04,Almoço,VEG,Soja Nordestina,3.0,3.0,3.0,4.0,3.0,6.2,Av. Sensorial,PO,2026-08
Porangabussu,2026-08-04,Almoço,PV,Cubos Suíno ao molho barbecue,4.0,4.0,3.0,4.0,4.0,7.6,Av. Sensorial,PO,2026-08
Porangabussu,2026-08-04,Almoço,PB,Isca de Frango Acebolado,3.0,4.0,4.0,4.0,4.0,7.4,Av. Sensorial,PO,2026-08
Porangabussu,2026-08-04,Almoço,VEG,Soja Nordestina,4.0,4.0,3.0,4.0,4.0,7.4,Av. Sensorial,PO,2026-08
Pici 1,2026-08-04,Almoço,PV,Cubos Suíno ao molho barbecue,3.0,4.0,4.0,4.0,4.0,7.4,Av. Sensorial,P1,2026-08
Pici 1,2026-08-04,Almoço,PB,Isca de Frango Acebolado,4.0,4.0,4.0,4.0,4.0,8.0,Av. Sensorial,P1,2026-08
Pici 1,2026-08-04,Almoço,VEG,Soja Nordestina,4.0,4.0,4.0,4.0,4.0,8.0,Av. Sensorial,P1,2026-08
Pici 1,2026-08-04,Almoço,PV,Cubos Suíno ao molho barbecue,3.0,4.0,4.0,4.0,4.0,7.4,Av. Sensorial,P1,2026-08
Pici 1,2026-08-04,Almoço,PB,Isca de Frango Acebolado,4.0,4.0,4.0,4.0,4.0,8.0,Av. Sensorial,P1,2026-08
Pici 1,2026-08-04,Almoço,VEG,Soja Nordestina,4.0,4.0,4.0,4.0,4.0,8.0,Av. Sensorial,P1,2026-08
Pici 1,2026-08-04,Almoço,PV,Cubos Suíno ao molho barbecue,4.0,4.0,4.0,4.0,4.0,8.0,Av. Sensorial,P1,2026-08
Pici 1,2026-08-04,Almoço,PB,Isca de Frango Acebolado,4.0,4.0,4.0,4.0,4.0,8.0,Av. Sensorial,P1,2026-08
Pici 1,2026-08-04,Almoço,VEG,Soja Nordestina,4.0,4.0,4.0,4.0,4.0,8.0,Av. Sensorial,P1,2026-08
Benfica,2026-08-03,Almoço,PV,Estrogonofe de Carne,4.0,3.0,4.0,4.0,4.0,7.4,Av. Sensorial,B,2026-08
Benfica,2026-08-03,Almoço,PB,Sobrecoxa Assada,4.0,3.0,4.0,4.0,4.0,7.4,Av. Sensorial,B,2026-08
Benfica,2026-08-03,Almoço,VEG,Risoto de Lentilha,4.0,3.0,4.0,4.0,4.0,7.6,Av. Sensorial,B,2026-08
Benfica,2026-08-04,Almoço,PV,Cubos Suíno ao molho barbecue,4.0,4.0,4.0,4.0,4.0,8.0,Av. Sensorial,B,2026-08
Benfica,2026-08-04,Almoço,PB,Isca de Frango Acebolado,4.0,4.0,4.0,4.0,4.0,8.0,Av. Sensorial,B,2026-08
Benfica,2026-08-04,Almoço,VEG,Soja Nordestina,4.0,4.0,4.0,4.0,4.0,8.0,Av. Sensorial,B,2026-08
Benfica,2026-08-04,Almoço,PV,Cubos Suíno ao molho barbecue,3.0,4.0,4.0,4.0,4.0,7.4,Av. Sensorial,B,2026-08
Benfica,2026-08-04,Almoço,PB,Isca de Frango Acebolado,3.0,4.0,3.0,4.0,3.0,6.8,Av. Sensorial,B,2026-08
Benfica,2026-08-04,Almoço,VEG,Soja Nordestina,4.0,4.0,4.0,4.0,4.0,8.0,Av. Sensorial,B,2026-08
Benfica,2026-08-04,Jantar,PV,Carne Moída Refogada,3.0,4.0,3.0,4.0,4.0,7.0,Av. Sensorial,B,2026-08
Benfica,2026-08-04,Jantar,PB,Sobrecoxa ao M. de Legumes,4.0,4.0,4.0,4.0,4.0,8.0,Av. Sensorial,B,2026-08
Benfica,2026-08-04,Jantar,VEG,Bobó de Legumes,4.0,4.0,4.0,4.0,4.0,8.0,Av. Sensorial,B,2026-08
Benfica,2026-08-04,Jantar,PV,Carne Moída Refogada,3.0,3.0,3.0,3.0,3.0,6.0,Av. Sensorial,B,2026-08
Benfica,2026-08-04,Jantar,PB,Sobrecoxa ao M. de Legumes,2.0,3.0,3.0,3.0,3.0,5.4,Av. Sensorial,B,2026-08
Benfica,2026-08-04,Jantar,VEG,Bobó de Legumes,4.0,4.0,4.0,4.0,4.0,8.0,Av. Sensorial,B,2026-08
Pici 1,2026-08-04,Jantar,PV,Carne Moída Refogada,3.0,4.0,3.0,4.0,3.0,6.8,Av. Sensorial,P1,2026-08
Pici 1,2026-08-04,Jantar,PB,Sobrecoxa ao M. de Legumes,4.0,4.0,4.0,4.0,4.0,8.0,Av. Sensorial,P1,2026-08
Pici 1,2026-08-04,Jantar,VEG,Bobó de Legumes,4.0,4.0,4.0,4.0,4.0,8.0,Av. Sensorial,P1,2026-08
Pici 1,2026-08-04,Jantar,PV,Carne Moída Refogada,4.0,4.0,4.0,4.0,4.0,8.0,Av. Sensorial,P1,2026-08
Pici 1,2026-08-04,Jantar,PB,Sobrecoxa ao M. de Legumes,4.0,4.0,4.0,4.0,4.0,8.0,Av. Sensorial,P1,2026-08
Pici 1,2026-08-04,Jantar,VEG,Bobó de Legumes,4.0,4.0,4.0,4.0,4.0,8.0,Av. Sensorial,P1,2026-08
Benfica,2026-08-05,Café,ESPECIAL,Ovos Mexidos,4.0,4.0,4.0,4.0,4.0,8.0,Av. Sensorial,B,2026-08
Benfica,2026-08-05,Café,ESPECIAL VEG,Pasta de Amendoim,4.0,4.0,4.0,4.0,4.0,8.0,Av. Sensorial,B,2026-08
Pici 1,2026-08-05,Café,ESPECIAL,Ovos Mexidos,4.0,4.0,4.0,4.0,4.0,8.0,Av. Sensorial,P1,2026-08
Pici 1,2026-08-05,Café,ESPECIAL VEG,Pasta de Amendoim,4.0,4.0,4.0,4.0,4.0,8.0,Av. Sensorial,P1,2026-08
Pici 1,2026-08-05,Almoço,PV,Feijoada,4.0,4.0,4.0,4.0,4.0,8.0,Av. Sensorial,P1,2026-08
Pici 1,2026-08-05,Almoço,PB,Sobrecoxa Assada,4.0,4.0,4.0,4.0,4.0,8.0,Av. Sensorial,P1,2026-08
Pici 1,2026-08-05,Almoço,VEG,Feijoada Vegetariana,4.0,4.0,4.0,4.0,4.0,8.0,Av. Sensorial,P1,2026-08
Pici 1,2026-08-05,Almoço,PV,Feijoada,4.0,4.0,4.0,4.0,4.0,8.0,Av. Sensorial,P1,2026-08
Pici 1,2026-08-05,Almoço,PB,Sobrecoxa Assada,4.0,4.0,4.0,4.0,4.0,8.0,Av. Sensorial,P1,2026-08
Pici 1,2026-08-05,Almoço,VEG,Feijoada Vegetariana,3.0,4.0,4.0,4.0,4.0,7.4,Av. Sensorial,P1,2026-08
Benfica,2026-08-05,Almoço,PV,Feijoada,4.0,4.0,3.0,4.0,4.0,7.6,Av. Sensorial,B,2026-08
Benfica,2026-08-05,Almoço,PB,Sobrecoxa Assada,4.0,4.0,4.0,4.0,4.0,8.0,Av. Sensorial,B,2026-08
Benfica,2026-08-05,Almoço,VEG,Feijoada Vegetariana,4.0,4.0,4.0,4.0,4.0,8.0,Av. Sensorial,B,2026-08
Pici 1,2026-08-05,Almoço,PV,Feijoada,4.0,4.0,4.0,4.0,4.0,8.0,Av. Sensorial,P1,2026-08
Pici 1,2026-08-05,Almoço,PB,Sobrecoxa Assada,4.0,4.0,4.0,4.0,4.0,8.0,Av. Sensorial,P1,2026-08
Pici 1,2026-08-05,Almoço,VEG,Feijoada Vegetariana,4.0,4.0,4.0,4.0,4.0,8.0,Av. Sensorial,P1,2026-08
Porangabussu,2026-08-05,Almoço,PV,Feijoada,4.0,4.0,4.0,4.0,4.0,8.0,Av. Sensorial,PO,2026-08
Porangabussu,2026-08-05,Almoço,PB,Sobrecoxa Assada,4.0,4.0,4.0,4.0,4.0,8.0,Av. Sensorial,PO,2026-08
Porangabussu,2026-08-05,Almoço,VEG,Feijoada Vegetariana,4.0,4.0,3.0,4.0,4.0,7.4,Av. Sensorial,PO,2026-08
Pici 1,2026-08-05,Jantar,PV,Isca de Carne Acebolada,4.0,4.0,4.0,4.0,4.0,8.0,Av. Sensorial,P1,2026-08
Pici 1,2026-08-05,Jantar,PB,Vatapá de Frango,4.0,4.0,4.0,4.0,4.0,8.0,Av. Sensorial,P1,2026-08
Pici 1,2026-08-05,Jantar,VEG,Bolo Salgado Vegano,4.0,4.0,4.0,4.0,4.0,8.0,Av. Sensorial,P1,2026-08
Benfica,2026-08-05,Jantar,PV,Isca de Carne Acebolada,4.0,4.0,4.0,4.0,4.0,8.0,Av. Sensorial,B,2026-08
Benfica,2026-08-05,Jantar,PB,Vatapá de Frango,4.0,4.0,4.0,4.0,4.0,8.0,Av. Sensorial,B,2026-08
Benfica,2026-08-05,Jantar,VEG,Bolo Salgado Vegano,4.0,4.0,4.0,4.0,4.0,8.0,Av. Sensorial,B,2026-08
Benfica,2026-08-05,Jantar,PV,Isca de Carne Acebolada,3.0,3.0,3.0,4.0,4.0,6.4,Av. Sensorial,B,2026-08
Benfica,2026-08-05,Jantar,PB,Vatapá de Frango,4.0,4.0,4.0,4.0,4.0,8.0,Av. Sensorial,B,2026-08
Benfica,2026-08-05,Jantar,VEG,Bolo Salgado Vegano,4.0,4.0,4.0,4.0,4.0,8.0,Av. Sensorial,B,2026-08
Pici 1,2026-08-05,Jantar,PV,Isca de Carne Acebolada,4.0,4.0,4.0,4.0,4.0,8.0,Av. Sensorial,P1,2026-08
Pici 1,2026-08-05,Jantar,PB,Vatapá de Frango,4.0,4.0,4.0,4.0,4.0,8.0,Av. Sensorial,P1,2026-08
Pici 1,2026-08-05,Jantar,VEG,Bolo Salgado Vegano,4.0,4.0,4.0,4.0,4.0,8.0,Av. Sensorial,P1,2026-08
Porangabussu,2026-08-06,Café,ESPECIAL,Iogurte ,4.0,4.0,4.0,4.0,4.0,8.0,Av. Sensorial,PO,2026-08
Pici 1,2026-08-06,Almoço,PV,Isca de Carne ao M. Tomate,3.0,3.0,3.0,4.0,3.0,6.2,Av. Sensorial,P1,2026-08
Pici 1,2026-08-06,Almoço,PB,Cubos de Frango com Ervas,3.0,3.0,3.0,4.0,3.0,6.2,Av. Sensorial,P1,2026-08
Pici 1,2026-08-06,Almoço,VEG,Soja à Bolonhesa,4.0,4.0,4.0,4.0,4.0,8.0,Av. Sensorial,P1,2026-08
Pici 1,2026-08-06,Almoço,PV,Isca de Carne ao M. Tomate,3.0,3.0,4.0,4.0,4.0,6.8,Av. Sensorial,P1,2026-08
Pici 1,2026-08-06,Almoço,PB,Cubos de Frango com Ervas,3.0,3.0,3.0,4.0,3.0,6.2,Av. Sensorial,P1,2026-08
Pici 1,2026-08-06,Almoço,VEG,Soja à Bolonhesa,4.0,4.0,3.0,4.0,4.0,7.4,Av. Sensorial,P1,2026-08
Pici 1,2026-08-06,Café,ESPECIAL,Iogurte ,4.0,4.0,4.0,4.0,4.0,8.0,Av. Sensorial,P1,2026-08
Pici 1,2026-08-06,Café,ESPECIAL VEG,Similar a Iogurte Vegano,4.0,4.0,4.0,4.0,4.0,8.0,Av. Sensorial,P1,2026-08
Pici 1,2026-08-06,Almoço,PV,Isca de Carne ao M. Tomate,3.0,4.0,3.0,4.0,3.0,6.8,Av. Sensorial,P1,2026-08
Pici 1,2026-08-06,Almoço,PB,Cubos de Frango com Ervas,4.0,4.0,4.0,4.0,4.0,8.0,Av. Sensorial,P1,2026-08
Pici 1,2026-08-06,Almoço,VEG,Soja à Bolonhesa,4.0,4.0,3.0,4.0,4.0,7.4,Av. Sensorial,P1,2026-08
Pici 1,2026-08-06,Almoço,PV,Isca de Carne ao M. Tomate,4.0,4.0,3.0,4.0,3.0,7.4,Av. Sensorial,P1,2026-08
Pici 1,2026-08-06,Almoço,PB,Cubos de Frango com Ervas,3.0,4.0,4.0,4.0,4.0,7.4,Av. Sensorial,P1,2026-08
Pici 1,2026-08-06,Almoço,VEG,Soja à Bolonhesa,4.0,4.0,3.0,4.0,3.0,7.2,Av. Sensorial,P1,2026-08
Porangabussu,2026-08-06,Almoço,PV,Isca de Carne ao M. Tomate,3.0,3.0,4.0,4.0,4.0,6.8,Av. Sensorial,PO,2026-08
Porangabussu,2026-08-06,Almoço,PB,Cubos de Frango com Ervas,4.0,4.0,3.0,4.0,4.0,7.6,Av. Sensorial,PO,2026-08
Porangabussu,2026-08-06,Almoço,VEG,Soja à Bolonhesa,4.0,4.0,4.0,4.0,4.0,8.0,Av. Sensorial,PO,2026-08
Porangabussu,2026-08-06,Almoço,PV,Isca de Carne ao M. Tomate,4.0,3.0,4.0,4.0,4.0,7.4,Av. Sensorial,PO,2026-08
Porangabussu,2026-08-06,Almoço,PB,Cubos de Frango com Ervas,3.0,3.0,3.0,4.0,3.0,6.2,Av. Sensorial,PO,2026-08
Porangabussu,2026-08-06,Almoço,VEG,Soja à Bolonhesa,4.0,4.0,3.0,4.0,3.0,7.2,Av. Sensorial,PO,2026-08
Benfica,2026-08-05,Almoço,PV,Feijoada,4.0,4.0,4.0,4.0,4.0,8.0,Av. Sensorial,B,2026-08
Benfica,2026-08-05,Almoço,PB,Sobrecoxa Assada,3.0,3.0,4.0,4.0,4.0,6.8,Av. Sensorial,B,2026-08
Benfica,2026-08-05,Almoço,VEG,Feijoada Vegetariana,3.0,4.0,4.0,4.0,4.0,7.4,Av. Sensorial,B,2026-08
Benfica,2026-08-06,Almoço,PV,Isca de Carne ao M. Tomate,4.0,4.0,4.0,4.0,4.0,8.0,Av. Sensorial,B,2026-08
Benfica,2026-08-06,Almoço,PB,Cubos de Frango com Ervas,4.0,4.0,4.0,4.0,4.0,8.0,Av. Sensorial,B,2026-08
Benfica,2026-08-06,Almoço,VEG,Soja à Bolonhesa,4.0,4.0,4.0,4.0,4.0,8.0,Av. Sensorial,B,2026-08
Benfica,2026-08-06,Almoço,PV,Isca de Carne ao M. Tomate,4.0,4.0,4.0,4.0,4.0,8.0,Av. Sensorial,B,2026-08
Benfica,2026-08-06,Almoço,PB,Cubos de Frango com Ervas,3.0,3.0,3.0,4.0,3.0,6.2,Av. Sensorial,B,2026-08
Benfica,2026-08-06,Almoço,VEG,Soja à Bolonhesa,4.0,4.0,4.0,4.0,4.0,8.0,Av. Sensorial,B,2026-08
Benfica,2026-08-06,Jantar,PV,Suíno Acebolado,4.0,4.0,4.0,4.0,4.0,8.0,Av. Sensorial,B,2026-08
Benfica,2026-08-06,Jantar,PB,Sobrecoxa com Gergelim,4.0,4.0,4.0,4.0,4.0,8.0,Av. Sensorial,B,2026-08
Benfica,2026-08-06,Jantar,VEG,Vatapá Vegano,4.0,4.0,4.0,4.0,4.0,8.0,Av. Sensorial,B,2026-08
Pici 1,2026-08-07,Café,ESPECIAL,Frango Desfiado,4.0,4.0,3.0,4.0,4.0,7.333333333333333,Av. Sensorial,P1,2026-08
Pici 1,2026-08-07,Café,ESPECIAL VEG,Geleia,4.0,4.0,4.0,4.0,4.0,8.0,Av. Sensorial,P1,2026-08
Labomar,2026-08-06,Almoço,PV,Isca de Carne ao M. Tomate,4.0,4.0,4.0,4.0,4.0,8.0,Av. Sensorial,L,2026-08
Labomar,2026-08-06,Almoço,PB,Cubos de Frango com Ervas,4.0,4.0,4.0,4.0,4.0,8.0,Av. Sensorial,L,2026-08
Labomar,2026-08-06,Almoço,VEG,Soja à Bolonhesa,4.0,4.0,3.0,4.0,4.0,7.4,Av. Sensorial,L,2026-08
Pici 1,2026-08-07,Almoço,PV,Carne do Sol,4.0,4.0,4.0,4.0,4.0,8.0,Av. Sensorial,P1,2026-08
Pici 1,2026-08-07,Almoço,PB,Peixe Assado,4.0,4.0,4.0,4.0,4.0,8.0,Av. Sensorial,P1,2026-08
Pici 1,2026-08-07,Almoço,VEG,Refogado  de Soja,4.0,4.0,4.0,4.0,4.0,8.0,Av. Sensorial,P1,2026-08
Labomar,2026-08-07,Almoço,PV,Carne do Sol,4.0,4.0,4.0,4.0,4.0,8.0,Av. Sensorial,L,2026-08
Labomar,2026-08-07,Almoço,PB,Peixe Assado,4.0,4.0,4.0,4.0,4.0,8.0,Av. Sensorial,L,2026-08
Labomar,2026-08-07,Almoço,VEG,Refogado  de Soja,4.0,4.0,4.0,4.0,4.0,8.0,Av. Sensorial,L,2026-08
Porangabussu,2026-08-07,Almoço,PV,Carne do Sol,4.0,4.0,4.0,4.0,4.0,8.0,Av. Sensorial,PO,2026-08
Porangabussu,2026-08-07,Almoço,PB,Peixe Assado,3.0,3.0,4.0,4.0,4.0,6.8,Av. Sensorial,PO,2026-08
Porangabussu,2026-08-07,Almoço,VEG,Refogado  de Soja,4.0,4.0,4.0,4.0,4.0,8.0,Av. Sensorial,PO,2026-08
Porangabussu,2026-08-07,Almoço,PV,Carne do Sol,4.0,4.0,4.0,4.0,4.0,8.0,Av. Sensorial,PO,2026-08
Porangabussu,2026-08-07,Almoço,PB,Peixe Assado,3.0,4.0,3.0,4.0,3.0,6.8,Av. Sensorial,PO,2026-08
Porangabussu,2026-08-07,Almoço,VEG,Refogado  de Soja,3.0,3.0,3.0,4.0,3.0,6.2,Av. Sensorial,PO,2026-08
Pici 1,2026-08-07,Almoço,PV,Carne do Sol,4.0,4.0,4.0,4.0,4.0,8.0,Av. Sensorial,P1,2026-08
Pici 1,2026-08-07,Almoço,VEG,Refogado  de Soja,4.0,4.0,4.0,4.0,4.0,8.0,Av. Sensorial,P1,2026-08
Pici 1,2026-08-07,Café,ESPECIAL,Frango Desfiado,4.0,4.0,4.0,4.0,4.0,8.0,Av. Sensorial,P1,2026-08
Pici 1,2026-08-06,Jantar,PV,Suíno Acebolado,4.0,4.0,4.0,4.0,4.0,8.0,Av. Sensorial,P1,2026-08
Pici 1,2026-08-06,Jantar,PB,Sobrecoxa com Gergelim,4.0,4.0,4.0,4.0,4.0,8.0,Av. Sensorial,P1,2026-08
Pici 1,2026-08-06,Jantar,VEG,Vatapá Vegano,4.0,4.0,4.0,4.0,4.0,8.0,Av. Sensorial,P1,2026-08
Pici 1,2026-08-06,Jantar,PV,Suíno Acebolado,4.0,4.0,4.0,4.0,4.0,8.0,Av. Sensorial,P1,2026-08
Pici 1,2026-08-06,Jantar,PB,Sobrecoxa com Gergelim,4.0,4.0,4.0,4.0,4.0,8.0,Av. Sensorial,P1,2026-08
Pici 1,2026-08-06,Jantar,VEG,Vatapá Vegano,4.0,4.0,4.0,4.0,4.0,8.0,Av. Sensorial,P1,2026-08
Pici 1,2026-08-07,Almoço,PV,Carne do Sol,4.0,4.0,4.0,4.0,4.0,8.0,Av. Sensorial,P1,2026-08
Pici 1,2026-08-07,Almoço,PB,Peixe Assado,4.0,4.0,4.0,4.0,4.0,8.0,Av. Sensorial,P1,2026-08
Pici 1,2026-08-07,Almoço,VEG,Refogado  de Soja,4.0,4.0,3.0,4.0,4.0,7.4,Av. Sensorial,P1,2026-08
Pici 1,2026-08-07,Jantar,PV,Lasanha de Calabresa,4.0,4.0,4.0,4.0,4.0,8.0,Av. Sensorial,P1,2026-08
Pici 1,2026-08-07,Jantar,PB,Cubos de Frango à Chinesa,4.0,4.0,4.0,4.0,4.0,8.0,Av. Sensorial,P1,2026-08
Pici 1,2026-08-07,Jantar,VEG,Lasanha de Brócolis,4.0,4.0,4.0,4.0,4.0,8.0,Av. Sensorial,P1,2026-08
Pici 1,2026-08-07,Jantar,PV,Lasanha de Calabresa,4.0,4.0,4.0,4.0,4.0,8.0,Av. Sensorial,P1,2026-08
Pici 1,2026-08-07,Jantar,PB,Cubos de Frango à Chinesa,4.0,4.0,4.0,4.0,4.0,8.0,Av. Sensorial,P1,2026-08
Pici 1,2026-08-07,Jantar,VEG,Lasanha de Brócolis,4.0,4.0,4.0,4.0,4.0,8.0,Av. Sensorial,P1,2026-08
Benfica,2026-08-07,Almoço,PV,Carne do Sol,4.0,4.0,4.0,4.0,4.0,8.0,Av. Sensorial,B,2026-08
Benfica,2026-08-07,Almoço,PB,Peixe Assado,4.0,4.0,4.0,4.0,4.0,8.0,Av. Sensorial,B,2026-08
Benfica,2026-08-07,Almoço,VEG,Refogado  de Soja,4.0,4.0,4.0,4.0,4.0,8.0,Av. Sensorial,B,2026-08
Benfica,2026-08-07,Jantar,PV,Lasanha de Calabresa,4.0,4.0,4.0,4.0,4.0,8.0,Av. Sensorial,B,2026-08
Benfica,2026-08-07,Jantar,PB,Cubos de Frango à Chinesa,3.0,4.0,4.0,4.0,4.0,7.4,Av. Sensorial,B,2026-08
Benfica,2026-08-07,Jantar,VEG,Lasanha de Brócolis,4.0,4.0,4.0,4.0,4.0,8.0,Av. Sensorial,B,2026-08
Benfica,2026-08-07,Jantar,PV,Lasanha de Calabresa,4.0,4.0,4.0,4.0,4.0,8.0,Av. Sensorial,B,2026-08
Benfica,2026-08-07,Jantar,PB,Cubos de Frango à Chinesa,4.0,4.0,4.0,4.0,4.0,8.0,Av. Sensorial,B,2026-08
Benfica,2026-08-07,Jantar,VEG,Lasanha de Brócolis,4.0,4.0,4.0,4.0,4.0,8.0,Av. Sensorial,B,2026-08
Pici 2,2026-08-10,Café,ESPECIAL,Achocolatado,4.0,4.0,4.0,4.0,4.0,8.0,Av. Sensorial,P2,2026-08
Pici 2,2026-08-10,Café,ESPECIAL VEG,Achocolatado vegano ,4.0,4.0,4.0,4.0,4.0,8.0,Av. Sensorial,P2,2026-08
Benfica,2026-08-10,Café,ESPECIAL,Achocolatado,4.0,4.0,4.0,4.0,4.0,8.0,Av. Sensorial,B,2026-08
Benfica,2026-08-10,Café,ESPECIAL VEG,Achocolatado vegano ,4.0,4.0,4.0,4.0,4.0,8.0,Av. Sensorial,B,2026-08
Labomar,2026-08-10,Almoço,PV,Isca de Carne Chinesa,5.0,3.0,3.0,4.0,3.0,7.4,Av. Sensorial,L,2026-08
Labomar,2026-08-10,Almoço,PB,Sobrecoxa com Gergelim,5.0,4.0,5.0,4.0,5.0,9.2,Av. Sensorial,L,2026-08
Labomar,2026-08-10,Almoço,VEG,Estrogonofe de Legumes,5.0,4.0,5.0,5.0,5.0,9.6,Av. Sensorial,L,2026-08
Pici 1,2026-08-10,Almoço,PV,Isca de Carne Chinesa,4.0,4.0,4.0,4.0,4.0,8.0,Av. Sensorial,P1,2026-08
Pici 1,2026-08-10,Almoço,PB,Sobrecoxa com Gergelim,4.0,4.0,4.0,4.0,4.0,8.0,Av. Sensorial,P1,2026-08
Pici 1,2026-08-10,Almoço,VEG,Estrogonofe de Legumes,4.0,4.0,4.0,4.0,4.0,8.0,Av. Sensorial,P1,2026-08
Pici 1,2026-08-10,Almoço,PV,Isca de Carne Chinesa,4.0,4.0,4.0,4.0,4.0,8.0,Av. Sensorial,P1,2026-08
Pici 1,2026-08-10,Almoço,PB,Sobrecoxa com Gergelim,4.0,4.0,4.0,4.0,4.0,8.0,Av. Sensorial,P1,2026-08
Pici 1,2026-08-10,Almoço,VEG,Estrogonofe de Legumes,4.0,4.0,4.0,4.0,4.0,8.0,Av. Sensorial,P1,2026-08
Benfica,2026-08-07,Almoço,PV,Carne do Sol,4.0,4.0,4.0,4.0,4.0,8.0,Av. Sensorial,B,2026-08
Benfica,2026-08-07,Almoço,PB,Peixe Assado,4.0,4.0,4.0,4.0,4.0,8.0,Av. Sensorial,B,2026-08
Benfica,2026-08-07,Almoço,VEG,Refogado  de Soja,4.0,4.0,4.0,4.0,4.0,8.0,Av. Sensorial,B,2026-08
Benfica,2026-08-10,Almoço,PV,Isca de Carne Chinesa,4.0,3.0,3.0,4.0,3.0,6.8,Av. Sensorial,B,2026-08
Benfica,2026-08-10,Almoço,PB,Sobrecoxa com Gergelim,5.0,5.0,5.0,5.0,5.0,10.0,Av. Sensorial,B,2026-08
Benfica,2026-08-10,Almoço,VEG,Estrogonofe de Legumes,5.0,5.0,5.0,5.0,5.0,10.0,Av. Sensorial,B,2026-08
Pici 2,2026-08-10,Almoço,PV,Isca de Carne Chinesa,4.0,3.0,4.0,4.0,4.0,7.4,Av. Sensorial,P2,2026-08
Pici 2,2026-08-10,Almoço,PB,Sobrecoxa com Gergelim,4.0,4.0,4.0,4.0,4.0,8.0,Av. Sensorial,P2,2026-08
Pici 2,2026-08-10,Almoço,VEG,Estrogonofe de Legumes,4.0,4.0,4.0,4.0,4.0,8.0,Av. Sensorial,P2,2026-08
Porangabussu,2026-08-10,Almoço,PV,Isca de Carne Chinesa,4.0,3.0,4.0,4.0,4.0,7.4,Av. Sensorial,PO,2026-08
Porangabussu,2026-08-10,Almoço,PB,Sobrecoxa com Gergelim,4.0,4.0,4.0,4.0,4.0,8.0,Av. Sensorial,PO,2026-08
Porangabussu,2026-08-10,Almoço,VEG,Estrogonofe de Legumes,4.0,4.0,4.0,4.0,4.0,8.0,Av. Sensorial,PO,2026-08
Porangabussu,2026-08-10,Almoço,PV,Isca de Carne Chinesa,4.0,3.0,4.0,4.0,4.0,7.4,Av. Sensorial,PO,2026-08
Porangabussu,2026-08-10,Almoço,PB,Sobrecoxa com Gergelim,4.0,4.0,4.0,4.0,4.0,8.0,Av. Sensorial,PO,2026-08
Porangabussu,2026-08-10,Almoço,VEG,Estrogonofe de Legumes,4.0,4.0,4.0,4.0,4.0,8.0,Av. Sensorial,PO,2026-08
Pici 2,2026-08-10,Almoço,PV,Isca de Carne Chinesa,4.0,3.0,3.0,4.0,3.0,6.8,Av. Sensorial,P2,2026-08
Pici 2,2026-08-10,Almoço,PB,Sobrecoxa com Gergelim,4.0,4.0,4.0,4.0,4.0,8.0,Av. Sensorial,P2,2026-08
Pici 2,2026-08-10,Almoço,VEG,Estrogonofe de Legumes,4.0,4.0,4.0,4.0,4.0,8.0,Av. Sensorial,P2,2026-08
Benfica,2026-08-10,Almoço,PV,Isca de Carne Chinesa,3.0,3.0,3.0,4.0,3.0,6.2,Av. Sensorial,B,2026-08
Benfica,2026-08-10,Almoço,PB,Sobrecoxa com Gergelim,4.0,3.0,4.0,4.0,4.0,7.4,Av. Sensorial,B,2026-08
Benfica,2026-08-10,Almoço,VEG,Estrogonofe de Legumes,4.0,4.0,4.0,4.0,4.0,8.0,Av. Sensorial,B,2026-08
Benfica,2026-08-10,Jantar,PV,Paçoca de Carne,4.0,4.0,4.0,4.0,4.0,8.0,Av. Sensorial,B,2026-08
Benfica,2026-08-10,Jantar,PB,Isca de Frango Acebolado,4.0,4.0,4.0,4.0,4.0,8.0,Av. Sensorial,B,2026-08
Benfica,2026-08-10,Jantar,VEG,Yakissoba Vegetariano,4.0,4.0,4.0,4.0,4.0,8.0,Av. Sensorial,B,2026-08
Benfica,2026-08-10,Jantar,PV,Paçoca de Carne,4.0,4.0,4.0,4.0,4.0,8.0,Av. Sensorial,B,2026-08
Benfica,2026-08-10,Jantar,PB,Isca de Frango Acebolado,3.0,3.0,4.0,4.0,4.0,6.8,Av. Sensorial,B,2026-08
Benfica,2026-08-10,Jantar,VEG,Yakissoba Vegetariano,4.0,4.0,4.0,4.0,4.0,8.0,Av. Sensorial,B,2026-08
Pici 1,2026-08-10,Jantar,PV,Paçoca de Carne,3.0,3.0,4.0,4.0,3.0,6.6,Av. Sensorial,P1,2026-08
Pici 1,2026-08-10,Jantar,PB,Isca de Frango Acebolado,3.0,3.0,3.0,4.0,3.0,6.2,Av. Sensorial,P1,2026-08
Pici 1,2026-08-10,Jantar,VEG,Yakissoba Vegetariano,4.0,4.0,3.0,4.0,4.0,7.4,Av. Sensorial,P1,2026-08
Pici 2,2026-08-11,Café,ESPECIAL,Queijo ,4.0,4.0,4.0,4.0,4.0,8.0,Av. Sensorial,P2,2026-08
Pici 2,2026-08-11,Café,ESPECIAL VEG,Granola,4.0,4.0,4.0,4.0,4.0,8.0,Av. Sensorial,P2,2026-08
Pici 2,2026-08-11,Café,ESPECIAL,Queijo ,4.0,4.0,4.0,4.0,4.0,8.0,Av. Sensorial,P2,2026-08
Porangabussu,2026-08-11,Café,ESPECIAL,Queijo ,4.0,4.0,4.0,4.0,4.0,8.0,Av. Sensorial,PO,2026-08
Pici 1,2026-08-11,Almoço,PV,Suíno à Carioca,4.0,4.0,4.0,4.0,4.0,8.0,Av. Sensorial,P1,2026-08
Pici 1,2026-08-11,Almoço,PB,Cubos de Frango ao M. de Ervas,4.0,4.0,4.0,4.0,4.0,8.0,Av. Sensorial,P1,2026-08
Pici 1,2026-08-11,Almoço,VEG,Assado de Grão de Bico,,,,,,0.0,Av. Sensorial,P1,2026-08
Pici 2,2026-08-11,Almoço,PV,Suíno à Carioca,4.0,4.0,4.0,4.0,4.0,8.0,Av. Sensorial,P2,2026-08
Pici 2,2026-08-11,Almoço,PB,Cubos de Frango ao M. de Ervas,4.0,4.0,4.0,4.0,4.0,8.0,Av. Sensorial,P2,2026-08
Pici 2,2026-08-11,Almoço,VEG,Assado de Grão de Bico,4.0,4.0,4.0,4.0,4.0,8.0,Av. Sensorial,P2,2026-08
Labomar,2026-08-11,Almoço,PV,Suíno à Carioca,4.0,4.0,4.0,4.0,4.0,8.0,Av. Sensorial,L,2026-08
Labomar,2026-08-11,Almoço,PB,Cubos de Frango ao M. de Ervas,4.0,4.0,4.0,4.0,4.0,8.0,Av. Sensorial,L,2026-08
Labomar,2026-08-11,Almoço,VEG,Assado de Grão de Bico,4.0,4.0,4.0,4.0,4.0,8.0,Av. Sensorial,L,2026-08
Benfica,2026-08-11,Almoço,PV,Suíno à Carioca,3.0,4.0,3.0,4.0,3.0,6.8,Av. Sensorial,B,2026-08
Benfica,2026-08-11,Almoço,PB,Cubos de Frango ao M. de Ervas,3.0,4.0,3.0,4.0,3.0,6.8,Av. Sensorial,B,2026-08
Benfica,2026-08-11,Almoço,VEG,Assado de Grão de Bico,3.0,4.0,3.0,4.0,3.0,6.6,Av. Sensorial,B,2026-08
Pici 1,2026-08-11,Almoço,PV,Suíno à Carioca,4.0,4.0,4.0,4.0,4.0,8.0,Av. Sensorial,P1,2026-08
Pici 1,2026-08-11,Almoço,PB,Cubos de Frango ao M. de Ervas,4.0,4.0,3.0,4.0,4.0,7.6,Av. Sensorial,P1,2026-08
Pici 1,2026-08-11,Almoço,VEG,Assado de Grão de Bico,4.0,4.0,4.0,4.0,4.0,8.0,Av. Sensorial,P1,2026-08
Porangabussu,2026-08-11,Almoço,PV,Suíno à Carioca,3.0,3.0,3.0,4.0,3.0,6.2,Av. Sensorial,PO,2026-08
Porangabussu,2026-08-11,Almoço,PB,Cubos de Frango ao M. de Ervas,3.0,3.0,3.0,4.0,3.0,6.2,Av. Sensorial,PO,2026-08
Porangabussu,2026-08-11,Almoço,VEG,Assado de Grão de Bico,4.0,3.0,2.0,4.0,3.0,6.2,Av. Sensorial,PO,2026-08
Porangabussu,2026-08-11,Almoço,PV,Suíno à Carioca,3.0,3.0,3.0,4.0,3.0,6.2,Av. Sensorial,PO,2026-08
Porangabussu,2026-08-11,Almoço,PB,Cubos de Frango ao M. de Ervas,3.0,3.0,3.0,4.0,3.0,6.2,Av. Sensorial,PO,2026-08
Porangabussu,2026-08-11,Almoço,VEG,Assado de Grão de Bico,3.0,3.0,3.0,4.0,3.0,6.2,Av. Sensorial,PO,2026-08
Pici 2,2026-08-11,Almoço,PV,Suíno à Carioca,4.0,4.0,4.0,4.0,4.0,8.0,Av. Sensorial,P2,2026-08
Pici 2,2026-08-11,Almoço,PB,Cubos de Frango ao M. de Ervas,3.0,3.0,3.0,4.0,3.0,6.2,Av. Sensorial,P2,2026-08
Pici 2,2026-08-11,Almoço,VEG,Assado de Grão de Bico,4.0,4.0,4.0,4.0,4.0,8.0,Av. Sensorial,P2,2026-08
Pici 1,2026-08-11,Jantar,PV,Jardineira de Carne Moída,3.0,4.0,4.0,4.0,4.0,7.4,Av. Sensorial,P1,2026-08
Pici 1,2026-08-11,Jantar,PB,Sobrecoxa Crocante,4.0,4.0,4.0,4.0,4.0,8.0,Av. Sensorial,P1,2026-08
Pici 1,2026-08-11,Jantar,VEG,Soja à Bolonhesa,4.0,4.0,4.0,4.0,4.0,8.0,Av. Sensorial,P1,2026-08
Benfica,2026-08-11,Almoço,PV,Suíno à Carioca,4.0,3.0,3.0,3.0,3.0,6.6,Av. Sensorial,B,2026-08
Benfica,2026-08-11,Almoço,PB,Cubos de Frango ao M. de Ervas,4.0,4.0,3.0,4.0,4.0,7.6,Av. Sensorial,B,2026-08
Benfica,2026-08-11,Almoço,VEG,Assado de Grão de Bico,4.0,4.0,3.0,4.0,4.0,7.4,Av. Sensorial,B,2026-08
Benfica,2026-08-11,Jantar,PV,Jardineira de Carne Moída,3.0,4.0,4.0,4.0,4.0,7.4,Av. Sensorial,B,2026-08
Benfica,2026-08-11,Jantar,PB,Sobrecoxa Crocante,4.0,4.0,4.0,4.0,4.0,8.0,Av. Sensorial,B,2026-08
Benfica,2026-08-11,Jantar,VEG,Soja à Bolonhesa,4.0,4.0,4.0,4.0,4.0,8.0,Av. Sensorial,B,2026-08
Benfica,2026-08-11,Jantar,PV,Jardineira de Carne Moída,3.0,3.0,3.0,4.0,3.0,6.2,Av. Sensorial,B,2026-08
Benfica,2026-08-11,Jantar,PB,Sobrecoxa Crocante,4.0,3.0,4.0,4.0,4.0,7.4,Av. Sensorial,B,2026-08
Benfica,2026-08-11,Jantar,VEG,Soja à Bolonhesa,4.0,4.0,3.0,4.0,4.0,7.4,Av. Sensorial,B,2026-08
Benfica,2026-08-12,Café,ESPECIAL,Ovos Mexidos,4.0,3.0,3.0,4.0,3.0,6.666666666666667,Av. Sensorial,B,2026-08
Benfica,2026-08-12,Café,ESPECIAL VEG,Pasta de Amendoim,4.0,4.0,4.0,4.0,4.0,8.0,Av. Sensorial,B,2026-08
Pici 2,2026-08-12,Café,ESPECIAL,Ovos Mexidos,4.0,3.0,3.0,4.0,3.0,6.666666666666667,Av. Sensorial,P2,2026-08
Pici 2,2026-08-12,Café,ESPECIAL VEG,Pasta de Amendoim,4.0,4.0,4.0,4.0,4.0,8.0,Av. Sensorial,P2,2026-08
Pici 2,2026-08-12,Café,ESPECIAL,Ovos Mexidos,4.0,3.0,3.0,4.0,3.0,6.666666666666667,Av. Sensorial,P2,2026-08
Pici 1,2026-08-12,Almoço,PV,Feijoada,,,,,,0.0,Av. Sensorial,P1,2026-08
Pici 1,2026-08-12,Almoço,PB,Sobrecoxa Assada,,,,,,0.0,Av. Sensorial,P1,2026-08
Pici 1,2026-08-12,Almoço,VEG,Refogado  de Soja,,,,,,0.0,Av. Sensorial,P1,2026-08
Pici 1,2026-08-12,Almoço,PV,Feijoada,4.0,4.0,4.0,4.0,4.0,8.0,Av. Sensorial,P1,2026-08
Pici 1,2026-08-12,Almoço,PB,Sobrecoxa Assada,4.0,4.0,4.0,4.0,4.0,8.0,Av. Sensorial,P1,2026-08
Pici 1,2026-08-12,Almoço,VEG,Refogado  de Soja,4.0,4.0,4.0,3.0,4.0,7.8,Av. Sensorial,P1,2026-08
Pici 2,2026-08-12,Almoço,PV,Feijoada,4.0,4.0,4.0,4.0,4.0,8.0,Av. Sensorial,P2,2026-08
Pici 2,2026-08-12,Almoço,PB,Sobrecoxa Assada,4.0,4.0,4.0,4.0,4.0,8.0,Av. Sensorial,P2,2026-08
Pici 2,2026-08-12,Almoço,VEG,Refogado  de Soja,4.0,4.0,4.0,4.0,4.0,8.0,Av. Sensorial,P2,2026-08
Pici 2,2026-08-12,Almoço,PV,Feijoada,4.0,4.0,4.0,4.0,4.0,8.0,Av. Sensorial,P2,2026-08
Pici 2,2026-08-12,Almoço,PB,Sobrecoxa Assada,4.0,4.0,4.0,4.0,4.0,8.0,Av. Sensorial,P2,2026-08
Pici 2,2026-08-12,Almoço,VEG,Refogado  de Soja,4.0,4.0,4.0,4.0,4.0,8.0,Av. Sensorial,P2,2026-08
Porangabussu,2026-08-12,Almoço,PV,Feijoada,4.0,4.0,4.0,4.0,4.0,8.0,Av. Sensorial,PO,2026-08
Porangabussu,2026-08-12,Almoço,PB,Sobrecoxa Assada,4.0,4.0,3.0,4.0,4.0,7.6,Av. Sensorial,PO,2026-08
Porangabussu,2026-08-12,Almoço,VEG,Refogado  de Soja,3.0,4.0,3.0,4.0,3.0,6.6,Av. Sensorial,PO,2026-08
Porangabussu,2026-08-12,Almoço,PV,Feijoada,4.0,4.0,4.0,4.0,4.0,8.0,Av. Sensorial,PO,2026-08
Porangabussu,2026-08-12,Almoço,PB,Sobrecoxa Assada,4.0,4.0,4.0,4.0,4.0,8.0,Av. Sensorial,PO,2026-08
Porangabussu,2026-08-12,Almoço,VEG,Refogado  de Soja,4.0,4.0,4.0,4.0,4.0,8.0,Av. Sensorial,PO,2026-08
Pici 1,2026-08-12,Jantar,PV,Estrogonofe de Carne,4.0,4.0,4.0,4.0,4.0,8.0,Av. Sensorial,P1,2026-08
Pici 1,2026-08-12,Jantar,PB,Cubos de Frango ao M. de Legumes,4.0,4.0,4.0,4.0,4.0,8.0,Av. Sensorial,P1,2026-08
Pici 1,2026-08-12,Jantar,VEG,Almôndegas de Lentilha,4.0,4.0,4.0,4.0,4.0,8.0,Av. Sensorial,P1,2026-08
Benfica,2026-08-12,Almoço,PV,Feijoada,4.0,4.0,4.0,4.0,4.0,8.0,Av. Sensorial,B,2026-08
Benfica,2026-08-12,Almoço,PB,Sobrecoxa Assada,4.0,4.0,4.0,4.0,4.0,8.0,Av. Sensorial,B,2026-08
Benfica,2026-08-12,Almoço,VEG,Refogado  de Soja,4.0,4.0,4.0,4.0,4.0,8.0,Av. Sensorial,B,2026-08
Benfica,2026-08-12,Jantar,PV,Estrogonofe de Carne,4.0,4.0,4.0,4.0,4.0,8.0,Av. Sensorial,B,2026-08
Benfica,2026-08-12,Jantar,PB,Cubos de Frango ao M. de Legumes,4.0,4.0,4.0,4.0,4.0,8.0,Av. Sensorial,B,2026-08
Benfica,2026-08-12,Jantar,VEG,Almôndegas de Lentilha,4.0,4.0,4.0,4.0,4.0,8.0,Av. Sensorial,B,2026-08
Benfica,2026-08-13,Café,ESPECIAL,Iogurte ,4.0,4.0,4.0,4.0,4.0,8.0,Av. Sensorial,B,2026-08
Benfica,2026-08-13,Café,ESPECIAL VEG,Similar a Iogurte Vegano,4.0,4.0,4.0,4.0,4.0,8.0,Av. Sensorial,B,2026-08
Pici 2,2026-08-13,Café,ESPECIAL,Iogurte ,4.0,4.0,4.0,4.0,4.0,8.0,Av. Sensorial,P2,2026-08
Pici 2,2026-08-13,Café,ESPECIAL VEG,Similar a Iogurte Vegano,4.0,4.0,4.0,4.0,4.0,8.0,Av. Sensorial,P2,2026-08
Pici 1,2026-08-13,Almoço,PV,Carne Moída Refogada,4.0,4.0,4.0,4.0,4.0,8.0,Av. Sensorial,P1,2026-08
Pici 1,2026-08-13,Almoço,PB,Cubos de Frango ao M. de Tomate,4.0,4.0,4.0,4.0,4.0,8.0,Av. Sensorial,P1,2026-08
Pici 1,2026-08-13,Almoço,VEG,Guisado de Lentilha,4.0,3.0,4.0,4.0,4.0,7.6,Av. Sensorial,P1,2026-08
Benfica,2026-08-12,Almoço,PV,Feijoada,4.0,4.0,4.0,4.0,4.0,8.0,Av. Sensorial,B,2026-08
Benfica,2026-08-12,Almoço,PB,Sobrecoxa Assada,4.0,4.0,4.0,4.0,4.0,8.0,Av. Sensorial,B,2026-08
Benfica,2026-08-12,Almoço,VEG,Refogado  de Soja,4.0,4.0,4.0,4.0,4.0,8.0,Av. Sensorial,B,2026-08
Benfica,2026-08-13,Almoço,PV,Carne Moída Refogada,3.0,4.0,3.0,4.0,3.0,6.8,Av. Sensorial,B,2026-08
Benfica,2026-08-13,Almoço,PB,Cubos de Frango ao M. de Tomate,4.0,4.0,4.0,4.0,4.0,8.0,Av. Sensorial,B,2026-08
Benfica,2026-08-13,Almoço,VEG,Guisado de Lentilha,4.0,4.0,4.0,4.0,4.0,8.0,Av. Sensorial,B,2026-08
Pici 2,2026-08-13,Café,ESPECIAL,Iogurte ,4.0,4.0,4.0,4.0,4.0,8.0,Av. Sensorial,P2,2026-08
Pici 2,2026-08-13,Almoço,PV,Carne Moída Refogada,4.0,4.0,4.0,4.0,4.0,8.0,Av. Sensorial,P2,2026-08
Pici 2,2026-08-13,Almoço,PB,Cubos de Frango ao M. de Tomate,4.0,4.0,4.0,4.0,4.0,8.0,Av. Sensorial,P2,2026-08
Pici 2,2026-08-13,Almoço,VEG,Guisado de Lentilha,4.0,4.0,4.0,4.0,4.0,8.0,Av. Sensorial,P2,2026-08
Benfica,2026-08-13,Café,ESPECIAL VEG,Similar a Iogurte Vegano,4.0,4.0,4.0,4.0,4.0,8.0,Av. Sensorial,B,2026-08
Porangabussu,2026-08-13,Almoço,PV,Carne Moída Refogada,3.0,4.0,3.0,4.0,3.0,6.8,Av. Sensorial,PO,2026-08
Porangabussu,2026-08-13,Almoço,PB,Cubos de Frango ao M. de Tomate,4.0,4.0,3.0,4.0,4.0,7.6,Av. Sensorial,PO,2026-08
Porangabussu,2026-08-13,Almoço,VEG,Guisado de Lentilha,4.0,3.0,4.0,4.0,4.0,7.6,Av. Sensorial,PO,2026-08
Porangabussu,2026-08-13,Almoço,PV,Carne Moída Refogada,4.0,4.0,3.0,4.0,4.0,7.6,Av. Sensorial,PO,2026-08
Porangabussu,2026-08-13,Almoço,PB,Cubos de Frango ao M. de Tomate,4.0,4.0,3.0,4.0,4.0,7.6,Av. Sensorial,PO,2026-08
Porangabussu,2026-08-13,Almoço,VEG,Guisado de Lentilha,3.0,3.0,3.0,4.0,3.0,6.2,Av. Sensorial,PO,2026-08
Pici 1,2026-08-13,Almoço,PV,Carne Moída Refogada,4.0,4.0,4.0,4.0,4.0,8.0,Av. Sensorial,P1,2026-08
Pici 1,2026-08-13,Almoço,PB,Cubos de Frango ao M. de Tomate,4.0,4.0,4.0,4.0,4.0,8.0,Av. Sensorial,P1,2026-08
Pici 1,2026-08-13,Almoço,VEG,Guisado de Lentilha,4.0,4.0,4.0,4.0,4.0,8.0,Av. Sensorial,P1,2026-08
Pici 1,2026-08-13,Jantar,PV,Isca de Carne Acebolada,4.0,4.0,4.0,4.0,4.0,8.0,Av. Sensorial,P1,2026-08
Pici 1,2026-08-13,Jantar,PB,Peixe Assado,3.0,4.0,4.0,4.0,4.0,7.4,Av. Sensorial,P1,2026-08
Pici 1,2026-08-13,Jantar,VEG,Vatapá Vegano,4.0,4.0,4.0,4.0,4.0,8.0,Av. Sensorial,P1,2026-08
Benfica,2026-08-13,Almoço,PV,Carne Moída Refogada,4.0,4.0,4.0,4.0,4.0,8.0,Av. Sensorial,B,2026-08
Benfica,2026-08-13,Almoço,PB,Cubos de Frango ao M. de Tomate,4.0,4.0,4.0,4.0,4.0,8.0,Av. Sensorial,B,2026-08
Benfica,2026-08-13,Almoço,VEG,Guisado de Lentilha,4.0,4.0,4.0,4.0,4.0,8.0,Av. Sensorial,B,2026-08
Benfica,2026-08-13,Jantar,PV,Isca de Carne Acebolada,4.0,4.0,4.0,4.0,4.0,8.0,Av. Sensorial,B,2026-08
Benfica,2026-08-13,Jantar,PB,Peixe Assado,4.0,4.0,4.0,4.0,4.0,8.0,Av. Sensorial,B,2026-08
Benfica,2026-08-13,Jantar,VEG,Vatapá Vegano,4.0,4.0,4.0,4.0,4.0,8.0,Av. Sensorial,B,2026-08
Benfica,2026-08-13,Almoço,PV,Carne Moída Refogada,3.0,3.0,3.0,4.0,3.0,6.2,Av. Sensorial,B,2026-08
Benfica,2026-08-13,Almoço,PB,Cubos de Frango ao M. de Tomate,4.0,4.0,4.0,4.0,4.0,8.0,Av. Sensorial,B,2026-08
Benfica,2026-08-13,Almoço,VEG,Guisado de Lentilha,4.0,4.0,4.0,4.0,4.0,8.0,Av. Sensorial,B,2026-08
Benfica,2026-08-14,Café,ESPECIAL,Frango Desfiado,4.0,4.0,4.0,4.0,4.0,8.0,Av. Sensorial,B,2026-08
Benfica,2026-08-14,Café,ESPECIAL VEG,Geleia,4.0,4.0,4.0,4.0,4.0,8.0,Av. Sensorial,B,2026-08
Pici 2,2026-08-14,Café,ESPECIAL,Frango Desfiado,4.0,4.0,4.0,4.0,4.0,8.0,Av. Sensorial,P2,2026-08
Labomar,2026-08-13,Almoço,PV,Carne Moída Refogada,4.0,4.0,4.0,4.0,4.0,8.0,Av. Sensorial,L,2026-08
Labomar,2026-08-13,Almoço,PB,Cubos de Frango ao M. de Tomate,4.0,4.0,4.0,4.0,4.0,8.0,Av. Sensorial,L,2026-08
Labomar,2026-08-13,Almoço,VEG,Guisado de Lentilha,4.0,4.0,4.0,4.0,4.0,8.0,Av. Sensorial,L,2026-08
Benfica,2026-08-14,Almoço,PV,Dobradinha,3.0,4.0,4.0,4.0,4.0,7.4,Av. Sensorial,B,2026-08
Benfica,2026-08-14,Almoço,PB,Sobrecoxa Desossada,4.0,4.0,4.0,4.0,4.0,8.0,Av. Sensorial,B,2026-08
Benfica,2026-08-14,Almoço,VEG,Jardineira de Soja,4.0,4.0,4.0,4.0,4.0,8.0,Av. Sensorial,B,2026-08
Labomar,2026-08-14,Almoço,PV,Dobradinha,2.0,4.0,3.0,4.0,3.0,6.2,Av. Sensorial,L,2026-08
Labomar,2026-08-14,Almoço,PB,Sobrecoxa Desossada,4.0,4.0,4.0,4.0,4.0,8.0,Av. Sensorial,L,2026-08
Labomar,2026-08-14,Almoço,VEG,Jardineira de Soja,4.0,4.0,3.0,4.0,4.0,7.4,Av. Sensorial,L,2026-08
Pici 2,2026-08-13,Almoço,PV,Carne Moída Refogada,4.0,4.0,4.0,4.0,4.0,8.0,Av. Sensorial,P2,2026-08
Pici 2,2026-08-13,Almoço,PB,Cubos de Frango ao M. de Tomate,4.0,4.0,4.0,4.0,4.0,8.0,Av. Sensorial,P2,2026-08
Pici 2,2026-08-13,Almoço,VEG,Guisado de Lentilha,4.0,4.0,4.0,4.0,4.0,8.0,Av. Sensorial,P2,2026-08
Pici 2,2026-08-14,Café,ESPECIAL,Frango Desfiado,4.0,4.0,4.0,4.0,4.0,8.0,Av. Sensorial,P2,2026-08
Pici 2,2026-08-14,Café,ESPECIAL VEG,Geleia,4.0,4.0,4.0,4.0,4.0,8.0,Av. Sensorial,P2,2026-08
Pici 2,2026-08-14,Almoço,PV,Dobradinha,4.0,4.0,4.0,4.0,4.0,8.0,Av. Sensorial,P2,2026-08
Pici 2,2026-08-14,Almoço,PB,Sobrecoxa Desossada,4.0,4.0,4.0,4.0,4.0,8.0,Av. Sensorial,P2,2026-08
Pici 2,2026-08-14,Almoço,VEG,Jardineira de Soja,4.0,4.0,4.0,4.0,4.0,8.0,Av. Sensorial,P2,2026-08
Pici 2,2026-08-14,Almoço,PB,Sobrecoxa Desossada,4.0,4.0,4.0,4.0,4.0,8.0,Av. Sensorial,P2,2026-08
Porangabussu,2026-08-14,Almoço,PV,Dobradinha,4.0,4.0,4.0,4.0,4.0,8.0,Av. Sensorial,PO,2026-08
Porangabussu,2026-08-14,Almoço,PB,Sobrecoxa Desossada,4.0,4.0,4.0,4.0,4.0,8.0,Av. Sensorial,PO,2026-08
Porangabussu,2026-08-14,Almoço,VEG,Jardineira de Soja,4.0,4.0,3.0,4.0,4.0,7.4,Av. Sensorial,PO,2026-08
Porangabussu,2026-08-14,Almoço,PV,Dobradinha,4.0,4.0,4.0,4.0,4.0,8.0,Av. Sensorial,PO,2026-08
Porangabussu,2026-08-14,Almoço,PB,Sobrecoxa Desossada,4.0,4.0,4.0,4.0,4.0,8.0,Av. Sensorial,PO,2026-08
Porangabussu,2026-08-14,Almoço,VEG,Jardineira de Soja,3.0,4.0,4.0,4.0,4.0,7.4,Av. Sensorial,PO,2026-08
Pici 1,2026-08-14,Almoço,PV,Dobradinha,4.0,4.0,4.0,4.0,4.0,8.0,Av. Sensorial,P1,2026-08
Pici 1,2026-08-14,Almoço,PB,Sobrecoxa Desossada,4.0,4.0,4.0,4.0,4.0,8.0,Av. Sensorial,P1,2026-08
Pici 1,2026-08-14,Almoço,VEG,Jardineira de Soja,4.0,4.0,3.0,4.0,4.0,7.4,Av. Sensorial,P1,2026-08
Pici 1,2026-08-14,Almoço,PV,Dobradinha,4.0,4.0,4.0,4.0,4.0,8.0,Av. Sensorial,P1,2026-08
Pici 1,2026-08-14,Almoço,PB,Sobrecoxa Desossada,4.0,4.0,4.0,4.0,4.0,8.0,Av. Sensorial,P1,2026-08
Pici 1,2026-08-14,Almoço,VEG,Jardineira de Soja,4.0,4.0,3.0,4.0,4.0,7.4,Av. Sensorial,P1,2026-08
Benfica,2026-08-14,Almoço,PV,Dobradinha,4.0,3.0,4.0,4.0,4.0,7.4,Av. Sensorial,B,2026-08
Benfica,2026-08-14,Almoço,PB,Sobrecoxa Desossada,4.0,4.0,4.0,4.0,4.0,8.0,Av. Sensorial,B,2026-08
Benfica,2026-08-14,Almoço,VEG,Jardineira de Soja,4.0,4.0,4.0,4.0,4.0,8.0,Av. Sensorial,B,2026-08
Benfica,2026-08-14,Jantar,PV,Suíno ao Molho Barbecue,3.0,4.0,4.0,4.0,3.0,7.2,Av. Sensorial,B,2026-08
Benfica,2026-08-14,Jantar,PB,Escondidinho de Frango,4.0,4.0,3.0,4.0,4.0,7.6,Av. Sensorial,B,2026-08
Benfica,2026-08-14,Jantar,VEG,Escondidinho de Legumes,4.0,4.0,4.0,4.0,4.0,8.0,Av. Sensorial,B,2026-08
Benfica,2026-08-14,Jantar,PV,Suíno ao Molho Barbecue,3.0,4.0,2.0,4.0,4.0,6.6,Av. Sensorial,B,2026-08
Benfica,2026-08-14,Jantar,PB,Escondidinho de Frango,3.0,3.0,4.0,4.0,4.0,6.8,Av. Sensorial,B,2026-08
Benfica,2026-08-14,Jantar,VEG,Escondidinho de Legumes,4.0,4.0,4.0,4.0,4.0,8.0,Av. Sensorial,B,2026-08
Pici 1,2026-08-14,Jantar,PV,Suíno ao Molho Barbecue,3.0,4.0,4.0,4.0,3.0,7.2,Av. Sensorial,P1,2026-08
Pici 1,2026-08-14,Jantar,PB,Escondidinho de Frango,4.0,4.0,4.0,4.0,4.0,8.0,Av. Sensorial,P1,2026-08
Pici 1,2026-08-14,Jantar,VEG,Escondidinho de Legumes,4.0,4.0,4.0,4.0,4.0,8.0,Av. Sensorial,P1,2026-08
Benfica,2026-08-17,Café,ESPECIAL,Mingau ,4.0,4.0,4.0,4.0,4.0,8.0,Av. Sensorial,B,2026-08
Benfica,2026-08-17,Café,ESPECIAL VEG,Achocolatado vegano ,4.0,4.0,4.0,4.0,4.0,8.0,Av. Sensorial,B,2026-08
Pici 2,2026-08-17,Café,ESPECIAL,Mingau ,4.0,4.0,4.0,4.0,4.0,8.0,Av. Sensorial,P2,2026-08
Pici 2,2026-08-17,Café,ESPECIAL VEG,Achocolatado vegano ,4.0,4.0,4.0,4.0,4.0,8.0,Av. Sensorial,P2,2026-08
Labomar,2026-08-17,Almoço,PV,Cozido Bovino à Calabresa,3.0,3.0,3.0,3.0,3.0,6.0,Av. Sensorial,L,2026-08
Labomar,2026-08-17,Almoço,PB,Cubos de Frango ao Molho Mostarda,4.0,4.0,4.0,4.0,4.0,8.0,Av. Sensorial,L,2026-08
Labomar,2026-08-17,Almoço,VEG,Yakissoba Vegetariano,4.0,4.0,3.0,4.0,4.0,7.4,Av. Sensorial,L,2026-08
Pici 1,2026-08-17,Almoço,PV,Cozido Bovino à Calabresa,3.0,4.0,4.0,4.0,4.0,7.4,Av. Sensorial,P1,2026-08
Pici 1,2026-08-17,Almoço,PB,Cubos de Frango ao Molho Mostarda,3.0,3.0,4.0,4.0,4.0,6.8,Av. Sensorial,P1,2026-08
Pici 1,2026-08-17,Almoço,VEG,Yakissoba Vegetariano,4.0,4.0,4.0,4.0,4.0,8.0,Av. Sensorial,P1,2026-08
Pici 2,2026-08-17,Almoço,PV,Cozido Bovino à Calabresa,3.0,2.0,3.0,4.0,3.0,5.6,Av. Sensorial,P2,2026-08
Pici 2,2026-08-17,Almoço,PB,Cubos de Frango ao Molho Mostarda,4.0,4.0,4.0,4.0,4.0,8.0,Av. Sensorial,P2,2026-08
Pici 2,2026-08-17,Almoço,VEG,Yakissoba Vegetariano,4.0,4.0,4.0,4.0,4.0,8.0,Av. Sensorial,P2,2026-08
Pici 2,2026-08-17,Almoço,PV,Cozido Bovino à Calabresa,3.0,3.0,4.0,4.0,4.0,6.8,Av. Sensorial,P2,2026-08
Pici 2,2026-08-17,Almoço,PB,Cubos de Frango ao Molho Mostarda,4.0,4.0,4.0,4.0,4.0,8.0,Av. Sensorial,P2,2026-08
Pici 2,2026-08-17,Almoço,VEG,Yakissoba Vegetariano,4.0,4.0,4.0,4.0,4.0,8.0,Av. Sensorial,P2,2026-08
Porangabussu,2026-08-17,Almoço,PV,Cozido Bovino à Calabresa,,,,,,0.0,Av. Sensorial,PO,2026-08
Porangabussu,2026-08-17,Almoço,PB,Cubos de Frango ao Molho Mostarda,,,,,,0.0,Av. Sensorial,PO,2026-08
Porangabussu,2026-08-17,Almoço,VEG,Yakissoba Vegetariano,,,,,,0.0,Av. Sensorial,PO,2026-08
Porangabussu,2026-08-17,Almoço,PV,Cozido Bovino à Calabresa,3.0,3.0,3.0,4.0,3.0,6.2,Av. Sensorial,PO,2026-08
Porangabussu,2026-08-17,Almoço,PB,Cubos de Frango ao Molho Mostarda,4.0,4.0,3.0,4.0,4.0,7.6,Av. Sensorial,PO,2026-08
Porangabussu,2026-08-17,Almoço,VEG,Yakissoba Vegetariano,4.0,4.0,4.0,4.0,4.0,8.0,Av. Sensorial,PO,2026-08
Pici 1,2026-08-17,Almoço,PV,Cozido Bovino à Calabresa,3.0,3.0,4.0,3.0,3.0,6.4,Av. Sensorial,P1,2026-08
Pici 1,2026-08-17,Almoço,PB,Cubos de Frango ao Molho Mostarda,4.0,4.0,3.0,4.0,4.0,7.6,Av. Sensorial,P1,2026-08
Pici 1,2026-08-17,Almoço,VEG,Yakissoba Vegetariano,4.0,4.0,4.0,4.0,4.0,8.0,Av. Sensorial,P1,2026-08
Pici 1,2026-08-17,Almoço,PV,Cozido Bovino à Calabresa,2.0,3.0,4.0,3.0,3.0,5.8,Av. Sensorial,P1,2026-08
Pici 1,2026-08-17,Almoço,PB,Cubos de Frango ao Molho Mostarda,3.0,4.0,4.0,3.0,4.0,7.2,Av. Sensorial,P1,2026-08
Benfica,2026-08-17,Almoço,PV,Cozido Bovino à Calabresa,4.0,3.0,4.0,4.0,4.0,7.4,Av. Sensorial,B,2026-08
Benfica,2026-08-17,Almoço,PB,Cubos de Frango ao Molho Mostarda,3.0,4.0,4.0,4.0,4.0,7.4,Av. Sensorial,B,2026-08
Benfica,2026-08-17,Almoço,VEG,Yakissoba Vegetariano,4.0,4.0,4.0,4.0,4.0,8.0,Av. Sensorial,B,2026-08
Pici 1,2026-08-17,Jantar,PV,Cubo suíno acebolado,4.0,4.0,4.0,4.0,4.0,8.0,Av. Sensorial,P1,2026-08
Pici 1,2026-08-17,Jantar,PB,Sobrecoxa Desossada ao M.Ervas,4.0,4.0,3.0,4.0,4.0,7.6,Av. Sensorial,P1,2026-08
Pici 1,2026-08-17,Jantar,VEG,Bolinho de Ervilha com Aveia,3.0,4.0,4.0,4.0,4.0,7.4,Av. Sensorial,P1,2026-08
Pici 1,2026-08-17,Jantar,PV,Cubo suíno acebolado,4.0,4.0,4.0,4.0,4.0,8.0,Av. Sensorial,P1,2026-08
Pici 1,2026-08-17,Jantar,PB,Sobrecoxa Desossada ao M.Ervas,4.0,4.0,3.0,4.0,4.0,7.6,Av. Sensorial,P1,2026-08
Pici 1,2026-08-17,Jantar,VEG,Bolinho de Ervilha com Aveia,4.0,4.0,4.0,4.0,4.0,8.0,Av. Sensorial,P1,2026-08
Benfica,2026-08-17,Almoço,PV,Cozido Bovino à Calabresa,3.0,3.0,4.0,4.0,3.0,6.6,Av. Sensorial,B,2026-08
Benfica,2026-08-17,Almoço,PB,Cubos de Frango ao Molho Mostarda,4.0,4.0,4.0,4.0,4.0,8.0,Av. Sensorial,B,2026-08
Benfica,2026-08-17,Almoço,VEG,Yakissoba Vegetariano,4.0,4.0,4.0,4.0,4.0,8.0,Av. Sensorial,B,2026-08
Benfica,2026-08-17,Jantar,PV,Cubo suíno acebolado,4.0,4.0,4.0,4.0,4.0,8.0,Av. Sensorial,B,2026-08
Benfica,2026-08-17,Jantar,PB,Sobrecoxa Desossada ao M.Ervas,4.0,4.0,4.0,4.0,4.0,8.0,Av. Sensorial,B,2026-08
Benfica,2026-08-17,Jantar,VEG,Bolinho de Ervilha com Aveia,4.0,4.0,4.0,4.0,4.0,8.0,Av. Sensorial,B,2026-08
Benfica,2026-08-17,Jantar,PV,Cubo suíno acebolado,4.0,4.0,4.0,4.0,4.0,8.0,Av. Sensorial,B,2026-08
Benfica,2026-08-17,Jantar,PB,Sobrecoxa Desossada ao M.Ervas,4.0,4.0,4.0,4.0,4.0,8.0,Av. Sensorial,B,2026-08
Benfica,2026-08-17,Jantar,VEG,Bolinho de Ervilha com Aveia,4.0,4.0,3.0,4.0,4.0,7.4,Av. Sensorial,B,2026-08
Benfica,2026-08-18,Café,ESPECIAL,Queijo ,4.0,4.0,4.0,4.0,4.0,8.0,Av. Sensorial,B,2026-08
Benfica,2026-08-18,Café,ESPECIAL VEG,Granola,4.0,4.0,4.0,4.0,4.0,8.0,Av. Sensorial,B,2026-08
Pici 2,2026-08-18,Café,ESPECIAL,Queijo ,4.0,4.0,4.0,4.0,4.0,8.0,Av. Sensorial,P2,2026-08
Pici 2,2026-08-18,Café,ESPECIAL VEG,Granola,4.0,4.0,4.0,4.0,4.0,8.0,Av. Sensorial,P2,2026-08
Pici 2,2026-08-18,Café,ESPECIAL,Queijo ,4.0,4.0,4.0,4.0,4.0,8.0,Av. Sensorial,P2,2026-08
Pici 2,2026-08-18,Almoço,PV,Paçoca de Carne,4.0,4.0,4.0,4.0,4.0,8.0,Av. Sensorial,P2,2026-08
Pici 2,2026-08-18,Almoço,PB,Sobrecoxa Assada,4.0,4.0,4.0,4.0,4.0,8.0,Av. Sensorial,P2,2026-08
Pici 2,2026-08-18,Almoço,VEG,Estrogonofe de Grão de Bico,4.0,4.0,4.0,4.0,4.0,8.0,Av. Sensorial,P2,2026-08
Porangabussu,2026-08-18,Almoço,PV,Paçoca de Carne,3.0,3.0,3.0,4.0,3.0,6.2,Av. Sensorial,PO,2026-08
Porangabussu,2026-08-18,Almoço,PB,Sobrecoxa Assada,4.0,4.0,3.0,4.0,4.0,7.6,Av. Sensorial,PO,2026-08
Porangabussu,2026-08-18,Almoço,VEG,Estrogonofe de Grão de Bico,4.0,4.0,3.0,4.0,4.0,7.4,Av. Sensorial,PO,2026-08
Porangabussu,2026-08-18,Almoço,PV,Paçoca de Carne,4.0,4.0,4.0,4.0,4.0,8.0,Av. Sensorial,PO,2026-08
Porangabussu,2026-08-18,Almoço,PB,Sobrecoxa Assada,4.0,4.0,4.0,4.0,4.0,8.0,Av. Sensorial,PO,2026-08
Porangabussu,2026-08-18,Almoço,VEG,Estrogonofe de Grão de Bico,4.0,3.0,3.0,4.0,3.0,6.8,Av. Sensorial,PO,2026-08
Pici 2,2026-08-18,Almoço,PV,Paçoca de Carne,4.0,4.0,4.0,4.0,4.0,8.0,Av. Sensorial,P2,2026-08
Pici 2,2026-08-18,Almoço,PB,Sobrecoxa Assada,4.0,4.0,4.0,4.0,4.0,8.0,Av. Sensorial,P2,2026-08
Pici 2,2026-08-18,Almoço,VEG,Estrogonofe de Grão de Bico,4.0,4.0,4.0,4.0,4.0,8.0,Av. Sensorial,P2,2026-08
Benfica,2026-08-18,Almoço,PV,Paçoca de Carne,2.0,4.0,4.0,4.0,4.0,6.8,Av. Sensorial,B,2026-08
Benfica,2026-08-18,Almoço,PB,Sobrecoxa Assada,4.0,4.0,4.0,4.0,4.0,8.0,Av. Sensorial,B,2026-08
Benfica,2026-08-18,Almoço,VEG,Estrogonofe de Grão de Bico,3.0,4.0,4.0,4.0,4.0,7.4,Av. Sensorial,B,2026-08
Benfica,2026-08-18,Almoço,PV,Paçoca de Carne,4.0,4.0,4.0,4.0,4.0,8.0,Av. Sensorial,B,2026-08
Benfica,2026-08-18,Almoço,PB,Sobrecoxa Assada,4.0,4.0,4.0,4.0,4.0,8.0,Av. Sensorial,B,2026-08
Benfica,2026-08-18,Almoço,VEG,Estrogonofe de Grão de Bico,4.0,4.0,4.0,4.0,4.0,8.0,Av. Sensorial,B,2026-08
Pici 1,2026-08-18,Almoço,PV,Paçoca de Carne,4.0,4.0,4.0,4.0,4.0,8.0,Av. Sensorial,P1,2026-08
Pici 1,2026-08-18,Almoço,PB,Sobrecoxa Assada,4.0,4.0,3.0,4.0,4.0,7.6,Av. Sensorial,P1,2026-08
Pici 1,2026-08-18,Almoço,VEG,Estrogonofe de Grão de Bico,4.0,4.0,4.0,4.0,4.0,8.0,Av. Sensorial,P1,2026-08
Pici 1,2026-08-18,Jantar,PV,Carne Moída Refogada,4.0,4.0,4.0,4.0,4.0,8.0,Av. Sensorial,P1,2026-08
Pici 1,2026-08-18,Jantar,PB,Estrogonofe de Frango,4.0,4.0,4.0,4.0,4.0,8.0,Av. Sensorial,P1,2026-08
Pici 1,2026-08-18,Jantar,VEG,Jardineira de Soja,4.0,4.0,4.0,4.0,4.0,8.0,Av. Sensorial,P1,2026-08
Benfica,2026-08-18,Almoço,PV,Paçoca de Carne,4.0,4.0,4.0,4.0,4.0,8.0,Av. Sensorial,B,2026-08
Benfica,2026-08-18,Almoço,PB,Sobrecoxa Assada,4.0,4.0,4.0,4.0,4.0,8.0,Av. Sensorial,B,2026-08
Benfica,2026-08-18,Almoço,VEG,Estrogonofe de Grão de Bico,4.0,4.0,4.0,4.0,4.0,8.0,Av. Sensorial,B,2026-08
Benfica,2026-08-18,Jantar,PV,Carne Moída Refogada,4.0,4.0,4.0,4.0,4.0,8.0,Av. Sensorial,B,2026-08
Benfica,2026-08-18,Jantar,PB,Estrogonofe de Frango,4.0,4.0,4.0,4.0,4.0,8.0,Av. Sensorial,B,2026-08
Benfica,2026-08-18,Jantar,VEG,Jardineira de Soja,4.0,4.0,4.0,4.0,4.0,8.0,Av. Sensorial,B,2026-08
Benfica,2026-08-19,Café,ESPECIAL,Ovos Mexidos,4.0,3.0,3.0,4.0,3.0,6.666666666666667,Av. Sensorial,B,2026-08
Benfica,2026-08-19,Café,ESPECIAL VEG,Pasta de Amendoim,4.0,4.0,4.0,4.0,4.0,8.0,Av. Sensorial,B,2026-08
Pici 2,2026-08-19,Café,ESPECIAL,Ovos Mexidos,4.0,4.0,4.0,4.0,4.0,8.0,Av. Sensorial,P2,2026-08
Pici 2,2026-08-19,Café,ESPECIAL VEG,Pasta de Amendoim,4.0,4.0,4.0,4.0,4.0,8.0,Av. Sensorial,P2,2026-08
Pici 2,2026-08-19,Café,ESPECIAL,Ovos Mexidos,4.0,4.0,4.0,4.0,4.0,8.0,Av. Sensorial,P2,2026-08
Pici 1,2026-08-19,Almoço,PV,Feijoada,4.0,4.0,4.0,4.0,4.0,8.0,Av. Sensorial,P1,2026-08
Pici 1,2026-08-19,Almoço,PB,Cubos de Frango ao M. de Legumes,4.0,4.0,4.0,4.0,4.0,8.0,Av. Sensorial,P1,2026-08
Pici 1,2026-08-19,Almoço,VEG,Feijoada Vegetariana,4.0,4.0,4.0,4.0,4.0,8.0,Av. Sensorial,P1,2026-08
Pici 1,2026-08-19,Almoço,PV,Feijoada,3.0,4.0,4.0,4.0,4.0,7.4,Av. Sensorial,P1,2026-08
Pici 1,2026-08-19,Almoço,PB,Cubos de Frango ao M. de Legumes,4.0,4.0,4.0,4.0,4.0,8.0,Av. Sensorial,P1,2026-08
Pici 1,2026-08-19,Almoço,VEG,Feijoada Vegetariana,4.0,4.0,4.0,4.0,4.0,8.0,Av. Sensorial,P1,2026-08
Porangabussu,2026-08-19,Almoço,PV,Feijoada,4.0,4.0,4.0,4.0,4.0,8.0,Av. Sensorial,PO,2026-08
Porangabussu,2026-08-19,Almoço,PB,Cubos de Frango ao M. de Legumes,3.0,2.0,3.0,3.0,3.0,5.4,Av. Sensorial,PO,2026-08
Porangabussu,2026-08-19,Almoço,VEG,Feijoada Vegetariana,3.0,3.0,3.0,3.0,3.0,6.0,Av. Sensorial,PO,2026-08
Porangabussu,2026-08-19,Almoço,PV,Feijoada,4.0,4.0,4.0,4.0,4.0,8.0,Av. Sensorial,PO,2026-08
Porangabussu,2026-08-19,Almoço,PB,Cubos de Frango ao M. de Legumes,3.0,2.0,2.0,4.0,3.0,5.2,Av. Sensorial,PO,2026-08
Porangabussu,2026-08-19,Almoço,VEG,Feijoada Vegetariana,3.0,3.0,3.0,4.0,3.0,6.2,Av. Sensorial,PO,2026-08
Labomar,2026-08-18,Almoço,PV,Paçoca de Carne,3.0,4.0,4.0,4.0,4.0,7.4,Av. Sensorial,L,2026-08
Labomar,2026-08-18,Almoço,PB,Sobrecoxa Assada,4.0,4.0,4.0,4.0,4.0,8.0,Av. Sensorial,L,2026-08
Labomar,2026-08-18,Almoço,VEG,Estrogonofe de Grão de Bico,4.0,4.0,4.0,4.0,4.0,8.0,Av. Sensorial,L,2026-08
Labomar,2026-08-19,Almoço,PV,Feijoada,4.0,4.0,4.0,4.0,4.0,8.0,Av. Sensorial,L,2026-08
Labomar,2026-08-19,Almoço,PB,Cubos de Frango ao M. de Legumes,4.0,4.0,4.0,4.0,4.0,8.0,Av. Sensorial,L,2026-08
Labomar,2026-08-19,Almoço,VEG,Feijoada Vegetariana,4.0,4.0,4.0,4.0,4.0,8.0,Av. Sensorial,L,2026-08
Pici 2,2026-08-19,Almoço,PV,Feijoada,3.0,3.0,4.0,4.0,3.0,6.6,Av. Sensorial,P2,2026-08
Pici 2,2026-08-19,Almoço,PB,Cubos de Frango ao M. de Legumes,4.0,4.0,4.0,4.0,4.0,8.0,Av. Sensorial,P2,2026-08
Pici 2,2026-08-19,Almoço,VEG,Feijoada Vegetariana,3.0,4.0,4.0,4.0,4.0,7.4,Av. Sensorial,P2,2026-08
Pici 2,2026-08-19,Almoço,PV,Feijoada,3.0,3.0,3.0,4.0,3.0,6.2,Av. Sensorial,P2,2026-08
Pici 2,2026-08-19,Almoço,PB,Cubos de Frango ao M. de Legumes,4.0,4.0,4.0,4.0,4.0,8.0,Av. Sensorial,P2,2026-08
Pici 2,2026-08-19,Almoço,VEG,Feijoada Vegetariana,4.0,4.0,4.0,4.0,4.0,8.0,Av. Sensorial,P2,2026-08
Pici 1,2026-08-19,Jantar,PV,Isca de Carne Acebolada,4.0,4.0,4.0,4.0,4.0,8.0,Av. Sensorial,P1,2026-08
Pici 1,2026-08-19,Jantar,PB,Sobrecoxa Assada,4.0,4.0,4.0,4.0,4.0,8.0,Av. Sensorial,P1,2026-08
Pici 1,2026-08-19,Jantar,VEG,Lasanha de Batatas,4.0,4.0,4.0,4.0,4.0,8.0,Av. Sensorial,P1,2026-08
Benfica,2026-08-19,Almoço,PV,Feijoada,4.0,4.0,4.0,4.0,4.0,8.0,Av. Sensorial,B,2026-08
Benfica,2026-08-19,Almoço,PB,Cubos de Frango ao M. de Legumes,4.0,4.0,4.0,4.0,4.0,8.0,Av. Sensorial,B,2026-08
Benfica,2026-08-19,Almoço,VEG,Feijoada Vegetariana,3.0,3.0,3.0,,4.0,5.6,Av. Sensorial,B,2026-08
Benfica,2026-08-19,Jantar,PV,Isca de Carne Acebolada,4.0,4.0,4.0,4.0,4.0,8.0,Av. Sensorial,B,2026-08
Benfica,2026-08-19,Jantar,PB,Sobrecoxa Assada,4.0,4.0,4.0,4.0,4.0,8.0,Av. Sensorial,B,2026-08
Benfica,2026-08-19,Jantar,VEG,Lasanha de Batatas,4.0,4.0,4.0,4.0,4.0,8.0,Av. Sensorial,B,2026-08
Benfica,2026-08-19,Jantar,PV,Isca de Carne Acebolada,3.0,2.0,2.0,4.0,3.0,5.2,Av. Sensorial,B,2026-08
Benfica,2026-08-19,Jantar,PB,Sobrecoxa Assada,4.0,4.0,4.0,4.0,4.0,8.0,Av. Sensorial,B,2026-08
Benfica,2026-08-19,Jantar,VEG,Lasanha de Batatas,4.0,4.0,4.0,4.0,4.0,8.0,Av. Sensorial,B,2026-08
Pici 2,2026-08-20,Café,ESPECIAL,Iogurte ,4.0,4.0,4.0,4.0,4.0,8.0,Av. Sensorial,P2,2026-08
Pici 2,2026-08-20,Café,ESPECIAL,Iogurte ,4.0,4.0,4.0,4.0,4.0,8.0,Av. Sensorial,P2,2026-08
Pici 2,2026-08-20,Café,ESPECIAL VEG,Similar a Iogurte Vegano,4.0,4.0,4.0,4.0,4.0,8.0,Av. Sensorial,P2,2026-08
Pici 2,2026-08-20,Almoço,PV,Picadinho com Legumes,3.0,3.0,4.0,4.0,4.0,6.8,Av. Sensorial,P2,2026-08
Pici 2,2026-08-20,Almoço,PB,Sobrecoxa ao M. de Legumes,4.0,4.0,4.0,4.0,4.0,8.0,Av. Sensorial,P2,2026-08
Pici 2,2026-08-20,Almoço,VEG,Bobó de Legumes,4.0,4.0,4.0,4.0,4.0,8.0,Av. Sensorial,P2,2026-08
Pici 1,2026-08-20,Almoço,PV,Picadinho com Legumes,4.0,4.0,4.0,4.0,4.0,8.0,Av. Sensorial,P1,2026-08
Pici 1,2026-08-20,Almoço,PB,Sobrecoxa ao M. de Legumes,4.0,4.0,4.0,4.0,4.0,8.0,Av. Sensorial,P1,2026-08
Pici 1,2026-08-20,Almoço,VEG,Bobó de Legumes,4.0,4.0,4.0,4.0,4.0,8.0,Av. Sensorial,P1,2026-08
Pici 1,2026-08-20,Almoço,PV,Picadinho com Legumes,4.0,3.0,4.0,4.0,4.0,7.4,Av. Sensorial,P1,2026-08
Pici 1,2026-08-20,Almoço,PB,Sobrecoxa ao M. de Legumes,4.0,4.0,4.0,4.0,4.0,8.0,Av. Sensorial,P1,2026-08
Pici 1,2026-08-20,Almoço,VEG,Bobó de Legumes,4.0,4.0,4.0,4.0,4.0,8.0,Av. Sensorial,P1,2026-08
Porangabussu,2026-08-20,Almoço,PV,Picadinho com Legumes,3.0,4.0,3.0,4.0,4.0,7.0,Av. Sensorial,PO,2026-08
Porangabussu,2026-08-20,Almoço,PB,Sobrecoxa ao M. de Legumes,4.0,4.0,4.0,4.0,4.0,8.0,Av. Sensorial,PO,2026-08
Porangabussu,2026-08-20,Almoço,VEG,Bobó de Legumes,3.0,4.0,3.0,4.0,3.0,6.6,Av. Sensorial,PO,2026-08
Porangabussu,2026-08-20,Almoço,PV,Picadinho com Legumes,3.0,3.0,4.0,4.0,3.0,6.6,Av. Sensorial,PO,2026-08
Porangabussu,2026-08-20,Almoço,PB,Sobrecoxa ao M. de Legumes,3.0,3.0,3.0,4.0,3.0,6.2,Av. Sensorial,PO,2026-08
Porangabussu,2026-08-20,Almoço,VEG,Bobó de Legumes,4.0,4.0,3.0,4.0,4.0,7.4,Av. Sensorial,PO,2026-08
Benfica,2026-08-20,Almoço,PV,Picadinho com Legumes,3.0,2.0,3.0,3.0,4.0,5.6,Av. Sensorial,B,2026-08
Benfica,2026-08-20,Almoço,PB,Sobrecoxa ao M. de Legumes,3.0,3.0,3.0,4.0,3.0,6.2,Av. Sensorial,B,2026-08
Benfica,2026-08-20,Almoço,VEG,Bobó de Legumes,3.0,3.0,3.0,3.0,3.0,6.0,Av. Sensorial,B,2026-08
Pici 2,2026-08-20,Almoço,PV,Picadinho com Legumes,3.0,3.0,3.0,4.0,3.0,6.2,Av. Sensorial,P2,2026-08
Pici 2,2026-08-20,Almoço,PB,Sobrecoxa ao M. de Legumes,4.0,4.0,4.0,4.0,4.0,8.0,Av. Sensorial,P2,2026-08
Pici 2,2026-08-20,Almoço,VEG,Bobó de Legumes,4.0,4.0,4.0,4.0,4.0,8.0,Av. Sensorial,P2,2026-08
Benfica,2026-08-20,Almoço,PV,Picadinho com Legumes,3.0,3.0,3.0,4.0,3.0,6.2,Av. Sensorial,B,2026-08
Benfica,2026-08-20,Almoço,PB,Sobrecoxa ao M. de Legumes,4.0,4.0,4.0,4.0,4.0,8.0,Av. Sensorial,B,2026-08
Benfica,2026-08-20,Almoço,VEG,Bobó de Legumes,4.0,4.0,4.0,4.0,4.0,8.0,Av. Sensorial,B,2026-08
Benfica,2026-08-20,Jantar,PV,Cubo Suíno ao Molho Barbecue,4.0,4.0,4.0,4.0,4.0,8.0,Av. Sensorial,B,2026-08
Benfica,2026-08-20,Jantar,PB,Cubos de Frango Acebolado,4.0,4.0,4.0,4.0,4.0,8.0,Av. Sensorial,B,2026-08
Benfica,2026-08-20,Jantar,VEG,Escondidinho de Soja,4.0,4.0,4.0,4.0,4.0,8.0,Av. Sensorial,B,2026-08
Benfica,2026-08-21,Café,ESPECIAL,Carne Moída ao Molho,4.0,4.0,4.0,4.0,4.0,8.0,Av. Sensorial,B,2026-08
Benfica,2026-08-21,Café,ESPECIAL VEG,Geleia,4.0,4.0,4.0,4.0,4.0,8.0,Av. Sensorial,B,2026-08
Pici 2,2026-08-21,Café,ESPECIAL,Carne Moída ao Molho,4.0,4.0,4.0,4.0,4.0,8.0,Av. Sensorial,P2,2026-08
Pici 2,2026-08-21,Café,ESPECIAL VEG,Geleia,4.0,4.0,4.0,4.0,4.0,8.0,Av. Sensorial,P2,2026-08
Pici 1,2026-08-21,Almoço,PV,Isca de Carne ao Molho Escuro,4.0,4.0,4.0,4.0,4.0,8.0,Av. Sensorial,P1,2026-08
Pici 1,2026-08-21,Almoço,PB,Moqueca de Peixe,4.0,4.0,4.0,4.0,4.0,8.0,Av. Sensorial,P1,2026-08
Pici 1,2026-08-21,Almoço,VEG,Soja Nordestina,4.0,4.0,4.0,4.0,4.0,8.0,Av. Sensorial,P1,2026-08
Pici 2,2026-08-21,Almoço,PV,Isca de Carne ao Molho Escuro,3.0,3.0,4.0,4.0,4.0,6.8,Av. Sensorial,P2,2026-08
Pici 2,2026-08-21,Almoço,PB,Moqueca de Peixe,4.0,4.0,4.0,4.0,4.0,8.0,Av. Sensorial,P2,2026-08
Pici 2,2026-08-21,Almoço,VEG,Soja Nordestina,4.0,4.0,4.0,4.0,4.0,8.0,Av. Sensorial,P2,2026-08
Pici 1,2026-08-20,Jantar,PV,Cubo Suíno ao Molho Barbecue,4.0,4.0,4.0,4.0,4.0,8.0,Av. Sensorial,P1,2026-08
Pici 1,2026-08-20,Jantar,PB,Cubos de Frango Acebolado,4.0,3.0,4.0,4.0,4.0,7.4,Av. Sensorial,P1,2026-08
Pici 1,2026-08-20,Jantar,VEG,Escondidinho de Soja,4.0,4.0,4.0,4.0,4.0,8.0,Av. Sensorial,P1,2026-08
Pici 1,2026-08-21,Almoço,PV,Isca de Carne ao Molho Escuro,4.0,4.0,4.0,4.0,4.0,8.0,Av. Sensorial,P1,2026-08
Pici 1,2026-08-21,Almoço,PB,Moqueca de Peixe,4.0,4.0,4.0,4.0,4.0,8.0,Av. Sensorial,P1,2026-08
Pici 1,2026-08-21,Almoço,VEG,Soja Nordestina,4.0,4.0,4.0,4.0,4.0,8.0,Av. Sensorial,P1,2026-08
Pici 2,2026-08-21,Almoço,PV,Isca de Carne ao Molho Escuro,4.0,4.0,4.0,4.0,4.0,8.0,Av. Sensorial,P2,2026-08
Pici 2,2026-08-21,Almoço,PB,Moqueca de Peixe,4.0,4.0,4.0,4.0,4.0,8.0,Av. Sensorial,P2,2026-08
Pici 2,2026-08-21,Almoço,VEG,Soja Nordestina,4.0,4.0,4.0,4.0,4.0,8.0,Av. Sensorial,P2,2026-08
Porangabussu,2026-08-21,Almoço,PV,Isca de Carne ao Molho Escuro,3.0,4.0,3.0,4.0,3.0,6.8,Av. Sensorial,PO,2026-08
Porangabussu,2026-08-21,Almoço,PB,Moqueca de Peixe,4.0,4.0,4.0,4.0,4.0,8.0,Av. Sensorial,PO,2026-08
Porangabussu,2026-08-21,Almoço,VEG,Soja Nordestina,4.0,4.0,3.0,4.0,4.0,7.4,Av. Sensorial,PO,2026-08
Porangabussu,2026-08-21,Almoço,PV,Isca de Carne ao Molho Escuro,4.0,4.0,4.0,4.0,4.0,8.0,Av. Sensorial,PO,2026-08
Porangabussu,2026-08-21,Almoço,PB,Moqueca de Peixe,3.0,3.0,4.0,4.0,3.0,6.6,Av. Sensorial,PO,2026-08
Porangabussu,2026-08-21,Almoço,VEG,Soja Nordestina,4.0,4.0,4.0,4.0,4.0,8.0,Av. Sensorial,PO,2026-08
Pici 1,2026-08-21,Jantar,PV,Calabresa Acebolada,4.0,4.0,4.0,4.0,4.0,8.0,Av. Sensorial,P1,2026-08
Pici 1,2026-08-21,Jantar,PB,Cubos de Frango ao M. de Tomate,4.0,4.0,4.0,4.0,4.0,8.0,Av. Sensorial,P1,2026-08
Pici 1,2026-08-21,Jantar,VEG,Bolinha de grão de bico,4.0,4.0,4.0,4.0,4.0,8.0,Av. Sensorial,P1,2026-08
Benfica,2026-08-21,Almoço,PV,Isca de Carne ao Molho Escuro,4.0,4.0,4.0,4.0,4.0,8.0,Av. Sensorial,B,2026-08
Benfica,2026-08-21,Almoço,PB,Moqueca de Peixe,4.0,4.0,4.0,4.0,4.0,8.0,Av. Sensorial,B,2026-08
Benfica,2026-08-21,Almoço,VEG,Soja Nordestina,4.0,4.0,4.0,4.0,4.0,8.0,Av. Sensorial,B,2026-08
Benfica,2026-08-21,Jantar,PV,Calabresa Acebolada,4.0,4.0,4.0,4.0,4.0,8.0,Av. Sensorial,B,2026-08
Benfica,2026-08-21,Jantar,PB,Cubos de Frango ao M. de Tomate,4.0,4.0,4.0,4.0,4.0,8.0,Av. Sensorial,B,2026-08
Benfica,2026-08-21,Jantar,VEG,Bolinha de grão de bico,4.0,4.0,4.0,4.0,4.0,8.0,Av. Sensorial,B,2026-08
Benfica,2026-08-21,Jantar,PV,Calabresa Acebolada,3.0,4.0,3.0,4.0,4.0,7.0,Av. Sensorial,B,2026-08
Benfica,2026-08-21,Jantar,PB,Cubos de Frango ao M. de Tomate,4.0,3.0,4.0,4.0,4.0,7.4,Av. Sensorial,B,2026-08
Benfica,2026-08-21,Jantar,VEG,Bolinha de grão de bico,4.0,4.0,4.0,4.0,4.0,8.0,Av. Sensorial,B,2026-08
Benfica,2026-08-24,Café,ESPECIAL,Achocolatado,4.0,4.0,4.0,4.0,4.0,8.0,Av. Sensorial,B,2026-08
Benfica,2026-08-24,Café,ESPECIAL VEG,Achocolatado vegano ,4.0,4.0,4.0,4.0,4.0,8.0,Av. Sensorial,B,2026-08
Pici 2,2026-08-24,Café,ESPECIAL,Achocolatado,4.0,4.0,4.0,4.0,4.0,8.0,Av. Sensorial,P2,2026-08
Pici 2,2026-08-24,Café,ESPECIAL VEG,Achocolatado vegano ,4.0,4.0,4.0,4.0,4.0,8.0,Av. Sensorial,P2,2026-08
Labomar,2026-08-21,Almoço,PV,Isca de Carne ao Molho Escuro,4.0,4.0,4.0,4.0,4.0,8.0,Av. Sensorial,L,2026-08
Labomar,2026-08-21,Almoço,PB,Moqueca de Peixe,3.0,4.0,4.0,4.0,4.0,7.4,Av. Sensorial,L,2026-08
Labomar,2026-08-21,Almoço,VEG,Soja Nordestina,4.0,4.0,4.0,4.0,4.0,8.0,Av. Sensorial,L,2026-08
Labomar,2026-08-24,Almoço,PV,Picadinho com Legumes,3.0,4.0,4.0,4.0,4.0,7.4,Av. Sensorial,L,2026-08
Labomar,2026-08-24,Almoço,PB,Sobrecoxa Assada,4.0,4.0,4.0,4.0,4.0,8.0,Av. Sensorial,L,2026-08
Labomar,2026-08-24,Almoço,VEG,Macarronada Vegetariana,4.0,4.0,4.0,4.0,4.0,8.0,Av. Sensorial,L,2026-08
Pici 1,2026-08-24,Almoço,PV,Picadinho com Legumes,3.0,4.0,4.0,4.0,4.0,7.4,Av. Sensorial,P1,2026-08
Pici 1,2026-08-24,Almoço,PB,Sobrecoxa Assada,4.0,4.0,4.0,4.0,4.0,8.0,Av. Sensorial,P1,2026-08
Pici 1,2026-08-24,Almoço,VEG,Macarronada Vegetariana,4.0,4.0,4.0,4.0,4.0,8.0,Av. Sensorial,P1,2026-08
Pici 2,2026-08-24,Almoço,PV,Picadinho com Legumes,3.0,3.0,4.0,4.0,3.0,6.6,Av. Sensorial,P2,2026-08
Pici 2,2026-08-24,Almoço,PB,Sobrecoxa Assada,4.0,4.0,4.0,4.0,4.0,8.0,Av. Sensorial,P2,2026-08
Pici 2,2026-08-24,Almoço,VEG,Macarronada Vegetariana,4.0,4.0,4.0,4.0,4.0,8.0,Av. Sensorial,P2,2026-08
Benfica,2026-08-19,Almoço,PV,Feijoada,4.0,4.0,4.0,4.0,4.0,8.0,Av. Sensorial,B,2026-08
Benfica,2026-08-19,Almoço,PB,Cubos de Frango ao M. de Legumes,4.0,4.0,4.0,4.0,4.0,8.0,Av. Sensorial,B,2026-08
Benfica,2026-08-19,Almoço,VEG,Feijoada Vegetariana,3.0,4.0,3.0,4.0,3.0,6.6,Av. Sensorial,B,2026-08
Benfica,2026-08-20,Almoço,PV,Picadinho com Legumes,2.0,3.0,2.0,4.0,3.0,5.2,Av. Sensorial,B,2026-08
Benfica,2026-08-20,Almoço,PB,Sobrecoxa ao M. de Legumes,4.0,4.0,4.0,4.0,4.0,8.0,Av. Sensorial,B,2026-08
Benfica,2026-08-20,Almoço,VEG,Bobó de Legumes,4.0,3.0,4.0,4.0,4.0,7.6,Av. Sensorial,B,2026-08
Benfica,2026-08-24,Almoço,PV,Picadinho com Legumes,2.0,3.0,4.0,4.0,3.0,6.0,Av. Sensorial,B,2026-08
Benfica,2026-08-24,Almoço,PB,Sobrecoxa Assada,4.0,4.0,4.0,4.0,4.0,8.0,Av. Sensorial,B,2026-08
Benfica,2026-08-24,Almoço,VEG,Macarronada Vegetariana,4.0,4.0,4.0,4.0,4.0,8.0,Av. Sensorial,B,2026-08
Porangabussu,2026-08-24,Almoço,PV,Picadinho com Legumes,3.0,4.0,3.0,3.0,4.0,6.8,Av. Sensorial,PO,2026-08
Porangabussu,2026-08-24,Almoço,PB,Sobrecoxa Assada,4.0,4.0,4.0,4.0,4.0,8.0,Av. Sensorial,PO,2026-08
Porangabussu,2026-08-24,Almoço,VEG,Macarronada Vegetariana,4.0,4.0,4.0,4.0,4.0,8.0,Av. Sensorial,PO,2026-08
Porangabussu,2026-08-24,Almoço,PV,Picadinho com Legumes,3.0,3.0,4.0,4.0,3.0,6.6,Av. Sensorial,PO,2026-08
Porangabussu,2026-08-24,Almoço,PB,Sobrecoxa Assada,4.0,4.0,4.0,4.0,4.0,8.0,Av. Sensorial,PO,2026-08
Porangabussu,2026-08-24,Almoço,VEG,Macarronada Vegetariana,4.0,4.0,3.0,4.0,4.0,7.4,Av. Sensorial,PO,2026-08
Pici 1,2026-08-24,Almoço,PV,Picadinho com Legumes,3.0,3.0,4.0,3.0,3.0,6.4,Av. Sensorial,P1,2026-08
Pici 1,2026-08-24,Almoço,PB,Sobrecoxa Assada,4.0,4.0,3.0,3.0,4.0,7.4,Av. Sensorial,P1,2026-08
Pici 1,2026-08-24,Almoço,VEG,Macarronada Vegetariana,4.0,4.0,4.0,4.0,4.0,8.0,Av. Sensorial,P1,2026-08
Pici 1,2026-08-24,Almoço,PV,Picadinho com Legumes,4.0,4.0,4.0,4.0,4.0,8.0,Av. Sensorial,P1,2026-08
Pici 1,2026-08-24,Almoço,PB,Sobrecoxa Assada,4.0,4.0,4.0,4.0,4.0,8.0,Av. Sensorial,P1,2026-08
Pici 1,2026-08-24,Almoço,VEG,Macarronada Vegetariana,4.0,4.0,4.0,4.0,4.0,8.0,Av. Sensorial,P1,2026-08
Pici 1,2026-08-24,Jantar,PV,Cubo suíno acebolado,4.0,4.0,4.0,4.0,4.0,8.0,Av. Sensorial,P1,2026-08
Pici 1,2026-08-24,Jantar,PB,Fricassê de Frango,3.0,4.0,4.0,4.0,4.0,7.4,Av. Sensorial,P1,2026-08
Pici 1,2026-08-24,Jantar,VEG,Salpicão vegano,4.0,4.0,4.0,4.0,4.0,8.0,Av. Sensorial,P1,2026-08
Benfica,2026-08-24,Almoço,PV,Picadinho com Legumes,3.0,3.0,4.0,4.0,4.0,6.8,Av. Sensorial,B,2026-08
Benfica,2026-08-24,Almoço,PB,Sobrecoxa Assada,4.0,4.0,4.0,4.0,4.0,8.0,Av. Sensorial,B,2026-08
Benfica,2026-08-24,Almoço,VEG,Macarronada Vegetariana,4.0,4.0,4.0,4.0,4.0,8.0,Av. Sensorial,B,2026-08
Benfica,2026-08-24,Jantar,PV,Cubo suíno acebolado,4.0,3.0,3.0,4.0,4.0,7.0,Av. Sensorial,B,2026-08
Benfica,2026-08-24,Jantar,PB,Fricassê de Frango,2.0,4.0,3.0,4.0,4.0,6.4,Av. Sensorial,B,2026-08
Benfica,2026-08-24,Jantar,VEG,Salpicão vegano,4.0,4.0,4.0,4.0,4.0,8.0,Av. Sensorial,B,2026-08
Benfica,2026-08-25,Café,ESPECIAL,Queijo ,4.0,4.0,4.0,4.0,4.0,8.0,Av. Sensorial,B,2026-08
Benfica,2026-08-25,Café,ESPECIAL VEG,Granola,4.0,4.0,4.0,4.0,4.0,8.0,Av. Sensorial,B,2026-08
Pici 2,2026-08-25,Café,ESPECIAL,Queijo ,4.0,4.0,4.0,4.0,4.0,8.0,Av. Sensorial,P2,2026-08
Pici 2,2026-08-25,Café,ESPECIAL VEG,Granola,4.0,4.0,4.0,4.0,4.0,8.0,Av. Sensorial,P2,2026-08
Pici 2,2026-08-25,Café,ESPECIAL,Queijo ,4.0,4.0,4.0,4.0,4.0,8.0,Av. Sensorial,P2,2026-08
Pici 2,2026-08-25,Almoço,PV,Cubo Suíno à Carioca,4.0,4.0,4.0,4.0,4.0,8.0,Av. Sensorial,P2,2026-08
Pici 2,2026-08-25,Almoço,PB,Isca de Frango ao M. de Legumes,4.0,4.0,4.0,4.0,4.0,8.0,Av. Sensorial,P2,2026-08
Pici 2,2026-08-25,Almoço,VEG,Vatapá Vegano,4.0,4.0,4.0,4.0,4.0,8.0,Av. Sensorial,P2,2026-08
Pici 1,2026-08-25,Almoço,PV,Cubo Suíno à Carioca,4.0,4.0,3.0,4.0,4.0,7.6,Av. Sensorial,P1,2026-08
Pici 1,2026-08-25,Almoço,PB,Isca de Frango ao M. de Legumes,4.0,4.0,4.0,4.0,4.0,8.0,Av. Sensorial,P1,2026-08
Pici 1,2026-08-25,Almoço,VEG,Vatapá Vegano,4.0,4.0,4.0,4.0,4.0,8.0,Av. Sensorial,P1,2026-08
Pici 1,2026-08-25,Almoço,PV,Cubo Suíno à Carioca,4.0,4.0,3.0,4.0,4.0,7.6,Av. Sensorial,P1,2026-08
Pici 1,2026-08-25,Almoço,PB,Isca de Frango ao M. de Legumes,4.0,4.0,4.0,4.0,4.0,8.0,Av. Sensorial,P1,2026-08
Pici 1,2026-08-25,Almoço,VEG,Vatapá Vegano,4.0,4.0,4.0,4.0,4.0,8.0,Av. Sensorial,P1,2026-08
Benfica,2026-08-25,Almoço,PV,Cubo Suíno à Carioca,3.0,3.0,2.0,4.0,3.0,5.8,Av. Sensorial,B,2026-08
Benfica,2026-08-25,Almoço,PB,Isca de Frango ao M. de Legumes,3.0,4.0,3.0,4.0,4.0,7.0,Av. Sensorial,B,2026-08
Benfica,2026-08-25,Almoço,VEG,Vatapá Vegano,5.0,5.0,5.0,5.0,5.0,10.0,Av. Sensorial,B,2026-08
Benfica,2026-08-24,Jantar,PV,Cubo suíno acebolado,3.0,3.0,3.0,4.0,3.0,6.2,Av. Sensorial,B,2026-08
Benfica,2026-08-24,Jantar,PB,Fricassê de Frango,3.0,4.0,4.0,4.0,4.0,7.4,Av. Sensorial,B,2026-08
Benfica,2026-08-24,Jantar,VEG,Salpicão vegano,4.0,4.0,4.0,4.0,4.0,8.0,Av. Sensorial,B,2026-08
Porangabussu,2026-08-25,Almoço,PV,Cubo Suíno à Carioca,3.0,4.0,3.0,4.0,4.0,7.0,Av. Sensorial,PO,2026-08
Porangabussu,2026-08-25,Almoço,PB,Isca de Frango ao M. de Legumes,4.0,4.0,3.0,4.0,4.0,7.6,Av. Sensorial,PO,2026-08
Porangabussu,2026-08-25,Almoço,VEG,Vatapá Vegano,4.0,4.0,4.0,4.0,4.0,8.0,Av. Sensorial,PO,2026-08
Porangabussu,2026-08-25,Almoço,PV,Cubo Suíno à Carioca,3.0,4.0,3.0,4.0,4.0,7.0,Av. Sensorial,PO,2026-08
Porangabussu,2026-08-25,Almoço,PB,Isca de Frango ao M. de Legumes,4.0,3.0,3.0,4.0,3.0,6.8,Av. Sensorial,PO,2026-08
Porangabussu,2026-08-25,Almoço,VEG,Vatapá Vegano,4.0,4.0,4.0,4.0,4.0,8.0,Av. Sensorial,PO,2026-08
Labomar,2026-08-25,Almoço,PV,Cubo Suíno à Carioca,4.0,4.0,4.0,4.0,4.0,8.0,Av. Sensorial,L,2026-08
Labomar,2026-08-25,Almoço,PB,Isca de Frango ao M. de Legumes,4.0,4.0,4.0,4.0,4.0,8.0,Av. Sensorial,L,2026-08
Labomar,2026-08-25,Almoço,VEG,Vatapá Vegano,4.0,4.0,4.0,4.0,4.0,8.0,Av. Sensorial,L,2026-08
Pici 2,2026-08-25,Almoço,PV,Cubo Suíno à Carioca,4.0,4.0,4.0,4.0,4.0,8.0,Av. Sensorial,P2,2026-08
Pici 2,2026-08-25,Almoço,PB,Isca de Frango ao M. de Legumes,4.0,4.0,4.0,4.0,4.0,8.0,Av. Sensorial,P2,2026-08
Pici 2,2026-08-25,Almoço,VEG,Vatapá Vegano,4.0,4.0,4.0,4.0,4.0,8.0,Av. Sensorial,P2,2026-08
Pici 1,2026-08-25,Jantar,PV,Carne Moída Refogada,3.0,4.0,4.0,4.0,4.0,7.4,Av. Sensorial,P1,2026-08
Pici 1,2026-08-25,Jantar,PB,Sobrecoxa Desossada,4.0,4.0,4.0,4.0,4.0,8.0,Av. Sensorial,P1,2026-08
Pici 1,2026-08-25,Jantar,VEG,Hambúrguer de Soja,4.0,4.0,4.0,4.0,4.0,8.0,Av. Sensorial,P1,2026-08
Benfica,2026-08-25,Jantar,PV,Carne Moída Refogada,4.0,4.0,3.0,4.0,4.0,7.6,Av. Sensorial,B,2026-08
Benfica,2026-08-25,Jantar,PB,Sobrecoxa Desossada,4.0,4.0,4.0,4.0,4.0,8.0,Av. Sensorial,B,2026-08
Benfica,2026-08-25,Jantar,VEG,Hambúrguer de Soja,3.0,4.0,4.0,4.0,4.0,7.4,Av. Sensorial,B,2026-08
Benfica,2026-08-26,Café,ESPECIAL,Ovos Mexidos,4.0,4.0,4.0,4.0,4.0,8.0,Av. Sensorial,B,2026-08
Benfica,2026-08-26,Café,ESPECIAL VEG,Pasta de Amendoim,4.0,4.0,4.0,4.0,4.0,8.0,Av. Sensorial,B,2026-08
Pici 2,2026-08-26,Café,ESPECIAL,Ovos Mexidos,4.0,4.0,4.0,4.0,4.0,8.0,Av. Sensorial,P2,2026-08
Pici 2,2026-08-26,Café,ESPECIAL,Ovos Mexidos,4.0,4.0,4.0,4.0,4.0,8.0,Av. Sensorial,P2,2026-08
Pici 2,2026-08-26,Café,ESPECIAL VEG,Pasta de Amendoim,4.0,4.0,4.0,4.0,4.0,8.0,Av. Sensorial,P2,2026-08
Labomar,2026-08-26,Almoço,PV,Feijoada,4.0,4.0,4.0,4.0,4.0,8.0,Av. Sensorial,L,2026-08
Labomar,2026-08-26,Almoço,PB,Sobrecoxa com Gergelim,4.0,4.0,4.0,4.0,4.0,8.0,Av. Sensorial,L,2026-08
Labomar,2026-08-26,Almoço,VEG,Moqueca Vegetariana,4.0,4.0,4.0,4.0,4.0,8.0,Av. Sensorial,L,2026-08
Pici 1,2026-08-26,Almoço,PV,Feijoada,4.0,4.0,4.0,4.0,4.0,8.0,Av. Sensorial,P1,2026-08
Pici 1,2026-08-26,Almoço,PB,Sobrecoxa com Gergelim,4.0,4.0,4.0,4.0,4.0,8.0,Av. Sensorial,P1,2026-08
Pici 1,2026-08-26,Almoço,VEG,Moqueca Vegetariana,4.0,4.0,4.0,4.0,4.0,8.0,Av. Sensorial,P1,2026-08
Pici 1,2026-08-26,Almoço,PV,Feijoada,4.0,4.0,4.0,4.0,4.0,8.0,Av. Sensorial,P1,2026-08
Pici 1,2026-08-26,Almoço,PB,Sobrecoxa com Gergelim,4.0,4.0,4.0,4.0,4.0,8.0,Av. Sensorial,P1,2026-08
Pici 1,2026-08-26,Almoço,VEG,Moqueca Vegetariana,4.0,4.0,4.0,4.0,4.0,8.0,Av. Sensorial,P1,2026-08
Pici 2,2026-08-26,Almoço,PV,Feijoada,4.0,4.0,4.0,4.0,4.0,8.0,Av. Sensorial,P2,2026-08
Pici 2,2026-08-26,Almoço,PB,Sobrecoxa com Gergelim,4.0,4.0,4.0,4.0,4.0,8.0,Av. Sensorial,P2,2026-08
Pici 2,2026-08-26,Almoço,VEG,Moqueca Vegetariana,4.0,4.0,4.0,4.0,4.0,8.0,Av. Sensorial,P2,2026-08
Porangabussu,2026-08-26,Almoço,PV,Feijoada,4.0,4.0,4.0,4.0,4.0,8.0,Av. Sensorial,PO,2026-08
Porangabussu,2026-08-26,Almoço,PB,Sobrecoxa com Gergelim,4.0,4.0,4.0,4.0,4.0,8.0,Av. Sensorial,PO,2026-08
Porangabussu,2026-08-26,Almoço,VEG,Moqueca Vegetariana,4.0,4.0,4.0,4.0,4.0,8.0,Av. Sensorial,PO,2026-08
Porangabussu,2026-08-26,Almoço,PV,Feijoada,4.0,4.0,4.0,4.0,4.0,8.0,Av. Sensorial,PO,2026-08
Porangabussu,2026-08-26,Almoço,PB,Sobrecoxa com Gergelim,4.0,4.0,4.0,4.0,4.0,8.0,Av. Sensorial,PO,2026-08
Porangabussu,2026-08-26,Almoço,VEG,Moqueca Vegetariana,4.0,4.0,4.0,4.0,4.0,8.0,Av. Sensorial,PO,2026-08
Benfica,2026-08-26,Almoço,PV,Feijoada,4.0,4.0,4.0,4.0,4.0,8.0,Av. Sensorial,B,2026-08
Benfica,2026-08-26,Almoço,PB,Sobrecoxa com Gergelim,4.0,4.0,4.0,4.0,4.0,8.0,Av. Sensorial,B,2026-08
Benfica,2026-08-26,Almoço,VEG,Moqueca Vegetariana,3.0,4.0,4.0,4.0,4.0,7.4,Av. Sensorial,B,2026-08
Pici 2,2026-08-26,Almoço,PV,Feijoada,4.0,4.0,4.0,4.0,4.0,8.0,Av. Sensorial,P2,2026-08
Pici 2,2026-08-26,Almoço,PB,Sobrecoxa com Gergelim,4.0,4.0,4.0,4.0,4.0,8.0,Av. Sensorial,P2,2026-08
Pici 2,2026-08-26,Almoço,VEG,Moqueca Vegetariana,4.0,4.0,4.0,4.0,4.0,8.0,Av. Sensorial,P2,2026-08
Pici 1,2026-08-26,Jantar,PV,Isca de Carne ao M. Tomate,3.0,4.0,4.0,4.0,4.0,7.4,Av. Sensorial,P1,2026-08
Pici 1,2026-08-26,Jantar,PB,Cubos de Frango Acebolado,4.0,3.0,4.0,4.0,4.0,7.4,Av. Sensorial,P1,2026-08
Pici 1,2026-08-26,Jantar,VEG,Panqueca Vegana ao Molho Branco,4.0,4.0,4.0,4.0,4.0,8.0,Av. Sensorial,P1,2026-08
Benfica,2026-08-26,Almoço,PV,Feijoada,4.0,4.0,4.0,4.0,4.0,8.0,Av. Sensorial,B,2026-08
Benfica,2026-08-26,Almoço,PB,Sobrecoxa com Gergelim,4.0,4.0,4.0,4.0,4.0,8.0,Av. Sensorial,B,2026-08
Benfica,2026-08-26,Almoço,VEG,Moqueca Vegetariana,4.0,4.0,4.0,4.0,4.0,8.0,Av. Sensorial,B,2026-08
Benfica,2026-08-26,Jantar,PV,Isca de Carne ao M. Tomate,3.0,3.0,4.0,4.0,4.0,6.8,Av. Sensorial,B,2026-08
Benfica,2026-08-26,Jantar,PB,Cubos de Frango Acebolado,4.0,4.0,4.0,4.0,4.0,8.0,Av. Sensorial,B,2026-08
Benfica,2026-08-26,Jantar,VEG,Panqueca Vegana ao Molho Branco,4.0,4.0,4.0,4.0,4.0,8.0,Av. Sensorial,B,2026-08
Benfica,2026-08-26,Jantar,PV,Isca de Carne ao M. Tomate,3.0,3.0,3.0,4.0,3.0,6.2,Av. Sensorial,B,2026-08
Benfica,2026-08-26,Jantar,PB,Cubos de Frango Acebolado,2.0,2.0,3.0,4.0,3.0,5.0,Av. Sensorial,B,2026-08
Benfica,2026-08-26,Jantar,VEG,Panqueca Vegana ao Molho Branco,4.0,4.0,4.0,4.0,4.0,8.0,Av. Sensorial,B,2026-08
Benfica,2026-08-27,Café,ESPECIAL,Iogurte ,4.0,4.0,4.0,4.0,4.0,8.0,Av. Sensorial,B,2026-08
Benfica,2026-08-27,Café,ESPECIAL VEG,Similar a Iogurte Vegano,4.0,4.0,4.0,4.0,4.0,8.0,Av. Sensorial,B,2026-08
Pici 2,2026-08-27,Café,ESPECIAL,Iogurte ,4.0,4.0,4.0,4.0,4.0,8.0,Av. Sensorial,P2,2026-08
Pici 2,2026-08-27,Café,ESPECIAL VEG,Similar a Iogurte Vegano,4.0,4.0,4.0,4.0,4.0,8.0,Av. Sensorial,P2,2026-08
Benfica,2026-08-27,Almoço,PV,Carne Moída Refogada,4.0,4.0,4.0,4.0,4.0,8.0,Av. Sensorial,B,2026-08
Benfica,2026-08-27,Almoço,PB,Estrogonofe de Frango,4.0,4.0,4.0,4.0,4.0,8.0,Av. Sensorial,B,2026-08
Benfica,2026-08-27,Almoço,VEG,Refogado de Lentilha,3.0,4.0,4.0,4.0,4.0,7.4,Av. Sensorial,B,2026-08
Porangabussu,2026-08-27,Almoço,PV,Carne Moída Refogada,3.0,4.0,3.0,4.0,3.0,6.8,Av. Sensorial,PO,2026-08
Porangabussu,2026-08-27,Almoço,PB,Estrogonofe de Frango,4.0,4.0,4.0,4.0,4.0,8.0,Av. Sensorial,PO,2026-08
Porangabussu,2026-08-27,Almoço,VEG,Refogado de Lentilha,4.0,3.0,3.0,4.0,3.0,6.8,Av. Sensorial,PO,2026-08
Porangabussu,2026-08-27,Almoço,PV,Carne Moída Refogada,3.0,4.0,3.0,4.0,4.0,7.0,Av. Sensorial,PO,2026-08
Porangabussu,2026-08-27,Almoço,PB,Estrogonofe de Frango,4.0,4.0,4.0,4.0,4.0,8.0,Av. Sensorial,PO,2026-08
Porangabussu,2026-08-27,Almoço,VEG,Refogado de Lentilha,3.0,2.0,3.0,4.0,3.0,5.8,Av. Sensorial,PO,2026-08
Pici 1,2026-08-27,Almoço,PV,Carne Moída Refogada,4.0,4.0,4.0,4.0,4.0,8.0,Av. Sensorial,P1,2026-08
Pici 1,2026-08-27,Almoço,PB,Estrogonofe de Frango,4.0,4.0,4.0,4.0,4.0,8.0,Av. Sensorial,P1,2026-08
Pici 1,2026-08-27,Almoço,VEG,Refogado de Lentilha,4.0,4.0,4.0,4.0,4.0,8.0,Av. Sensorial,P1,2026-08
Pici 2,2026-08-27,Almoço,PV,Carne Moída Refogada,4.0,4.0,4.0,4.0,4.0,8.0,Av. Sensorial,P2,2026-08
Pici 2,2026-08-27,Almoço,PB,Estrogonofe de Frango,4.0,4.0,4.0,4.0,4.0,8.0,Av. Sensorial,P2,2026-08
Pici 2,2026-08-27,Almoço,VEG,Refogado de Lentilha,4.0,3.0,4.0,4.0,4.0,7.6,Av. Sensorial,P2,2026-08
Pici 2,2026-08-27,Almoço,PV,Carne Moída Refogada,4.0,4.0,4.0,4.0,4.0,8.0,Av. Sensorial,P2,2026-08
Pici 2,2026-08-27,Almoço,PB,Estrogonofe de Frango,4.0,4.0,4.0,4.0,4.0,8.0,Av. Sensorial,P2,2026-08
Pici 2,2026-08-27,Almoço,VEG,Refogado de Lentilha,4.0,4.0,4.0,4.0,4.0,8.0,Av. Sensorial,P2,2026-08
Pici 1,2026-08-27,Jantar,PV,Cubos de Carne ao M. Madeira,3.0,3.0,4.0,4.0,4.0,6.8,Av. Sensorial,P1,2026-08
Pici 1,2026-08-27,Jantar,PB,Peixe à Delícia,4.0,4.0,4.0,4.0,4.0,8.0,Av. Sensorial,P1,2026-08
Pici 1,2026-08-27,Jantar,VEG,Suflê de Legumes,4.0,4.0,4.0,4.0,4.0,8.0,Av. Sensorial,P1,2026-08
Benfica,2026-08-27,Almoço,PV,Carne Moída Refogada,4.0,4.0,4.0,4.0,4.0,8.0,Av. Sensorial,B,2026-08
Benfica,2026-08-27,Almoço,PB,Estrogonofe de Frango,4.0,4.0,4.0,4.0,4.0,8.0,Av. Sensorial,B,2026-08
Benfica,2026-08-27,Almoço,VEG,Refogado de Lentilha,4.0,4.0,4.0,4.0,4.0,8.0,Av. Sensorial,B,2026-08
Benfica,2026-08-27,Almoço,PV,Carne Moída Refogada,3.0,4.0,4.0,4.0,4.0,7.4,Av. Sensorial,B,2026-08
Benfica,2026-08-27,Almoço,PB,Estrogonofe de Frango,4.0,3.0,4.0,4.0,4.0,7.4,Av. Sensorial,B,2026-08
Benfica,2026-08-27,Almoço,VEG,Refogado de Lentilha,4.0,4.0,4.0,4.0,4.0,8.0,Av. Sensorial,B,2026-08
Benfica,2026-08-27,Jantar,PV,Cubos de Carne ao M. Madeira,3.0,3.0,3.0,4.0,3.0,6.2,Av. Sensorial,B,2026-08
Benfica,2026-08-27,Jantar,PB,Peixe à Delícia,4.0,4.0,4.0,4.0,4.0,8.0,Av. Sensorial,B,2026-08
Benfica,2026-08-27,Jantar,VEG,Suflê de Legumes,4.0,4.0,4.0,4.0,4.0,8.0,Av. Sensorial,B,2026-08
Pici 1,2026-08-27,Almoço,PV,Carne Moída Refogada,4.0,4.0,4.0,4.0,4.0,8.0,Av. Sensorial,P1,2026-08
Pici 1,2026-08-27,Almoço,PB,Estrogonofe de Frango,4.0,4.0,4.0,4.0,4.0,8.0,Av. Sensorial,P1,2026-08
Pici 1,2026-08-27,Almoço,VEG,Refogado de Lentilha,4.0,4.0,3.0,4.0,4.0,7.4,Av. Sensorial,P1,2026-08
Pici 2,2026-08-28,Café,ESPECIAL,Frango Desfiado,4.0,4.0,4.0,4.0,4.0,8.0,Av. Sensorial,P2,2026-08
Pici 2,2026-08-28,Café,ESPECIAL VEG,Geleia,4.0,4.0,4.0,4.0,4.0,8.0,Av. Sensorial,P2,2026-08
Pici 2,2026-08-28,Almoço,PV,Isca de Fígado ao Molho,4.0,4.0,4.0,4.0,4.0,8.0,Av. Sensorial,P2,2026-08
Pici 2,2026-08-28,Almoço,PB,Cubos de Frango Acebolado,4.0,4.0,4.0,4.0,4.0,8.0,Av. Sensorial,P2,2026-08
Pici 2,2026-08-28,Almoço,VEG,Assado de Grão de Bico com Legumes,4.0,4.0,4.0,4.0,4.0,8.0,Av. Sensorial,P2,2026-08
Labomar,2026-08-27,Almoço,PV,Carne Moída Refogada,4.0,4.0,4.0,4.0,4.0,8.0,Av. Sensorial,L,2026-08
Labomar,2026-08-27,Almoço,PB,Estrogonofe de Frango,4.0,4.0,4.0,4.0,4.0,8.0,Av. Sensorial,L,2026-08
Labomar,2026-08-27,Almoço,VEG,Refogado de Lentilha,4.0,4.0,4.0,4.0,4.0,8.0,Av. Sensorial,L,2026-08
Labomar,2026-08-28,Almoço,PV,Isca de Fígado ao Molho,4.0,4.0,4.0,4.0,4.0,8.0,Av. Sensorial,L,2026-08
Labomar,2026-08-28,Almoço,PB,Cubos de Frango Acebolado,3.0,4.0,3.0,4.0,4.0,7.0,Av. Sensorial,L,2026-08
Labomar,2026-08-28,Almoço,VEG,Assado de Grão de Bico com Legumes,4.0,4.0,4.0,4.0,4.0,8.0,Av. Sensorial,L,2026-08
Pici 2,2026-08-28,Almoço,PV,Isca de Fígado ao Molho,4.0,4.0,4.0,4.0,4.0,8.0,Av. Sensorial,P2,2026-08
Pici 2,2026-08-28,Almoço,PB,Cubos de Frango Acebolado,4.0,4.0,4.0,4.0,4.0,8.0,Av. Sensorial,P2,2026-08
Pici 2,2026-08-28,Almoço,VEG,Assado de Grão de Bico com Legumes,4.0,4.0,4.0,4.0,4.0,8.0,Av. Sensorial,P2,2026-08
Pici 1,2026-08-28,Almoço,PV,Isca de Fígado ao Molho,4.0,4.0,4.0,4.0,4.0,8.0,Av. Sensorial,P1,2026-08
Pici 1,2026-08-28,Almoço,PB,Cubos de Frango Acebolado,3.0,4.0,3.0,4.0,3.0,6.8,Av. Sensorial,P1,2026-08
Pici 1,2026-08-28,Almoço,VEG,Assado de Grão de Bico com Legumes,4.0,4.0,4.0,4.0,4.0,8.0,Av. Sensorial,P1,2026-08
Benfica,2026-08-28,Almoço,PV,Isca de Fígado ao Molho,3.0,3.0,3.0,4.0,3.0,6.2,Av. Sensorial,B,2026-08
Benfica,2026-08-28,Almoço,PB,Cubos de Frango Acebolado,3.0,4.0,4.0,4.0,4.0,7.4,Av. Sensorial,B,2026-08
Benfica,2026-08-28,Almoço,VEG,Assado de Grão de Bico com Legumes,3.0,4.0,4.0,,,5.8,Av. Sensorial,B,2026-08
Pici 1,2026-08-28,Almoço,PV,Isca de Fígado ao Molho,4.0,4.0,4.0,4.0,4.0,8.0,Av. Sensorial,P1,2026-08
Pici 1,2026-08-28,Almoço,PB,Cubos de Frango Acebolado,3.0,3.0,3.0,4.0,3.0,6.2,Av. Sensorial,P1,2026-08
Pici 1,2026-08-28,Almoço,VEG,Assado de Grão de Bico com Legumes,4.0,4.0,4.0,4.0,4.0,8.0,Av. Sensorial,P1,2026-08
Pici 1,2026-08-28,Jantar,PV,Escondidinho de Carne,4.0,4.0,4.0,4.0,4.0,8.0,Av. Sensorial,P1,2026-08
Pici 1,2026-08-28,Jantar,PB,Cubos de Frango ao M. Escuro,4.0,4.0,4.0,4.0,4.0,8.0,Av. Sensorial,P1,2026-08
Pici 1,2026-08-28,Jantar,VEG,Torta de Legumes,4.0,4.0,4.0,4.0,4.0,8.0,Av. Sensorial,P1,2026-08
Benfica,2026-08-28,Almoço,PV,Isca de Fígado ao Molho,4.0,4.0,4.0,4.0,4.0,8.0,Av. Sensorial,B,2026-08
Benfica,2026-08-28,Almoço,PB,Cubos de Frango Acebolado,3.0,3.0,3.0,4.0,4.0,6.4,Av. Sensorial,B,2026-08
Benfica,2026-08-28,Almoço,VEG,Assado de Grão de Bico com Legumes,4.0,4.0,4.0,4.0,4.0,8.0,Av. Sensorial,B,2026-08
Benfica,2026-08-28,Jantar,PV,Escondidinho de Carne,4.0,4.0,4.0,4.0,4.0,8.0,Av. Sensorial,B,2026-08
Benfica,2026-08-28,Jantar,PB,Cubos de Frango ao M. Escuro,4.0,4.0,4.0,4.0,4.0,8.0,Av. Sensorial,B,2026-08
Benfica,2026-08-28,Jantar,VEG,Torta de Legumes,4.0,4.0,4.0,4.0,4.0,8.0,Av. Sensorial,B,2026-08
Benfica,2026-08-31,Café,ESPECIAL,Mingau ,4.0,4.0,4.0,4.0,4.0,8.0,Av. Sensorial,B,2026-08
Benfica,2026-08-31,Café,ESPECIAL VEG,Achocolatado vegano ,4.0,4.0,4.0,4.0,4.0,8.0,Av. Sensorial,B,2026-08
Pici 2,2026-08-31,Café,ESPECIAL,Mingau ,4.0,4.0,4.0,4.0,4.0,8.0,Av. Sensorial,P2,2026-08
Pici 2,2026-08-31,Café,ESPECIAL VEG,Achocolatado vegano ,4.0,4.0,4.0,4.0,4.0,8.0,Av. Sensorial,P2,2026-08
Pici 2,2026-08-31,Almoço,PV,Estrogonofe de Carne,4.0,4.0,4.0,4.0,4.0,8.0,Av. Sensorial,P2,2026-08
Pici 2,2026-08-31,Almoço,PB,Sobrecoxa Assada,4.0,4.0,4.0,4.0,4.0,8.0,Av. Sensorial,P2,2026-08
Pici 2,2026-08-31,Almoço,VEG,Risoto de Lentilha,4.0,4.0,4.0,4.0,4.0,8.0,Av. Sensorial,P2,2026-08
Labomar,2026-08-31,Almoço,PV,Estrogonofe de Carne,4.0,4.0,4.0,4.0,4.0,8.0,Av. Sensorial,L,2026-08
Labomar,2026-08-31,Almoço,PB,Sobrecoxa Assada,4.0,4.0,4.0,4.0,4.0,8.0,Av. Sensorial,L,2026-08
Labomar,2026-08-31,Almoço,VEG,Risoto de Lentilha,4.0,4.0,4.0,4.0,4.0,8.0,Av. Sensorial,L,2026-08
Pici 2,2026-08-31,Almoço,PB,Sobrecoxa Assada,4.0,4.0,4.0,4.0,4.0,8.0,Av. Sensorial,P2,2026-08
Pici 1,2026-08-31,Almoço,PV,Estrogonofe de Carne,4.0,4.0,4.0,4.0,4.0,8.0,Av. Sensorial,P1,2026-08
Pici 1,2026-08-31,Almoço,PB,Sobrecoxa Assada,4.0,4.0,4.0,4.0,4.0,8.0,Av. Sensorial,P1,2026-08
Pici 1,2026-08-31,Almoço,VEG,Risoto de Lentilha,4.0,4.0,4.0,4.0,4.0,8.0,Av. Sensorial,P1,2026-08
Porangabussu,2026-08-28,Almoço,PV,Isca de Fígado ao Molho,4.0,4.0,4.0,4.0,4.0,8.0,Av. Sensorial,PO,2026-08
Porangabussu,2026-08-28,Almoço,PB,Cubos de Frango Acebolado,4.0,4.0,4.0,4.0,4.0,8.0,Av. Sensorial,PO,2026-08
Porangabussu,2026-08-28,Almoço,VEG,Assado de Grão de Bico com Legumes,4.0,4.0,4.0,4.0,4.0,8.0,Av. Sensorial,PO,2026-08
Porangabussu,2026-08-31,Almoço,PV,Estrogonofe de Carne,4.0,4.0,4.0,4.0,4.0,8.0,Av. Sensorial,PO,2026-08
Porangabussu,2026-08-31,Almoço,PB,Sobrecoxa Assada,4.0,4.0,4.0,4.0,4.0,8.0,Av. Sensorial,PO,2026-08
Porangabussu,2026-08-31,Almoço,VEG,Risoto de Lentilha,4.0,4.0,4.0,4.0,4.0,8.0,Av. Sensorial,PO,2026-08
Porangabussu,2026-08-31,Almoço,PV,Estrogonofe de Carne,4.0,4.0,4.0,4.0,4.0,8.0,Av. Sensorial,PO,2026-08
Porangabussu,2026-08-31,Almoço,PB,Sobrecoxa Assada,4.0,4.0,4.0,4.0,4.0,8.0,Av. Sensorial,PO,2026-08
Porangabussu,2026-08-31,Almoço,VEG,Risoto de Lentilha,4.0,3.0,3.0,4.0,3.0,6.8,Av. Sensorial,PO,2026-08
Pici 1,2026-08-31,Almoço,PV,Estrogonofe de Carne,4.0,4.0,4.0,4.0,4.0,8.0,Av. Sensorial,P1,2026-08
Pici 1,2026-08-31,Almoço,PB,Sobrecoxa Assada,4.0,4.0,4.0,4.0,4.0,8.0,Av. Sensorial,P1,2026-08
Pici 1,2026-08-31,Almoço,VEG,Risoto de Lentilha,4.0,4.0,4.0,4.0,4.0,8.0,Av. Sensorial,P1,2026-08
Benfica,2026-08-31,Almoço,PV,Estrogonofe de Carne,4.0,4.0,4.0,4.0,4.0,8.0,Av. Sensorial,B,2026-08
Benfica,2026-08-31,Almoço,PB,Sobrecoxa Assada,4.0,4.0,4.0,4.0,4.0,8.0,Av. Sensorial,B,2026-08
Benfica,2026-08-31,Almoço,VEG,Risoto de Lentilha,4.0,4.0,4.0,4.0,4.0,8.0,Av. Sensorial,B,2026-08
Pici 1,2026-08-31,Jantar,PV,Picadinho com Legumes,3.0,4.0,4.0,4.0,4.0,7.4,Av. Sensorial,P1,2026-08
Pici 1,2026-08-31,Jantar,PB,Frango Xadrez,4.0,4.0,4.0,4.0,4.0,8.0,Av. Sensorial,P1,2026-08
Pici 1,2026-08-31,Jantar,VEG,Rocambole de Grão de Bico,4.0,4.0,4.0,4.0,4.0,8.0,Av. Sensorial,P1,2026-08
Benfica,2026-08-31,Almoço,PV,Estrogonofe de Carne,4.0,4.0,4.0,4.0,4.0,8.0,Av. Sensorial,B,2026-08
Benfica,2026-08-31,Almoço,PB,Sobrecoxa Assada,4.0,4.0,4.0,4.0,4.0,8.0,Av. Sensorial,B,2026-08
Benfica,2026-08-31,Almoço,VEG,Risoto de Lentilha,4.0,4.0,4.0,4.0,4.0,8.0,Av. Sensorial,B,2026-08
Benfica,2026-08-31,Jantar,PV,Picadinho com Legumes,3.0,4.0,4.0,4.0,4.0,7.4,Av. Sensorial,B,2026-08
Benfica,2026-08-31,Jantar,PB,Frango Xadrez,4.0,4.0,4.0,4.0,4.0,8.0,Av. Sensorial,B,2026-08
Benfica,2026-08-31,Jantar,VEG,Rocambole de Grão de Bico,4.0,4.0,4.0,4.0,4.0,8.0,Av. Sensorial,B,2026-08
Benfica,2026-08-31,Jantar,PV,Picadinho com Legumes,4.0,3.0,4.0,4.0,4.0,7.4,Av. Sensorial,B,2026-08
Benfica,2026-08-31,Jantar,PB,Frango Xadrez,4.0,4.0,4.0,4.0,4.0,8.0,Av. Sensorial,B,2026-08
Benfica,2026-08-31,Jantar,VEG,Rocambole de Grão de Bico,4.0,4.0,3.0,4.0,4.0,7.4,Av. Sensorial,B,2026-08
Benfica,2026-09-01,Café,ESPECIAL,Queijo ,,,,,,0.0,Av. Sensorial,B,2026-09
Benfica,2026-09-01,Café,ESPECIAL VEG,Granola,,,,,,0.0,Av. Sensorial,B,2026-09
Pici 2,2026-09-01,Café,ESPECIAL,Queijo ,4.0,4.0,4.0,4.0,4.0,8.0,Av. Sensorial,P2,2026-09
Pici 2,2026-09-01,Café,ESPECIAL VEG,Granola,4.0,4.0,4.0,4.0,4.0,8.0,Av. Sensorial,P2,2026-09
Pici 2,2026-09-01,Café,ESPECIAL,Queijo ,4.0,4.0,4.0,4.0,4.0,8.0,Av. Sensorial,P2,2026-09
Pici 2,2026-09-01,Almoço,PV,Cubos Suíno ao molho barbecue,4.0,4.0,4.0,4.0,4.0,8.0,Av. Sensorial,P2,2026-09
Pici 2,2026-09-01,Almoço,PB,Isca de Frango Acebolado,4.0,4.0,4.0,4.0,4.0,8.0,Av. Sensorial,P2,2026-09
Pici 2,2026-09-01,Almoço,VEG,Soja Nordestina,4.0,4.0,4.0,4.0,4.0,8.0,Av. Sensorial,P2,2026-09
Pici 1,2026-09-01,Almoço,PV,Cubos Suíno ao molho barbecue,3.0,4.0,4.0,4.0,4.0,7.4,Av. Sensorial,P1,2026-09
Pici 1,2026-09-01,Almoço,PB,Isca de Frango Acebolado,4.0,4.0,4.0,4.0,4.0,8.0,Av. Sensorial,P1,2026-09
Pici 1,2026-09-01,Almoço,VEG,Soja Nordestina,4.0,4.0,4.0,4.0,4.0,8.0,Av. Sensorial,P1,2026-09
Pici 1,2026-09-01,Almoço,PV,Cubos Suíno ao molho barbecue,3.0,4.0,4.0,4.0,4.0,7.4,Av. Sensorial,P1,2026-09
Pici 1,2026-09-01,Almoço,PB,Isca de Frango Acebolado,4.0,4.0,4.0,4.0,4.0,8.0,Av. Sensorial,P1,2026-09
Pici 1,2026-09-01,Almoço,VEG,Soja Nordestina,4.0,4.0,4.0,4.0,4.0,8.0,Av. Sensorial,P1,2026-09
Porangabussu,2026-09-01,Almoço,PV,Cubos Suíno ao molho barbecue,,,,,,0.0,Av. Sensorial,PO,2026-09
Porangabussu,2026-09-01,Almoço,PB,Isca de Frango Acebolado,,,,,,0.0,Av. Sensorial,PO,2026-09
Porangabussu,2026-09-01,Almoço,VEG,Soja Nordestina,,,,,,0.0,Av. Sensorial,PO,2026-09
Porangabussu,2026-09-01,Almoço,PV,Cubos Suíno ao molho barbecue,3.0,4.0,4.0,4.0,4.0,7.4,Av. Sensorial,PO,2026-09
Porangabussu,2026-09-01,Almoço,PB,Isca de Frango Acebolado,3.0,3.0,3.0,4.0,3.0,6.2,Av. Sensorial,PO,2026-09
Porangabussu,2026-09-01,Almoço,VEG,Soja Nordestina,4.0,4.0,3.0,4.0,4.0,7.4,Av. Sensorial,PO,2026-09
Pici 2,2026-09-01,Almoço,PV,Cubos Suíno ao molho barbecue,4.0,4.0,4.0,4.0,4.0,8.0,Av. Sensorial,P2,2026-09
Pici 2,2026-09-01,Almoço,PB,Isca de Frango Acebolado,4.0,4.0,4.0,4.0,4.0,8.0,Av. Sensorial,P2,2026-09
Pici 2,2026-09-01,Almoço,VEG,Soja Nordestina,4.0,4.0,4.0,4.0,4.0,8.0,Av. Sensorial,P2,2026-09
Benfica,2026-09-01,Almoço,PV,Cubos Suíno ao molho barbecue,3.0,3.0,1.0,3.0,3.0,5.2,Av. Sensorial,B,2026-09
Benfica,2026-09-01,Almoço,PB,Isca de Frango Acebolado,4.0,4.0,4.0,4.0,4.0,8.0,Av. Sensorial,B,2026-09
Benfica,2026-09-01,Almoço,VEG,Soja Nordestina,4.0,4.0,4.0,4.0,4.0,8.0,Av. Sensorial,B,2026-09
Benfica,2026-09-01,Almoço,PV,Cubos Suíno ao molho barbecue,3.0,3.0,2.0,4.0,4.0,6.0,Av. Sensorial,B,2026-09
Benfica,2026-09-01,Almoço,PB,Isca de Frango Acebolado,4.0,4.0,3.0,4.0,4.0,7.6,Av. Sensorial,B,2026-09
Benfica,2026-09-01,Almoço,VEG,Soja Nordestina,4.0,4.0,4.0,4.0,4.0,8.0,Av. Sensorial,B,2026-09
Benfica,2026-09-01,Jantar,PV,Carne Moída Refogada,4.0,4.0,4.0,4.0,4.0,8.0,Av. Sensorial,B,2026-09
Benfica,2026-09-01,Jantar,PB,Sobrecoxa ao M. de Legumes,4.0,4.0,4.0,4.0,4.0,8.0,Av. Sensorial,B,2026-09
Benfica,2026-09-01,Jantar,VEG,Bobó de Legumes,4.0,4.0,4.0,4.0,4.0,8.0,Av. Sensorial,B,2026-09
Pici 2,2026-09-02,Café,ESPECIAL,Ovos Mexidos,4.0,4.0,4.0,4.0,4.0,8.0,Av. Sensorial,P2,2026-09
Pici 1,2026-09-01,Jantar,PV,Carne Moída Refogada,4.0,4.0,4.0,4.0,4.0,8.0,Av. Sensorial,P1,2026-09
Pici 1,2026-09-01,Jantar,PB,Sobrecoxa ao M. de Legumes,4.0,4.0,4.0,4.0,4.0,8.0,Av. Sensorial,P1,2026-09
Pici 1,2026-09-01,Jantar,VEG,Bobó de Legumes,4.0,4.0,4.0,4.0,4.0,8.0,Av. Sensorial,P1,2026-09
Pici 1,2026-09-02,Almoço,PV,Feijoada,4.0,4.0,4.0,4.0,4.0,8.0,Av. Sensorial,P1,2026-09
Pici 1,2026-09-02,Almoço,PB,Sobrecoxa Assada,4.0,4.0,4.0,4.0,4.0,8.0,Av. Sensorial,P1,2026-09
Pici 1,2026-09-02,Almoço,VEG,Feijoada Vegetariana,3.0,3.0,4.0,4.0,3.0,6.8,Av. Sensorial,P1,2026-09
Pici 2,2026-09-02,Almoço,PV,Feijoada,4.0,4.0,4.0,4.0,4.0,8.0,Av. Sensorial,P2,2026-09
Pici 2,2026-09-02,Almoço,PB,Sobrecoxa Assada,4.0,4.0,4.0,4.0,4.0,8.0,Av. Sensorial,P2,2026-09
Pici 2,2026-09-02,Almoço,VEG,Feijoada Vegetariana,4.0,4.0,4.0,4.0,4.0,8.0,Av. Sensorial,P2,2026-09
Pici 2,2026-09-02,Café,ESPECIAL,Ovos Mexidos,4.0,4.0,4.0,4.0,4.0,8.0,Av. Sensorial,P2,2026-09
Pici 2,2026-09-02,Café,ESPECIAL VEG,Pasta de Amendoim,4.0,4.0,4.0,4.0,4.0,8.0,Av. Sensorial,P2,2026-09
Pici 2,2026-09-02,Almoço,PV,Feijoada,4.0,,,,,2.4,Av. Sensorial,P2,2026-09
Pici 2,2026-09-02,Almoço,PB,Sobrecoxa Assada,,,,,,0.0,Av. Sensorial,P2,2026-09
Pici 2,2026-09-02,Almoço,VEG,Feijoada Vegetariana,,,,,,0.0,Av. Sensorial,P2,2026-09
